Date,Campaign,Campaign Type,Creative Format,Region,Country,Impressions,Clicks,CTR,Frequency,Reach,Spends,CPC,CPM,Views,Completion Rate,CPCV,CPS,Conversions,Revenue,ROAS,Viewability
7-Oct-25,DanubeH_Awareness_Abu DhabiDhabi_Display_HTML_GARDEN_Oct25,Awareness,HTML,Abu Dhabi,United Arab Emirates,"89,423",465,0.52%,2.88,"31,050",625.96,1.35,7,,,,,,,,90.62%
7-Oct-25,DanubeH_Awareness_RAK_Display_HTML_GARDEN_Oct25,Awareness,HTML,Ras Al Khaimah,United Arab Emirates,"4,651",20,0.43%,2.91,"1,598",32.56,1.63,7,,,,,,,,91.11%
7-Oct-25,DanubeH_Awareness_Fujairah_Display-HTML_GARDEN_Oct25,Awareness,HTML,Fujairah,United Arab Emirates,"6,098",25,0.41%,2.89,"2,110",42.69,1.71,7,,,,,,,,89.15%
7-Oct-25,DanubeH_Awareness_UAQ-Display_HTML_GARDEN_Oct25,Awareness,HTML,Umm Al Quwain,United Arab Emirates,"4,474",17,0.38%,2.93,"1,527",31.32,1.84,7,,,,,,,,90.06%
7-Oct-25,DanubeH_Awareness_Ajman_Display_HTML_GARDEN_Oct25,Awareness,HTML,Ajman,United Arab Emirates,"22,500",108,0.48%,2.96,"7,601",157.5,1.46,7,,,,,,,,91.94%
7-Oct-25,DanubeH_Awareness_Abu DhabiDhabi_Display_CaRest Of United Arab Emiratessel_GARDEN_Oct25,Awareness,Carousel,Abu Dhabi,United Arab Emirates,"5,122",21,0.41%,2.98,"1,719",35.85,1.71,7,,,,,,,,89.76%
7-Oct-25,DanubeH_Awareness_RAK_Display_CaRest Of United Arab Emiratessel_GARDEN_Oct25,Awareness,Carousel,Ras Al Khaimah,United Arab Emirates,0,0,0,#DIV/0!,0,0,0,0,,,,,,,,90.84%
7-Oct-25,DanubeH_Awareness_Fujairah_Display-CaRest Of United Arab Emiratessel_GARDEN_Oct25,Awareness,Carousel,Fujairah,United Arab Emirates,0,0,0,#DIV/0!,0,0,0,0,,,,,,,,89.83%
7-Oct-25,DanubeH_Awareness_UAQ-Display_CaRest Of United Arab Emiratessel_GARDEN_Oct25,Awareness,Carousel,Umm Al Quwain,United Arab Emirates,0,0,0,#DIV/0!,0,0,0,0,,,,,,,,91.06%
7-Oct-25,DanubeH_Awareness_Ajman_Display_CaRest Of United Arab Emiratessel_GARDEN_Oct25,Awareness,Carousel,Ajman,United Arab Emirates,"1,429",6,0.42%,2.97,481,10,1.67,7,,,,,,,,91.44%
8-Oct-25,DanubeH_Awareness_Abu DhabiDhabi_Display_HTML_GARDEN_Oct25,Awareness,HTML,Abu Dhabi,United Arab Emirates,"55,294",302,0.55%,2.96,"18,681",387.06,1.28,7,,,,,,,,89.75%
8-Oct-25,DanubeH_Awareness_RAK_Display_HTML_GARDEN_Oct25,Awareness,HTML,Ras Al Khaimah,United Arab Emirates,"14,419",62,0.43%,2.96,"4,866",100.93,1.63,7,,,,,,,,90.19%
8-Oct-25,DanubeH_Awareness_Fujairah_Display-HTML_GARDEN_Oct25,Awareness,HTML,Fujairah,United Arab Emirates,"13,902",57,0.41%,3.01,"4,624",97.31,1.71,7,,,,,,,,91.13%
8-Oct-25,DanubeH_Awareness_UAQ-Display_HTML_GARDEN_Oct25,Awareness,HTML,Umm Al Quwain,United Arab Emirates,"7,894",30,0.38%,2.91,"2,709",55.26,1.84,7,,,,,,,,90.09%
8-Oct-25,DanubeH_Awareness_Ajman_Display_HTML_GARDEN_Oct25,Awareness,HTML,Ajman,United Arab Emirates,"9,792",47,0.48%,3.03,"3,235",68.54,1.46,7,,,,,,,,91.38%
8-Oct-25,DanubeH_Awareness_Abu DhabiDhabi_Display_CaRest Of United Arab Emiratessel_GARDEN_Oct25,Awareness,Carousel,Abu Dhabi,United Arab Emirates,"13,688",58,0.42%,2.99,"4,572",95.82,1.65,7,,,,,,,,91.48%
8-Oct-25,DanubeH_Awareness_RAK_Display_CaRest Of United Arab Emiratessel_GARDEN_Oct25,Awareness,Carousel,Ras Al Khaimah,United Arab Emirates,769,3,0.39%,2.96,260,5.38,1.79,7,,,,,,,,90.94%
8-Oct-25,DanubeH_Awareness_Fujairah_Display-CaRest Of United Arab Emiratessel_GARDEN_Oct25,Awareness,Carousel,Fujairah,United Arab Emirates,"1,667",7,0.42%,2.93,569,11.67,1.67,7,,,,,,,,91.35%
8-Oct-25,DanubeH_Awareness_UAQ-Display_CaRest Of United Arab Emiratessel_GARDEN_Oct25,Awareness,Carousel,Umm Al Quwain,United Arab Emirates,"1,000",4,0.40%,2.98,336,7,1.75,7,,,,,,,,91.03%
8-Oct-25,DanubeH_Awareness_Ajman_Display_CaRest Of United Arab Emiratessel_GARDEN_Oct25,Awareness,Carousel,Ajman,United Arab Emirates,"2,524",11,0.44%,2.88,877,17.67,1.61,7,,,,,,,,90.15%
9-Oct-25,DanubeH_Awareness_Abu DhabiDhabi_Display_HTML_GARDEN_Oct25,Awareness,HTML,Abu Dhabi,United Arab Emirates,"62,690",353,0.56%,3.12,"20,103",438.83,1.24,7,,,,,,,,89.99%
9-Oct-25,DanubeH_Awareness_RAK_Display_HTML_GARDEN_Oct25,Awareness,HTML,Ras Al Khaimah,United Arab Emirates,"5,116",22,0.43%,2.81,"1,819",35.81,1.63,7,,,,,,,,90.61%
9-Oct-25,DanubeH_Awareness_Fujairah_Display-HTML_GARDEN_Oct25,Awareness,HTML,Fujairah,United Arab Emirates,"8,810",39,0.44%,3.04,"2,901",61.67,1.58,7,,,,,,,,91.92%
9-Oct-25,DanubeH_Awareness_UAQ-Display_HTML_GARDEN_Oct25,Awareness,HTML,Umm Al Quwain,United Arab Emirates,"7,882",34,0.43%,2.95,"2,675",55.17,1.62,7,,,,,,,,89.75%
9-Oct-25,DanubeH_Awareness_Ajman_Display_HTML_GARDEN_Oct25,Awareness,HTML,Ajman,United Arab Emirates,"5,208",25,0.48%,2.84,"1,833",36.46,1.46,7,,,,,,,,90.74%
9-Oct-25,DanubeH_Awareness_Abu DhabiDhabi_Display_CaRest Of United Arab Emiratessel_GARDEN_Oct25,Awareness,Carousel,Abu Dhabi,United Arab Emirates,"19,826",91,0.46%,2.86,"6,941",138.78,1.53,7,,,,,,,,91.77%
9-Oct-25,DanubeH_Awareness_RAK_Display_CaRest Of United Arab Emiratessel_GARDEN_Oct25,Awareness,Carousel,Ras Al Khaimah,United Arab Emirates,"1,795",7,0.39%,3.00,598,12.57,1.8,7,,,,,,,,89.96%
9-Oct-25,DanubeH_Awareness_Fujairah_Display-CaRest Of United Arab Emiratessel_GARDEN_Oct25,Awareness,Carousel,Fujairah,United Arab Emirates,476,2,0.42%,2.98,160,3.33,1.67,7,,,,,,,,91.50%
9-Oct-25,DanubeH_Awareness_UAQ-Display_CaRest Of United Arab Emiratessel_GARDEN_Oct25,Awareness,Carousel,Umm Al Quwain,United Arab Emirates,"1,750",7,0.40%,2.98,587,12.25,1.75,7,,,,,,,,89.47%
9-Oct-25,DanubeH_Awareness_Ajman_Display_CaRest Of United Arab Emiratessel_GARDEN_Oct25,Awareness,Carousel,Ajman,United Arab Emirates,"6,745",29,0.43%,3.01,"2,244",47.22,1.63,7,,,,,,,,89.52%
10-Oct-25,DanubeH_Awareness_Abu DhabiDhabi_Display_HTML_GARDEN_Oct25,Awareness,HTML,Abu Dhabi,United Arab Emirates,"115,391",756,0.66%,2.95,"39,116",807.74,1.07,7,,,,,,,,91.15%
10-Oct-25,DanubeH_Awareness_RAK_Display_HTML_GARDEN_Oct25,Awareness,HTML,Ras Al Khaimah,United Arab Emirates,"5,798",32,0.55%,2.94,"1,972",40.59,1.27,7,,,,,,,,91.81%
10-Oct-25,DanubeH_Awareness_Fujairah_Display-HTML_GARDEN_Oct25,Awareness,HTML,Fujairah,United Arab Emirates,"16,024",66,0.41%,2.97,"5,395",112.17,1.7,7,,,,,,,,90.12%
10-Oct-25,DanubeH_Awareness_UAQ-Display_HTML_GARDEN_Oct25,Awareness,HTML,Umm Al Quwain,United Arab Emirates,"7,297",29,0.40%,2.98,"2,449",51.08,1.76,7,,,,,,,,89.04%
10-Oct-25,DanubeH_Awareness_Ajman_Display_HTML_GARDEN_Oct25,Awareness,HTML,Ajman,United Arab Emirates,"6,105",35,0.57%,3.05,"2,002",42.74,1.22,7,,,,,,,,90.11%
10-Oct-25,DanubeH_Awareness_Abu DhabiDhabi_Display_CaRest Of United Arab Emiratessel_GARDEN_Oct25,Awareness,Carousel,Abu Dhabi,United Arab Emirates,"55,802",348,0.62%,2.95,"18,916",390.61,1.12,7,,,,,,,,90.04%
10-Oct-25,DanubeH_Awareness_RAK_Display_CaRest Of United Arab Emiratessel_GARDEN_Oct25,Awareness,Carousel,Ras Al Khaimah,United Arab Emirates,"3,294",17,0.52%,2.94,"1,120",23.06,1.36,7,,,,,,,,91.95%
10-Oct-25,DanubeH_Awareness_Fujairah_Display-CaRest Of United Arab Emiratessel_GARDEN_Oct25,Awareness,Carousel,Fujairah,United Arab Emirates,"5,555",23,0.41%,2.97,"1,870",38.89,1.69,7,,,,,,,,89.33%
10-Oct-25,DanubeH_Awareness_UAQ-Display_CaRest Of United Arab Emiratessel_GARDEN_Oct25,Awareness,Carousel,Umm Al Quwain,United Arab Emirates,"1,983",7,0.35%,2.89,686,13.88,1.98,7,,,,,,,,91.93%
10-Oct-25,DanubeH_Awareness_Ajman_Display_CaRest Of United Arab Emiratessel_GARDEN_Oct25,Awareness,Carousel,Ajman,United Arab Emirates,"11,667",66,0.57%,2.91,"4,009",81.67,1.24,7,,,,,,,,89.83%
11-Oct-25,DanubeH_Awareness_Abu DhabiDhabi_Display_HTML_GARDEN_Oct25,Awareness,HTML,Abu Dhabi,United Arab Emirates,"80,965",541,0.67%,2.95,"27,446",566.76,1.05,7,,,,,,,,90.84%
11-Oct-25,DanubeH_Awareness_RAK_Display_HTML_GARDEN_Oct25,Awareness,HTML,Ras Al Khaimah,United Arab Emirates,"6,419",25,0.39%,2.94,"2,183",44.93,1.8,7,,,,,,,,91.79%
11-Oct-25,DanubeH_Awareness_Fujairah_Display-HTML_GARDEN_Oct25,Awareness,HTML,Fujairah,United Arab Emirates,"12,089",57,0.47%,2.97,"4,070",84.62,1.48,7,,,,,,,,90.17%
11-Oct-25,DanubeH_Awareness_UAQ-Display_HTML_GARDEN_Oct25,Awareness,HTML,Umm Al Quwain,United Arab Emirates,"8,764",40,0.46%,2.98,"2,941",61.35,1.53,7,,,,,,,,91.66%
11-Oct-25,DanubeH_Awareness_Ajman_Display_HTML_GARDEN_Oct25,Awareness,HTML,Ajman,United Arab Emirates,"6,875",36,0.52%,3.05,"2,254",48.13,1.34,7,,,,,,,,90.77%
11-Oct-25,DanubeH_Awareness_Abu DhabiDhabi_Display_CaRest Of United Arab Emiratessel_GARDEN_Oct25,Awareness,Carousel,Abu Dhabi,United Arab Emirates,"38,856",235,0.60%,2.95,"13,172",271.99,1.16,7,,,,,,,,90.09%
11-Oct-25,DanubeH_Awareness_RAK_Display_CaRest Of United Arab Emiratessel_GARDEN_Oct25,Awareness,Carousel,Ras Al Khaimah,United Arab Emirates,"3,715",14,0.38%,2.94,"1,264",26.01,1.86,7,,,,,,,,89.44%
11-Oct-25,DanubeH_Awareness_Fujairah_Display-CaRest Of United Arab Emiratessel_GARDEN_Oct25,Awareness,Carousel,Fujairah,United Arab Emirates,"4,242",21,0.50%,2.97,"1,428",29.69,1.41,7,,,,,,,,89.94%
11-Oct-25,DanubeH_Awareness_UAQ-Display_CaRest Of United Arab Emiratessel_GARDEN_Oct25,Awareness,Carousel,Umm Al Quwain,United Arab Emirates,"2,400",10,0.42%,2.89,830,16.8,1.68,7,,,,,,,,91.48%
11-Oct-25,DanubeH_Awareness_Ajman_Display_CaRest Of United Arab Emiratessel_GARDEN_Oct25,Awareness,Carousel,Ajman,United Arab Emirates,"13,081",66,0.50%,2.91,"4,495",91.57,1.39,7,,,,,,,,89.32%
12-Oct-25,DanubeH_Awareness_Abu DhabiDhabi_Display_HTML_GARDEN_Oct25,Awareness,HTML,Abu Dhabi,United Arab Emirates,"58,980",452,0.77%,2.95,"19,993",412.86,0.91,7,,,,,,,,89.25%
12-Oct-25,DanubeH_Awareness_RAK_Display_HTML_GARDEN_Oct25,Awareness,HTML,Ras Al Khaimah,United Arab Emirates,"6,552",28,0.43%,2.94,"2,229",45.86,1.64,7,,,,,,,,89.43%
12-Oct-25,DanubeH_Awareness_Fujairah_Display-HTML_GARDEN_Oct25,Awareness,HTML,Fujairah,United Arab Emirates,"13,294",79,0.59%,2.97,"4,476",93.06,1.18,7,,,,,,,,90.18%
12-Oct-25,DanubeH_Awareness_UAQ-Display_HTML_GARDEN_Oct25,Awareness,HTML,Umm Al Quwain,United Arab Emirates,"11,814",81,0.69%,2.98,"3,964",82.7,1.02,7,,,,,,,,90.88%
12-Oct-25,DanubeH_Awareness_Ajman_Display_HTML_GARDEN_Oct25,Awareness,HTML,Ajman,United Arab Emirates,"6,775",42,0.62%,3.05,"2,221",47.43,1.13,7,,,,,,,,89.86%
12-Oct-25,DanubeH_Awareness_Abu DhabiDhabi_Display_CaRest Of United Arab Emiratessel_GARDEN_Oct25,Awareness,Carousel,Abu Dhabi,United Arab Emirates,"31,534",203,0.64%,2.95,"10,689",220.74,1.09,7,,,,,,,,90.06%
12-Oct-25,DanubeH_Awareness_RAK_Display_CaRest Of United Arab Emiratessel_GARDEN_Oct25,Awareness,Carousel,Ras Al Khaimah,United Arab Emirates,"3,759",15,0.40%,2.94,"1,279",26.31,1.75,7,,,,,,,,90.78%
12-Oct-25,DanubeH_Awareness_Fujairah_Display-CaRest Of United Arab Emiratessel_GARDEN_Oct25,Awareness,Carousel,Fujairah,United Arab Emirates,"4,518",27,0.60%,2.97,"1,521",31.63,1.17,7,,,,,,,,91.93%
12-Oct-25,DanubeH_Awareness_UAQ-Display_CaRest Of United Arab Emiratessel_GARDEN_Oct25,Awareness,Carousel,Umm Al Quwain,United Arab Emirates,"3,311",19,0.57%,2.89,"1,146",23.18,1.22,7,,,,,,,,90.75%
12-Oct-25,DanubeH_Awareness_Ajman_Display_CaRest Of United Arab Emiratessel_GARDEN_Oct25,Awareness,Carousel,Ajman,United Arab Emirates,"12,703",82,0.65%,2.91,"4,365",88.92,1.08,7,,,,,,,,89.08%
13-Oct-25,DanubeH_Awareness_Abu DhabiDhabi_Display_HTML_GARDEN_Oct25,Awareness,HTML,Abu Dhabi,United Arab Emirates,"43,226",268,0.62%,2.74,"15,766",302.58,1.13,7,,,,,,,,90.42%
13-Oct-25,DanubeH_Awareness_RAK_Display_HTML_GARDEN_Oct25,Awareness,HTML,Ras Al Khaimah,United Arab Emirates,"8,409",37,0.44%,3.12,"2,693",58.86,1.59,7,,,,,,,,89.71%
13-Oct-25,DanubeH_Awareness_Fujairah_Display-HTML_GARDEN_Oct25,Awareness,HTML,Fujairah,United Arab Emirates,"8,696",40,0.46%,2.32,"3,743",60.87,1.52,7,,,,,,,,89.12%
13-Oct-25,DanubeH_Awareness_UAQ-Display_HTML_GARDEN_Oct25,Awareness,HTML,Umm Al Quwain,United Arab Emirates,"10,000",48,0.48%,2.69,"3,716",70,1.46,7,,,,,,,,89.24%
13-Oct-25,DanubeH_Awareness_Ajman_Display_HTML_GARDEN_Oct25,Awareness,HTML,Ajman,United Arab Emirates,"6,863",35,0.51%,2.99,"2,295",48.04,1.37,7,,,,,,,,90.13%
13-Oct-25,DanubeH_Awareness_Abu DhabiDhabi_Display_CaRest Of United Arab Emiratessel_GARDEN_Oct25,Awareness,Carousel,Abu Dhabi,United Arab Emirates,"37,586",218,0.58%,3.11,"12,089",263.1,1.21,7,,,,,,,,91.25%
13-Oct-25,DanubeH_Awareness_RAK_Display_CaRest Of United Arab Emiratessel_GARDEN_Oct25,Awareness,Carousel,Ras Al Khaimah,United Arab Emirates,"1,429",6,0.42%,2.76,518,10,1.67,7,,,,,,,,90.27%
13-Oct-25,DanubeH_Awareness_Fujairah_Display-CaRest Of United Arab Emiratessel_GARDEN_Oct25,Awareness,Carousel,Fujairah,United Arab Emirates,"4,792",23,0.48%,2.76,"1,736",33.54,1.46,7,,,,,,,,90.01%
13-Oct-25,DanubeH_Awareness_UAQ-Display_CaRest Of United Arab Emiratessel_GARDEN_Oct25,Awareness,Carousel,Umm Al Quwain,United Arab Emirates,"2,667",12,0.45%,3.06,871,18.67,1.56,7,,,,,,,,90.35%
13-Oct-25,DanubeH_Awareness_Ajman_Display_CaRest Of United Arab Emiratessel_GARDEN_Oct25,Awareness,Carousel,Ajman,United Arab Emirates,"7,593",41,0.54%,3.43,"2,216",53.15,1.3,7,,,,,,,,90.88%
14-Oct-25,DanubeH_Awareness_Abu DhabiDhabi_Display_HTML_GARDEN_Oct25,Awareness,HTML,Abu Dhabi,United Arab Emirates,"47,419",294,0.62%,3.49,"13,602",331.93,1.13,7,,,,,,,,91.90%
14-Oct-25,DanubeH_Awareness_RAK_Display_HTML_GARDEN_Oct25,Awareness,HTML,Ras Al Khaimah,United Arab Emirates,"6,462",40,0.62%,2.87,"2,249",45.23,1.13,7,,,,,,,,91.83%
14-Oct-25,DanubeH_Awareness_Fujairah_Display-HTML_GARDEN_Oct25,Awareness,HTML,Fujairah,United Arab Emirates,"6,920",49,0.71%,3.16,"2,190",48.44,0.99,7,,,,,,,,89.28%
14-Oct-25,DanubeH_Awareness_UAQ-Display_HTML_GARDEN_Oct25,Awareness,HTML,Umm Al Quwain,United Arab Emirates,"5,753",34,0.59%,3.15,"1,827",40.27,1.18,7,,,,,,,,89.30%
14-Oct-25,DanubeH_Awareness_Ajman_Display_HTML_GARDEN_Oct25,Awareness,HTML,Ajman,United Arab Emirates,"4,117",21,0.51%,2.69,"1,531",28.82,1.37,7,,,,,,,,90.67%
14-Oct-25,DanubeH_Awareness_Abu DhabiDhabi_Display_CaRest Of United Arab Emiratessel_GARDEN_Oct25,Awareness,Carousel,Abu Dhabi,United Arab Emirates,"39,225",300,0.76%,2.69,"14,600",274.58,0.92,7,,,,,,,,89.46%
14-Oct-25,DanubeH_Awareness_RAK_Display_CaRest Of United Arab Emiratessel_GARDEN_Oct25,Awareness,Carousel,Ras Al Khaimah,United Arab Emirates,"4,038",32,0.79%,3.23,"1,250",28.27,0.88,7,,,,,,,,91.62%
14-Oct-25,DanubeH_Awareness_Fujairah_Display-CaRest Of United Arab Emiratessel_GARDEN_Oct25,Awareness,Carousel,Fujairah,United Arab Emirates,"5,485",29,0.53%,3.07,"1,786",38.4,1.32,7,,,,,,,,90.55%
14-Oct-25,DanubeH_Awareness_UAQ-Display_CaRest Of United Arab Emiratessel_GARDEN_Oct25,Awareness,Carousel,Umm Al Quwain,United Arab Emirates,"2,634",15,0.57%,2.88,914,18.44,1.23,7,,,,,,,,90.22%
14-Oct-25,DanubeH_Awareness_Ajman_Display_CaRest Of United Arab Emiratessel_GARDEN_Oct25,Awareness,Carousel,Ajman,United Arab Emirates,"5,555",30,0.54%,2.98,"1,864",38.89,1.3,7,,,,,,,,91.73%
15-Oct-25,DanubeH_Awareness_Abu DhabiDhabi_Display_HTML_GARDEN_Oct25,Awareness,HTML,Abu Dhabi,United Arab Emirates,"19,678",122,0.62%,2.71,"7,251",137.75,1.13,7,,,,,,,,91.53%
15-Oct-25,DanubeH_Awareness_RAK_Display_HTML_GARDEN_Oct25,Awareness,HTML,Ras Al Khaimah,United Arab Emirates,"47,974",263,0.55%,2.93,"16,384",335.82,1.28,7,,,,,,,,91.06%
15-Oct-25,DanubeH_Awareness_Fujairah_Display-HTML_GARDEN_Oct25,Awareness,HTML,Fujairah,United Arab Emirates,"2,436",47,1.93%,97.44,25,17.05,0.36,7,,,,,,,,89.19%
15-Oct-25,DanubeH_Awareness_UAQ-Display_HTML_GARDEN_Oct25,Awareness,HTML,Umm Al Quwain,United Arab Emirates,"3,573",31,0.87%,2.45,"1,458",25.01,0.81,7,,,,,,,,90.54%
15-Oct-25,DanubeH_Awareness_Ajman_Display_HTML_GARDEN_Oct25,Awareness,HTML,Ajman,United Arab Emirates,"1,388",21,1.51%,1.46,950,9.72,0.46,7,,,,,,,,89.41%
15-Oct-25,DanubeH_Awareness_Abu DhabiDhabi_Display_CaRest Of United Arab Emiratessel_GARDEN_Oct25,Awareness,Carousel,Abu Dhabi,United Arab Emirates,"15,296",119,0.78%,3.10,"4,938",107.07,0.9,7,,,,,,,,89.79%
15-Oct-25,DanubeH_Awareness_RAK_Display_CaRest Of United Arab Emiratessel_GARDEN_Oct25,Awareness,Carousel,Ras Al Khaimah,United Arab Emirates,"39,879",217,0.54%,2.98,"13,403",279.15,1.29,7,,,,,,,,89.14%
15-Oct-25,DanubeH_Awareness_Fujairah_Display-CaRest Of United Arab Emiratessel_GARDEN_Oct25,Awareness,Carousel,Fujairah,United Arab Emirates,"5,957",39,0.65%,3.01,"1,982",41.7,1.07,7,,,,,,,,91.56%
15-Oct-25,DanubeH_Awareness_UAQ-Display_CaRest Of United Arab Emiratessel_GARDEN_Oct25,Awareness,Carousel,Umm Al Quwain,United Arab Emirates,"3,101",24,0.77%,2.99,"1,036",21.71,0.9,7,,,,,,,,89.86%
15-Oct-25,DanubeH_Awareness_Ajman_Display_CaRest Of United Arab Emiratessel_GARDEN_Oct25,Awareness,Carousel,Ajman,United Arab Emirates,"1,852",10,0.54%,2.21,837,12.96,1.3,7,,,,,,,,90.75%
16-Oct-25,DanubeH_Awareness_Abu DhabiDhabi_Display_HTML_GARDEN_Oct25,Awareness,HTML,Abu Dhabi,United Arab Emirates,"12,419",77,0.62%,4.34,"2,863",86.93,1.13,7,,,,,,,,90.45%
16-Oct-25,DanubeH_Awareness_RAK_Display_HTML_GARDEN_Oct25,Awareness,HTML,Ras Al Khaimah,United Arab Emirates,"48,235",349,0.72%,2.97,"16,229",337.65,0.97,7,,,,,,,,90.21%
16-Oct-25,DanubeH_Awareness_Fujairah_Display-HTML_GARDEN_Oct25,Awareness,HTML,Fujairah,United Arab Emirates,"13,160",109,0.83%,2.64,"4,979",92.12,0.85,7,,,,,,,,89.24%
16-Oct-25,DanubeH_Awareness_UAQ-Display_HTML_GARDEN_Oct25,Awareness,HTML,Umm Al Quwain,United Arab Emirates,"4,956",47,0.95%,3.05,"1,623",34.69,0.74,7,,,,,,,,89.62%
16-Oct-25,DanubeH_Awareness_Ajman_Display_HTML_GARDEN_Oct25,Awareness,HTML,Ajman,United Arab Emirates,"6,037",32,0.53%,3.89,"1,550",42.26,1.32,7,,,,,,,,91.31%
16-Oct-25,DanubeH_Awareness_Abu DhabiDhabi_Display_CaRest Of United Arab Emiratessel_GARDEN_Oct25,Awareness,Carousel,Abu Dhabi,United Arab Emirates,"35,646",221,0.62%,3.01,"11,826",249.52,1.13,7,,,,,,,,89.45%
16-Oct-25,DanubeH_Awareness_RAK_Display_CaRest Of United Arab Emiratessel_GARDEN_Oct25,Awareness,Carousel,Ras Al Khaimah,United Arab Emirates,"1,503",20,1.33%,2.98,504,10.52,0.53,7,,,,,,,,90.77%
16-Oct-25,DanubeH_Awareness_Fujairah_Display-CaRest Of United Arab Emiratessel_GARDEN_Oct25,Awareness,Carousel,Fujairah,United Arab Emirates,"3,201",31,0.97%,2.48,"1,289",22.41,0.72,7,,,,,,,,91.92%
16-Oct-25,DanubeH_Awareness_UAQ-Display_CaRest Of United Arab Emiratessel_GARDEN_Oct25,Awareness,Carousel,Umm Al Quwain,United Arab Emirates,228,5,2.19%,1.87,122,1.6,0.32,7.02,,,,,,,,91.59%
16-Oct-25,DanubeH_Awareness_Ajman_Display_CaRest Of United Arab Emiratessel_GARDEN_Oct25,Awareness,Carousel,Ajman,United Arab Emirates,"1,216",13,1.07%,2.95,412,8.51,0.65,7,,,,,,,,89.45%
17-Oct-25,DanubeH_Awareness_Abu DhabiDhabi_Display_HTML_GARDEN_Oct25,Awareness,HTML,Abu Dhabi,United Arab Emirates,"52,761",367,0.70%,2.90,"18,180",369.33,1.01,7,,,,,,,,91.25%
17-Oct-25,DanubeH_Awareness_RAK_Display_HTML_GARDEN_Oct25,Awareness,HTML,Ras Al Khaimah,United Arab Emirates,"49,529",294,0.59%,2.98,"16,611",346.7,1.18,7,,,,,,,,91.69%
17-Oct-25,DanubeH_Awareness_Fujairah_Display-HTML_GARDEN_Oct25,Awareness,HTML,Fujairah,United Arab Emirates,"26,556",156,0.59%,2.92,"9,086",185.89,1.19,7,,,,,,,,90.57%
17-Oct-25,DanubeH_Awareness_UAQ-Display_HTML_GARDEN_Oct25,Awareness,HTML,Umm Al Quwain,United Arab Emirates,"11,797",62,0.53%,3.16,"3,733",82.58,1.33,7,,,,,,,,89.75%
17-Oct-25,DanubeH_Awareness_Ajman_Display_HTML_GARDEN_Oct25,Awareness,HTML,Ajman,United Arab Emirates,"7,786",50,0.64%,2.81,"2,766",54.5,1.09,7,,,,,,,,91.82%
17-Oct-25,DanubeH_Awareness_Abu DhabiDhabi_Display_CaRest Of United Arab Emiratessel_GARDEN_Oct25,Awareness,Carousel,Abu Dhabi,United Arab Emirates,"34,127",218,0.64%,3.07,"11,101",238.89,1.1,7,,,,,,,,91.29%
17-Oct-25,DanubeH_Awareness_RAK_Display_CaRest Of United Arab Emiratessel_GARDEN_Oct25,Awareness,Carousel,Ras Al Khaimah,United Arab Emirates,"39,679",229,0.58%,2.96,"13,421",277.75,1.21,7,,,,,,,,91.90%
17-Oct-25,DanubeH_Awareness_Fujairah_Display-CaRest Of United Arab Emiratessel_GARDEN_Oct25,Awareness,Carousel,Fujairah,United Arab Emirates,"19,373",108,0.56%,2.98,"6,504",135.61,1.26,7,,,,,,,,91.14%
17-Oct-25,DanubeH_Awareness_UAQ-Display_CaRest Of United Arab Emiratessel_GARDEN_Oct25,Awareness,Carousel,Umm Al Quwain,United Arab Emirates,"9,858",55,0.56%,3.07,"3,206",69.01,1.25,7,,,,,,,,89.16%
17-Oct-25,DanubeH_Awareness_Ajman_Display_CaRest Of United Arab Emiratessel_GARDEN_Oct25,Awareness,Carousel,Ajman,United Arab Emirates,"1,234",16,1.30%,3.00,411,8.64,0.54,7,,,,,,,,90.57%
18-Oct-25,DanubeH_Awareness_Abu DhabiDhabi_Display_HTML_GARDEN_Oct25,Awareness,HTML,Abu Dhabi,United Arab Emirates,"34,522",248,0.72%,2.85,"12,108",241.65,0.97,7,,,,,,,,89.78%
18-Oct-25,DanubeH_Awareness_RAK_Display_HTML_GARDEN_Oct25,Awareness,HTML,Ras Al Khaimah,United Arab Emirates,"32,407",199,0.61%,2.93,"11,063",226.85,1.14,7,,,,,,,,90.01%
18-Oct-25,DanubeH_Awareness_Fujairah_Display-HTML_GARDEN_Oct25,Awareness,HTML,Fujairah,United Arab Emirates,"17,376",106,0.61%,2.87,"6,051",121.63,1.15,7,,,,,,,,89.13%
18-Oct-25,DanubeH_Awareness_UAQ-Display_HTML_GARDEN_Oct25,Awareness,HTML,Umm Al Quwain,United Arab Emirates,"7,719",42,0.54%,3.10,"2,486",54.03,1.29,7,,,,,,,,91.81%
18-Oct-25,DanubeH_Awareness_Ajman_Display_HTML_GARDEN_Oct25,Awareness,HTML,Ajman,United Arab Emirates,"5,094",34,0.67%,2.77,"1,842",35.66,1.05,7,,,,,,,,89.76%
18-Oct-25,DanubeH_Awareness_Abu DhabiDhabi_Display_CaRest Of United Arab Emiratessel_GARDEN_Oct25,Awareness,Carousel,Abu Dhabi,United Arab Emirates,"22,330",148,0.66%,3.02,"7,393",156.31,1.06,7,,,,,,,,90.51%
18-Oct-25,DanubeH_Awareness_RAK_Display_CaRest Of United Arab Emiratessel_GARDEN_Oct25,Awareness,Carousel,Ras Al Khaimah,United Arab Emirates,"25,962",155,0.60%,2.90,"8,938",181.73,1.17,7,,,,,,,,89.55%
18-Oct-25,DanubeH_Awareness_Fujairah_Display-CaRest Of United Arab Emiratessel_GARDEN_Oct25,Awareness,Carousel,Fujairah,United Arab Emirates,"12,676",73,0.58%,2.93,"4,332",88.73,1.22,7,,,,,,,,91.98%
18-Oct-25,DanubeH_Awareness_UAQ-Display_CaRest Of United Arab Emiratessel_GARDEN_Oct25,Awareness,Carousel,Umm Al Quwain,United Arab Emirates,"6,450",37,0.57%,3.02,"2,135",45.15,1.22,7,,,,,,,,89.51%
18-Oct-25,DanubeH_Awareness_Ajman_Display_CaRest Of United Arab Emiratessel_GARDEN_Oct25,Awareness,Carousel,Ajman,United Arab Emirates,807,11,1.36%,2.95,274,5.65,0.51,7,,,,,,,,89.92%
19-Oct-25,DanubeH_Awareness_Abu DhabiDhabi_Display_HTML_GARDEN_Oct25,Awareness,HTML,Abu Dhabi,United Arab Emirates,"34,691",247,0.71%,2.84,"12,221",242.84,0.98,7,,,,,,,,89.28%
19-Oct-25,DanubeH_Awareness_RAK_Display_HTML_GARDEN_Oct25,Awareness,HTML,Ras Al Khaimah,United Arab Emirates,"32,566",198,0.61%,2.92,"11,166",227.96,1.15,7,,,,,,,,91.35%
19-Oct-25,DanubeH_Awareness_Fujairah_Display-HTML_GARDEN_Oct25,Awareness,HTML,Fujairah,United Arab Emirates,"17,376",106,0.61%,2.87,"6,051",121.63,1.15,7,,,,,,,,90.54%
19-Oct-25,DanubeH_Awareness_UAQ-Display_HTML_GARDEN_Oct25,Awareness,HTML,Umm Al Quwain,United Arab Emirates,"7,719",42,0.54%,3.10,"2,486",54.03,1.29,7,,,,,,,,90.99%
19-Oct-25,DanubeH_Awareness_Ajman_Display_HTML_GARDEN_Oct25,Awareness,HTML,Ajman,United Arab Emirates,"5,094",34,0.67%,2.77,"1,842",35.66,1.05,7,,,,,,,,89.46%
19-Oct-25,DanubeH_Awareness_Abu DhabiDhabi_Display_CaRest Of United Arab Emiratessel_GARDEN_Oct25,Awareness,Carousel,Abu Dhabi,United Arab Emirates,"22,439",147,0.66%,3.01,"7,462",157.07,1.07,7,,,,,,,,90.20%
19-Oct-25,DanubeH_Awareness_RAK_Display_CaRest Of United Arab Emiratessel_GARDEN_Oct25,Awareness,Carousel,Ras Al Khaimah,United Arab Emirates,"26,090",155,0.59%,2.89,"9,022",182.63,1.18,7,,,,,,,,91.39%
19-Oct-25,DanubeH_Awareness_Fujairah_Display-CaRest Of United Arab Emiratessel_GARDEN_Oct25,Awareness,Carousel,Fujairah,United Arab Emirates,"12,738",73,0.57%,2.91,"4,372",89.17,1.22,7,,,,,,,,90.94%
19-Oct-25,DanubeH_Awareness_UAQ-Display_CaRest Of United Arab Emiratessel_GARDEN_Oct25,Awareness,Carousel,Umm Al Quwain,United Arab Emirates,"6,482",37,0.57%,3.01,"2,155",45.37,1.23,7,,,,,,,,89.44%
19-Oct-25,DanubeH_Awareness_Ajman_Display_CaRest Of United Arab Emiratessel_GARDEN_Oct25,Awareness,Carousel,Ajman,United Arab Emirates,811,11,1.36%,2.94,276,5.68,0.52,7,,,,,,,,90.10%
20-Oct-25,DanubeH_Awareness_Abu DhabiDhabi_Display_HTML_GARDEN_Oct25,Awareness,HTML,Abu Dhabi,United Arab Emirates,"32,073",241,0.75%,2.78,"11,519",224.51,0.93,7,,,,,,,,90.10%
20-Oct-25,DanubeH_Awareness_RAK_Display_HTML_GARDEN_Oct25,Awareness,HTML,Ras Al Khaimah,United Arab Emirates,"30,108",193,0.64%,2.86,"10,525",210.76,1.09,7,,,,,,,,89.06%
20-Oct-25,DanubeH_Awareness_Fujairah_Display-HTML_GARDEN_Oct25,Awareness,HTML,Fujairah,United Arab Emirates,"16,143",103,0.64%,2.80,"5,756",113,1.1,7,,,,,,,,91.21%
20-Oct-25,DanubeH_Awareness_UAQ-Display_HTML_GARDEN_Oct25,Awareness,HTML,Umm Al Quwain,United Arab Emirates,"7,171",41,0.57%,3.03,"2,365",50.2,1.22,7,,,,,,,,91.65%
20-Oct-25,DanubeH_Awareness_Ajman_Display_HTML_GARDEN_Oct25,Awareness,HTML,Ajman,United Arab Emirates,"4,733",33,0.70%,2.70,"1,753",33.13,1,7,,,,,,,,91.18%
20-Oct-25,DanubeH_Awareness_Abu DhabiDhabi_Display_CaRest Of United Arab Emiratessel_GARDEN_Oct25,Awareness,Carousel,Abu Dhabi,United Arab Emirates,"20,745",143,0.69%,2.95,"7,033",145.22,1.02,7,,,,,,,,89.10%
20-Oct-25,DanubeH_Awareness_RAK_Display_CaRest Of United Arab Emiratessel_GARDEN_Oct25,Awareness,Carousel,Ras Al Khaimah,United Arab Emirates,"24,120",151,0.63%,2.84,"8,503",168.84,1.12,7,,,,,,,,91.71%
20-Oct-25,DanubeH_Awareness_Fujairah_Display-CaRest Of United Arab Emiratessel_GARDEN_Oct25,Awareness,Carousel,Fujairah,United Arab Emirates,"11,776",71,0.60%,2.86,"4,121",82.43,1.16,7,,,,,,,,91.48%
20-Oct-25,DanubeH_Awareness_UAQ-Display_CaRest Of United Arab Emiratessel_GARDEN_Oct25,Awareness,Carousel,Umm Al Quwain,United Arab Emirates,"5,993",36,0.60%,2.95,"2,031",41.95,1.17,7,,,,,,,,91.78%
20-Oct-25,DanubeH_Awareness_Ajman_Display_CaRest Of United Arab Emiratessel_GARDEN_Oct25,Awareness,Carousel,Ajman,United Arab Emirates,750,10,1.33%,2.88,260,5.25,0.53,7,,,,,,,,89.23%
21-Oct-25,DanubeH_Awareness_Abu DhabiDhabi_Display_HTML_GARDEN_Oct25,Awareness,HTML,Abu Dhabi,United Arab Emirates,"29,711",344,1.16%,2.72,"10,918",207.98,0.6,7,,,,,,,,91.03%
21-Oct-25,DanubeH_Awareness_RAK_Display_HTML_GARDEN_Oct25,Awareness,HTML,Ras Al Khaimah,United Arab Emirates,"11,017",65,0.59%,2.28,"4,833",77.12,1.19,7,,,,,,,,89.31%
21-Oct-25,DanubeH_Awareness_Fujairah_Display-HTML_GARDEN_Oct25,Awareness,HTML,Fujairah,United Arab Emirates,"19,137",111,0.58%,3.53,"5,427",133.96,1.21,7,,,,,,,,91.77%
21-Oct-25,DanubeH_Awareness_UAQ-Display_HTML_GARDEN_Oct25,Awareness,HTML,Umm Al Quwain,United Arab Emirates,"6,111",33,0.54%,3.39,"1,803",42.78,1.3,7,,,,,,,,91.04%
21-Oct-25,DanubeH_Awareness_Ajman_Display_HTML_GARDEN_Oct25,Awareness,HTML,Ajman,United Arab Emirates,"5,178",29,0.56%,3.13,"1,652",36.25,1.25,7,,,,,,,,89.74%
21-Oct-25,DanubeH_Awareness_Abu DhabiDhabi_Display_CaRest Of United Arab Emiratessel_GARDEN_Oct25,Awareness,Carousel,Abu Dhabi,United Arab Emirates,"55,778",441,0.79%,3.04,"18,335",390.45,0.89,7,,,,,,,,90.20%
21-Oct-25,DanubeH_Awareness_RAK_Display_CaRest Of United Arab Emiratessel_GARDEN_Oct25,Awareness,Carousel,Ras Al Khaimah,United Arab Emirates,"14,828",86,0.58%,2.69,"5,508",103.8,1.21,7,,,,,,,,90.11%
21-Oct-25,DanubeH_Awareness_Fujairah_Display-CaRest Of United Arab Emiratessel_GARDEN_Oct25,Awareness,Carousel,Fujairah,United Arab Emirates,"9,825",56,0.57%,3.03,"3,245",68.78,1.23,7,,,,,,,,91.31%
21-Oct-25,DanubeH_Awareness_UAQ-Display_CaRest Of United Arab Emiratessel_GARDEN_Oct25,Awareness,Carousel,Umm Al Quwain,United Arab Emirates,"15,893",89,0.56%,2.83,"5,625",111.25,1.25,7,,,,,,,,91.98%
21-Oct-25,DanubeH_Awareness_Ajman_Display_CaRest Of United Arab Emiratessel_GARDEN_Oct25,Awareness,Carousel,Ajman,United Arab Emirates,339,2,0.59%,0.96,353,2.37,1.19,6.99,,,,,,,,91.49%
22-Oct-25,DanubeH_Awareness_Abu DhabiDhabi_Display_HTML_GARDEN_Oct25,Awareness,HTML,Abu Dhabi,United Arab Emirates,"168,788","1,114",0.66%,3.06,"55,075",1181.52,1.06,7,,,,,,,,91.89%
22-Oct-25,DanubeH_Awareness_RAK_Display_HTML_GARDEN_Oct25,Awareness,HTML,Ras Al Khaimah,United Arab Emirates,"42,203",249,0.59%,3.18,"13,269",295.42,1.19,7,,,,,,,,91.13%
22-Oct-25,DanubeH_Awareness_Fujairah_Display-HTML_GARDEN_Oct25,Awareness,HTML,Fujairah,United Arab Emirates,"36,552",212,0.58%,2.72,"13,434",255.86,1.21,7,,,,,,,,89.52%
22-Oct-25,DanubeH_Awareness_UAQ-Display_HTML_GARDEN_Oct25,Awareness,HTML,Umm Al Quwain,United Arab Emirates,"4,128",34,0.82%,1.89,"2,183",28.9,0.85,7,,,,,,,,89.81%
22-Oct-25,DanubeH_Awareness_Ajman_Display_HTML_GARDEN_Oct25,Awareness,HTML,Ajman,United Arab Emirates,"13,572",76,0.56%,2.77,"4,907",95,1.25,7,,,,,,,,89.68%
22-Oct-25,DanubeH_Awareness_Abu DhabiDhabi_Display_CaRest Of United Arab Emiratessel_GARDEN_Oct25,Awareness,Carousel,Abu Dhabi,United Arab Emirates,"176,000","1,144",0.65%,2.83,"62,127",1232,1.08,7,,,,,,,,91.70%
22-Oct-25,DanubeH_Awareness_RAK_Display_CaRest Of United Arab Emiratessel_GARDEN_Oct25,Awareness,Carousel,Ras Al Khaimah,United Arab Emirates,"43,793",254,0.58%,2.91,"15,049",306.55,1.21,7,,,,,,,,91.07%
22-Oct-25,DanubeH_Awareness_Fujairah_Display-CaRest Of United Arab Emiratessel_GARDEN_Oct25,Awareness,Carousel,Fujairah,United Arab Emirates,"54,035",308,0.57%,3.02,"17,901",378.25,1.23,7,,,,,,,,90.18%
22-Oct-25,DanubeH_Awareness_UAQ-Display_CaRest Of United Arab Emiratessel_GARDEN_Oct25,Awareness,Carousel,Umm Al Quwain,United Arab Emirates,"14,286",80,0.56%,3.17,"4,503",100,1.25,7,,,,,,,,91.11%
22-Oct-25,DanubeH_Awareness_Ajman_Display_CaRest Of United Arab Emiratessel_GARDEN_Oct25,Awareness,Carousel,Ajman,United Arab Emirates,"9,831",58,0.59%,3.09,"3,185",68.82,1.19,7,,,,,,,,89.56%
22-Oct-25,DanubeH_Awareness_Muscat_SFF_PROS_Oct25,Awareness,Display,Muscat,OMAN,"19,500",122,0.63%,3.14,"6,205",122.85,1.01,6.30,,,,,,,,91.61%
22-Oct-25,DanubeH_Awareness_Rest Of Oman_SFF_PROS_Oct25,Awareness,Display,Rest of Oman,OMAN,"12,603",74,0.58%,2.99,"4,215",79.40,1.08,6.30,,,,,,,,90.79%
23-Oct-25,DanubeH_Awareness_Dubai_SFF_PROS_Oct25,Awareness,Display,Dubai,United Arab Emirates,"51,677",318,0.62%,2.93,"17,631",351.40,1.11,6.80,,,,,,,,90.75%
23-Oct-25,DanubeH_Awareness_Abu DhabiDhabi_SFF_PROS_Oct25,Awareness,Display,Abu Dhabi & Al Ain,United Arab Emirates,114178,771,0.68%,2.95,"38,648",776.41,1.01,6.80,,,,,,,,90.17%
23-Oct-25,DanubeH_Awareness_Rest Of United Arab Emirates_SFF_PROS_Oct25,Awareness,Display,Rest of United Arab Emirates,United Arab Emirates,61221,365,0.60%,2.99,"20,508",416.30,1.14,6.80,,,,,,,,89.74%
23-Oct-25,DanubeH_Awareness_Muscat_SFF_PROS_Oct25,Awareness,Display,Muscat,OMAN,"168,178","1,052",0.63%,3.01,"55,847",1059.52,1.01,6.30,,,,,,,,91.83%
23-Oct-25,DanubeH_Awareness_Rest Of Oman_SFF_PROS_Oct25,Awareness,Display,Rest of Oman,OMAN,"110,595",635,0.57%,2.92,"37,936",696.75,1.10,6.30,,,,,,,,89.31%
23-Oct-25,DanubeH_Awareness_Bahrain-EN_SAF_PROS_Oct25,Awareness,Display,Bahrain EN,Bahrain,16876,99,0.59%,2.97,"5,675",106.32,1.07,6.30,,,,,,,,90.45%
23-Oct-25,DanubeH_Awareness_Bahrain-AR_SAF_PROS_Oct25,Awareness,Display,Bahrain AR,Bahrain,"27,177",154,0.57%,3.01,"9,041",171.22,1.11,6.30,,,,,,,,89.19%
23-Oct-25,DanubeH_Awareness_Dubai_SFF_PROS_Oct25,Awareness,Native,Dubai,United Arab Emirates,"62,173",405,0.65%,2.88,"21,574",422.78,1.04,6.80,,,,,,,,90.01%
23-Oct-25,DanubeH_Awareness_Abu DhabiDhabi_SFF_PROS_Oct25,Awareness,Native,Abu Dhabi & Al Ain,United Arab Emirates,137368,980,0.71%,2.90,"47,291",934.10,0.95,6.80,,,,,,,,90.70%
23-Oct-25,DanubeH_Awareness_Rest Of United Arab Emirates_SFF_PROS_Oct25,Awareness,Native,Rest of United Arab Emirates,United Arab Emirates,73655,464,0.63%,2.94,"25,094",500.85,1.08,6.80,,,,,,,,91.55%
23-Oct-25,DanubeH_Awareness_Muscat_SFF_PROS_Oct25,Awareness,Native,Muscat,OMAN,"225,795","1,493",0.66%,2.97,"75,929",1422.51,0.95,6.30,,,,,,,,91.00%
23-Oct-25,DanubeH_Awareness_Rest Of Oman_SFF_PROS_Oct25,Awareness,Native,Rest of Oman,OMAN,"148,220",902,0.61%,2.87,"51,577",933.79,1.04,6.30,,,,,,,,91.43%
23-Oct-25,DanubeH_Awareness_Bahrain-EN_SAF_PROS_Oct25,Awareness,Native,Bahrain EN,Bahrain,"20,304",125,0.62%,2.92,"6,944",127.92,1.02,6.30,,,,,,,,89.88%
23-Oct-25,DanubeH_Awareness_Bahrain-AR_SAF_PROS_Oct25,Awareness,Native,Bahrain AR,Bahrain,"32,697",195,0.60%,2.96,"11,062",205.99,1.06,6.30,,,,,,,,89.51%
23-Oct-25,DanubeH_Awareness_Dubai_SFF_PROS_Oct25,Awareness,Carousel,Dubai,United Arab Emirates,"13,371",66,0.49%,2.76,"4,851",90.92,1.38,6.80,,,,,,,,91.93%
23-Oct-25,DanubeH_Awareness_Abu DhabiDhabi_SFF_PROS_Oct25,Awareness,Carousel,Abu Dhabi & Al Ain,United Arab Emirates,"29,542",160,0.54%,2.78,"10,632",200.89,1.26,6.80,,,,,,,,91.26%
23-Oct-25,DanubeH_Awareness_Rest Of United Arab Emirates_SFF_PROS_Oct25,Awareness,Carousel,Rest of United Arab Emirates,United Arab Emirates,"15,840",76,0.48%,2.81,"5,642",107.71,1.42,6.80,,,,,,,,91.35%
23-Oct-25,DanubeH_Awareness_Muscat_SFF_PROS_Oct25,Awareness,Carousel,Muscat,OMAN,"48,560",244,0.50%,2.84,"17,071",305.93,1.25,6.30,,,,,,,,89.17%
23-Oct-25,DanubeH_Awareness_Rest Of Oman_SFF_PROS_Oct25,Awareness,Carousel,Rest of Oman,OMAN,"31,876",148,0.46%,2.75,"11,596",200.82,1.36,6.30,,,,,,,,91.92%
23-Oct-25,DanubeH_Awareness_Bahrain-EN_SAF_PROS_Oct25,Awareness,Carousel,Bahrain EN,Bahrain,"4,367",21,0.48%,2.80,"1,561",27.51,1.31,6.30,,,,,,,,90.24%
23-Oct-25,DanubeH_Awareness_Bahrain-AR_SAF_PROS_Oct25,Awareness,Carousel,Bahrain AR,Bahrain,"7,032",32,0.46%,2.83,"2,487",44.30,1.38,6.30,,,,,,,,89.27%
24-Oct-25,DanubeH_Awareness_Dubai_SFF_PROS_Oct25,Awareness,Display,Dubai,United Arab Emirates,"153,245","1,059",0.69%,2.73,"56,101",1042.07,0.98,6.80,,,,,,,,90.82%
24-Oct-25,DanubeH_Awareness_Abu DhabiDhabi_SFF_PROS_Oct25,Awareness,Display,Abu Dhabi & Al Ain,United Arab Emirates,"175,156","1,307",0.75%,3.03,"57,827",1191.06,0.91,6.80,,,,,,,,90.37%
24-Oct-25,DanubeH_Awareness_Rest Of United Arab Emirates_SFF_PROS_Oct25,Awareness,Display,Rest of United Arab Emirates,United Arab Emirates,"104,398",663,0.64%,2.66,"39,266",709.91,1.07,6.80,,,,,,,,91.02%
24-Oct-25,DanubeH_Awareness_Muscat_SFF_PROS_Oct25,Awareness,Display,Muscat,OMAN,"201,585","1,286",0.64%,2.74,"73,686",1269.99,0.99,6.30,,,,,,,,90.77%
24-Oct-25,DanubeH_Awareness_Rest Of Oman_SFF_PROS_Oct25,Awareness,Display,Rest of Oman,OMAN,"42,629",309,0.72%,3.04,"14,003",268.56,0.87,6.30,,,,,,,,90.01%
24-Oct-25,DanubeH_Awareness_Bahrain-EN_SAF_PROS_Oct25,Awareness,Display,Bahrain EN,Bahrain,"52,428",315,0.60%,3.00,"17,494",330.30,1.05,6.30,,,,,,,,90.29%
24-Oct-25,DanubeH_Awareness_Bahrain-AR_SAF_PROS_Oct25,Awareness,Display,Bahrain AR,Bahrain,"39,714",250,0.63%,2.60,"15,280",250.20,1.00,6.30,,,,,,,,90.47%
24-Oct-25,DanubeH_Awareness_Dubai_SFF_PROS_Oct25,Awareness,Native,Dubai,United Arab Emirates,"184,370","1,346",0.73%,2.69,"68,648",1253.72,0.93,6.80,,,,,,,,90.66%
24-Oct-25,DanubeH_Awareness_Abu DhabiDhabi_SFF_PROS_Oct25,Awareness,Native,Abu Dhabi & Al Ain,United Arab Emirates,"210,731","1,661",0.79%,2.98,"70,759",1432.97,0.86,6.80,,,,,,,,91.65%
24-Oct-25,DanubeH_Awareness_Rest Of United Arab Emirates_SFF_PROS_Oct25,Awareness,Native,Rest of United Arab Emirates,United Arab Emirates,"125,601",842,0.67%,2.61,"48,047",854.09,1.01,6.80,,,,,,,,89.31%
24-Oct-25,DanubeH_Awareness_Muscat_SFF_PROS_Oct25,Awareness,Native,Muscat,OMAN,"242,528","1,635",0.67%,2.69,"90,165",1527.93,0.93,6.30,,,,,,,,91.71%
24-Oct-25,DanubeH_Awareness_Rest Of Oman_SFF_PROS_Oct25,Awareness,Native,Rest of Oman,OMAN,"51,287",393,0.77%,2.99,"17,135",323.11,0.82,6.30,,,,,,,,89.91%
24-Oct-25,DanubeH_Awareness_Bahrain-EN_SAF_PROS_Oct25,Awareness,Native,Bahrain EN,Bahrain,"63,077",401,0.64%,2.95,"21,406",397.39,0.99,6.30,,,,,,,,91.93%
24-Oct-25,DanubeH_Awareness_Bahrain-AR_SAF_PROS_Oct25,Awareness,Native,Bahrain AR,Bahrain,"47,780",318,0.67%,2.56,"18,697",301.01,0.95,6.30,,,,,,,,91.59%
24-Oct-25,DanubeH_Awareness_Dubai_SFF_PROS_Oct25,Awareness,Carousel,Dubai,United Arab Emirates,"39,651",220,0.55%,2.57,"15,434",269.63,1.23,6.80,,,,,,,,90.77%
24-Oct-25,DanubeH_Awareness_Abu DhabiDhabi_SFF_PROS_Oct25,Awareness,Carousel,Abu Dhabi & Al Ain,United Arab Emirates,"45,320",272,0.60%,2.85,"15,909",308.18,1.13,6.80,,,,,,,,89.73%
24-Oct-25,DanubeH_Awareness_Rest Of United Arab Emirates_SFF_PROS_Oct25,Awareness,Carousel,Rest of United Arab Emirates,United Arab Emirates,"27,012",138,0.51%,2.50,"10,803",183.68,1.33,6.80,,,,,,,,91.49%
24-Oct-25,DanubeH_Awareness_Muscat_SFF_PROS_Oct25,Awareness,Carousel,Muscat,OMAN,"52,158",267,0.51%,2.57,"20,272",328.60,1.23,6.30,,,,,,,,90.56%
24-Oct-25,DanubeH_Awareness_Rest Of Oman_SFF_PROS_Oct25,Awareness,Carousel,Rest of Oman,OMAN,"11,030",64,0.58%,2.86,"3,853",69.49,1.09,6.30,,,,,,,,90.18%
24-Oct-25,DanubeH_Awareness_Bahrain-EN_SAF_PROS_Oct25,Awareness,Carousel,Bahrain EN,Bahrain,"13,565",66,0.49%,2.82,"4,813",85.46,1.29,6.30,,,,,,,,91.50%
24-Oct-25,DanubeH_Awareness_Bahrain-AR_SAF_PROS_Oct25,Awareness,Carousel,Bahrain AR,Bahrain,"10,276",52,0.51%,2.44,"4,204",64.74,1.24,6.30,,,,,,,,89.40%
25-Oct-25,DanubeH_Awareness_Dubai_SFF_PROS_Oct25,Awareness,Display,Dubai,United Arab Emirates,"109,668",743,0.68%,3.32,"33,035",745.74,1.00,6.80,,,,,,,,91.65%
25-Oct-25,DanubeH_Awareness_Abu DhabiDhabi_SFF_PROS_Oct25,Awareness,Display,Abu Dhabi & Al Ain,United Arab Emirates,"125,349",917,0.73%,3.08,"40,717",852.37,0.93,6.80,,,,,,,,89.35%
25-Oct-25,DanubeH_Awareness_Rest Of United Arab Emirates_SFF_PROS_Oct25,Awareness,Display,Rest of United Arab Emirates,United Arab Emirates,"74,711",460,0.62%,3.23,"23,122",508.03,1.10,6.80,,,,,,,,90.03%
25-Oct-25,DanubeH_Awareness_Muscat_SFF_PROS_Oct25,Awareness,Display,Muscat,OMAN,"144,263",966,0.67%,3.14,"45,887",908.86,0.94,6.30,,,,,,,,89.67%
25-Oct-25,DanubeH_Awareness_Rest Of Oman_SFF_PROS_Oct25,Awareness,Display,Rest of Oman,OMAN,"30,508",222,0.73%,3.46,"8,806",192.20,0.87,6.30,,,,,,,,91.82%
25-Oct-25,DanubeH_Awareness_Bahrain-EN_SAF_PROS_Oct25,Awareness,Display,Bahrain EN,Bahrain,"37,520",243,0.65%,3.12,"12,037",236.38,0.97,6.30,,,,,,,,89.07%
25-Oct-25,DanubeH_Awareness_Bahrain-AR_SAF_PROS_Oct25,Awareness,Display,Bahrain AR,Bahrain,"29,800",192,0.64%,3.26,"9,152",187.74,0.98,6.30,,,,,,,,89.93%
25-Oct-25,DanubeH_Awareness_Dubai_SFF_PROS_Oct25,Awareness,Native,Dubai,United Arab Emirates,"131,942",945,0.72%,3.26,"40,423",897.21,0.95,6.80,,,,,,,,91.64%
25-Oct-25,DanubeH_Awareness_Abu DhabiDhabi_SFF_PROS_Oct25,Awareness,Native,Abu Dhabi & Al Ain,United Arab Emirates,"150,808","1,165",0.77%,3.03,"49,823",1025.49,0.88,6.80,,,,,,,,91.65%
25-Oct-25,DanubeH_Awareness_Rest Of United Arab Emirates_SFF_PROS_Oct25,Awareness,Native,Rest of United Arab Emirates,United Arab Emirates,"89,885",585,0.65%,3.18,"28,293",611.22,1.04,6.80,,,,,,,,90.14%
25-Oct-25,DanubeH_Awareness_Muscat_SFF_PROS_Oct25,Awareness,Native,Muscat,OMAN,"173,563","1,228",0.71%,3.09,"56,149",1093.45,0.89,6.30,,,,,,,,91.29%
25-Oct-25,DanubeH_Awareness_Rest Of Oman_SFF_PROS_Oct25,Awareness,Native,Rest of Oman,OMAN,"36,704",282,0.77%,3.41,"10,776",231.24,0.82,6.30,,,,,,,,90.25%
25-Oct-25,DanubeH_Awareness_Bahrain-EN_SAF_PROS_Oct25,Awareness,Native,Bahrain EN,Bahrain,"45,140",309,0.68%,3.06,"14,729",284.38,0.92,6.30,,,,,,,,91.78%
25-Oct-25,DanubeH_Awareness_Bahrain-AR_SAF_PROS_Oct25,Awareness,Native,Bahrain AR,Bahrain,"35,852",245,0.68%,3.20,"11,199",225.87,0.92,6.30,,,,,,,,89.30%
25-Oct-25,DanubeH_Awareness_Dubai_SFF_PROS_Oct25,Awareness,Carousel,Dubai,United Arab Emirates,"28,375",155,0.55%,3.12,"9,088",192.95,1.24,6.80,,,,,,,,90.77%
25-Oct-25,DanubeH_Awareness_Abu DhabiDhabi_SFF_PROS_Oct25,Awareness,Carousel,Abu Dhabi & Al Ain,United Arab Emirates,"32,433",191,0.59%,2.90,"11,202",220.54,1.15,6.80,,,,,,,,90.03%
25-Oct-25,DanubeH_Awareness_Rest Of United Arab Emirates_SFF_PROS_Oct25,Awareness,Carousel,Rest of United Arab Emirates,United Arab Emirates,"19,331",96,0.50%,3.04,"6,361",131.45,1.37,6.80,,,,,,,,89.18%
25-Oct-25,DanubeH_Awareness_Muscat_SFF_PROS_Oct25,Awareness,Carousel,Muscat,OMAN,"37,326",201,0.54%,2.96,"12,624",235.15,1.17,6.30,,,,,,,,90.22%
25-Oct-25,DanubeH_Awareness_Rest Of Oman_SFF_PROS_Oct25,Awareness,Carousel,Rest of Oman,OMAN,"7,894",46,0.58%,3.26,"2,423",49.73,1.08,6.30,,,,,,,,91.66%
25-Oct-25,DanubeH_Awareness_Bahrain-EN_SAF_PROS_Oct25,Awareness,Carousel,Bahrain EN,Bahrain,"9,708",51,0.53%,2.93,"3,311",61.16,1.20,6.30,,,,,,,,89.05%
25-Oct-25,DanubeH_Awareness_Bahrain-AR_SAF_PROS_Oct25,Awareness,Carousel,Bahrain AR,Bahrain,"7,710",40,0.52%,3.06,"2,518",48.57,1.21,6.30,,,,,,,,91.51%
26-Oct-25,DanubeH_Awareness_Dubai_SFF_PROS_Oct25,Awareness,Display,Dubai,United Arab Emirates,"91,656",542,0.59%,3.27,"28,010",623.26,1.15,6.80,,,,,,,,91.90%
26-Oct-25,DanubeH_Awareness_Abu DhabiDhabi_SFF_PROS_Oct25,Awareness,Display,Abu Dhabi & Al Ain,United Arab Emirates,"104,761",668,0.64%,2.89,"36,281",712.37,1.07,6.80,,,,,,,,91.63%
26-Oct-25,DanubeH_Awareness_Rest Of United Arab Emirates_SFF_PROS_Oct25,Awareness,Display,Rest of United Arab Emirates,United Arab Emirates,"62,441",376,0.60%,3.19,"19,604",424.60,1.13,6.80,,,,,,,,89.22%
26-Oct-25,DanubeH_Awareness_Muscat_SFF_PROS_Oct25,Awareness,Display,Muscat,OMAN,"120,569",795,0.66%,3.21,"37,573",759.58,0.96,6.30,,,,,,,,91.75%
26-Oct-25,DanubeH_Awareness_Rest Of Oman_SFF_PROS_Oct25,Awareness,Display,Rest of Oman,OMAN,"25,496",169,0.66%,3.16,"8,073",160.62,0.95,6.30,,,,,,,,90.47%
26-Oct-25,DanubeH_Awareness_Bahrain-EN_SAF_PROS_Oct25,Awareness,Display,Bahrain EN,Bahrain,"31,357",207,0.66%,3.04,"10,327",197.55,0.95,6.30,,,,,,,,90.82%
26-Oct-25,DanubeH_Awareness_Bahrain-AR_SAF_PROS_Oct25,Awareness,Display,Bahrain AR,Bahrain,"26,832",165,0.61%,3.33,"8,057",169.04,1.02,6.30,,,,,,,,89.99%
26-Oct-25,DanubeH_Awareness_Dubai_SFF_PROS_Oct25,Awareness,Native,Dubai,United Arab Emirates,"110,272",689,0.62%,3.22,"34,274",749.85,1.09,6.80,,,,,,,,89.82%
26-Oct-25,DanubeH_Awareness_Abu DhabiDhabi_SFF_PROS_Oct25,Awareness,Native,Abu Dhabi & Al Ain,United Arab Emirates,"126,039",849,0.67%,2.84,"44,395",857.07,1.01,6.80,,,,,,,,89.95%
26-Oct-25,DanubeH_Awareness_Rest Of United Arab Emirates_SFF_PROS_Oct25,Awareness,Native,Rest of United Arab Emirates,United Arab Emirates,"75,122",478,0.64%,3.13,"23,988",510.83,1.07,6.80,,,,,,,,91.23%
26-Oct-25,DanubeH_Awareness_Muscat_SFF_PROS_Oct25,Awareness,Native,Muscat,OMAN,"145,056","1,011",0.70%,3.16,"45,976",913.85,0.90,6.30,,,,,,,,89.36%
26-Oct-25,DanubeH_Awareness_Rest Of Oman_SFF_PROS_Oct25,Awareness,Native,Rest of Oman,OMAN,"30,675",214,0.70%,3.11,"9,879",193.25,0.90,6.30,,,,,,,,91.84%
26-Oct-25,DanubeH_Awareness_Bahrain-EN_SAF_PROS_Oct25,Awareness,Native,Bahrain EN,Bahrain,"37,726",264,0.70%,2.99,"12,637",237.67,0.90,6.30,,,,,,,,91.17%
26-Oct-25,DanubeH_Awareness_Bahrain-AR_SAF_PROS_Oct25,Awareness,Native,Bahrain AR,Bahrain,"32,282",209,0.65%,3.27,"9,859",203.38,0.97,6.30,,,,,,,,91.30%
26-Oct-25,DanubeH_Awareness_Dubai_SFF_PROS_Oct25,Awareness,Carousel,Dubai,United Arab Emirates,"23,715",113,0.48%,3.08,"7,706",161.26,1.43,6.80,,,,,,,,91.12%
26-Oct-25,DanubeH_Awareness_Abu DhabiDhabi_SFF_PROS_Oct25,Awareness,Carousel,Abu Dhabi & Al Ain,United Arab Emirates,"27,106",139,0.51%,2.72,"9,981",184.32,1.33,6.80,,,,,,,,91.21%
26-Oct-25,DanubeH_Awareness_Rest Of United Arab Emirates_SFF_PROS_Oct25,Awareness,Carousel,Rest of United Arab Emirates,United Arab Emirates,"16,156",78,0.48%,3.00,"5,393",109.86,1.41,6.80,,,,,,,,89.22%
26-Oct-25,DanubeH_Awareness_Muscat_SFF_PROS_Oct25,Awareness,Carousel,Muscat,OMAN,"31,196",166,0.53%,3.02,"10,337",196.53,1.18,6.30,,,,,,,,89.77%
26-Oct-25,DanubeH_Awareness_Rest Of Oman_SFF_PROS_Oct25,Awareness,Carousel,Rest of Oman,OMAN,"6,597",35,0.53%,2.97,"2,221",41.56,0.25,6.30,,,,,,,,90.37%
26-Oct-25,DanubeH_Awareness_Bahrain-EN_SAF_PROS_Oct25,Awareness,Carousel,Bahrain EN,Bahrain,"8,113",43,0.53%,2.86,"2,841",51.11,0.31,6.30,,,,,,,,90.32%
26-Oct-25,DanubeH_Awareness_Bahrain-AR_SAF_PROS_Oct25,Awareness,Carousel,Bahrain AR,Bahrain,"6,943",34,0.49%,3.13,"2,217",43.74,0.26,6.30,,,,,,,,89.00%
27-Oct-25,DanubeH_Awareness_Dubai_SFF_PROS_Oct25,Awareness,Display,Dubai,United Arab Emirates,"77,359",555,0.72%,2.83,"27,299",526.04,3.17,6.80,,,,,,,,89.65%
27-Oct-25,DanubeH_Awareness_Abu DhabiDhabi_SFF_PROS_Oct25,Awareness,Display,Abu Dhabi & Al Ain,United Arab Emirates,"140,598","1,056",0.75%,2.81,"49,986",956.07,5.76,6.80,,,,,,,,89.10%
27-Oct-25,DanubeH_Awareness_Rest Of United Arab Emirates_SFF_PROS_Oct25,Awareness,Display,Rest of United Arab Emirates,United Arab Emirates,"56,991",422,0.74%,3.47,"16,434",387.54,2.33,6.80,,,,,,,,89.46%
27-Oct-25,DanubeH_Awareness_Muscat_SFF_PROS_Oct25,Awareness,Display,Muscat,OMAN,"80,869",595,0.74%,3.18,"25,436",509.47,3.07,6.30,,,,,,,,91.82%
27-Oct-25,DanubeH_Awareness_Rest Of Oman_SFF_PROS_Oct25,Awareness,Display,Rest of Oman,OMAN,"75,591",480,0.63%,2.91,"25,991",476.22,2.87,6.30,,,,,,,,89.37%
27-Oct-25,DanubeH_Awareness_Bahrain-EN_SAF_PROS_Oct25,Awareness,Display,Bahrain EN,Bahrain,"10,789",82,0.76%,2.78,"3,885",67.97,0.41,6.30,,,,,,,,91.00%
27-Oct-25,DanubeH_Awareness_Bahrain-AR_SAF_PROS_Oct25,Awareness,Display,Bahrain AR,Bahrain,"45,881",299,0.65%,3.21,"14,285",289.05,1.74,6.30,,,,,,,,90.94%
27-Oct-25,DanubeH_Awareness_Dubai_SFF_PROS_Oct25,Awareness,Native,Dubai,United Arab Emirates,"93,070",706,0.76%,2.79,"33,404",632.88,3.81,6.80,,,,,,,,89.70%
27-Oct-25,DanubeH_Awareness_Abu DhabiDhabi_SFF_PROS_Oct25,Awareness,Native,Abu Dhabi & Al Ain,United Arab Emirates,"169,153","1,343",0.79%,2.77,"61,165",1150.24,6.93,6.80,,,,,,,,89.07%
27-Oct-25,DanubeH_Awareness_Rest Of United Arab Emirates_SFF_PROS_Oct25,Awareness,Native,Rest of United Arab Emirates,United Arab Emirates,"68,566",537,0.78%,3.41,"20,110",466.25,2.81,6.80,,,,,,,,91.79%
27-Oct-25,DanubeH_Awareness_Muscat_SFF_PROS_Oct25,Awareness,Native,Muscat,OMAN,"97,293",756,0.78%,3.13,"31,124",612.95,3.69,6.30,,,,,,,,89.10%
27-Oct-25,DanubeH_Awareness_Rest Of Oman_SFF_PROS_Oct25,Awareness,Native,Rest of Oman,OMAN,"90,944",611,0.67%,2.86,"31,804",572.95,3.45,6.30,,,,,,,,89.05%
27-Oct-25,DanubeH_Awareness_Bahrain-EN_SAF_PROS_Oct25,Awareness,Native,Bahrain EN,Bahrain,"12,980",105,0.81%,2.73,"4,754",81.77,0.49,6.30,,,,,,,,91.72%
27-Oct-25,DanubeH_Awareness_Bahrain-AR_SAF_PROS_Oct25,Awareness,Native,Bahrain AR,Bahrain,"55,200",380,0.69%,3.16,"17,480",347.76,2.09,6.30,,,,,,,,89.35%
27-Oct-25,DanubeH_Awareness_Dubai_SFF_PROS_Oct25,Awareness,Carousel,Dubai,United Arab Emirates,"20,016",116,0.58%,2.67,"7,510",136.11,0.82,6.80,,,,,,,,91.23%
27-Oct-25,DanubeH_Awareness_Abu DhabiDhabi_SFF_PROS_Oct25,Awareness,Carousel,Abu Dhabi & Al Ain,United Arab Emirates,"36,378",220,0.60%,2.65,"13,752",247.37,1.49,6.80,,,,,,,,91.26%
27-Oct-25,DanubeH_Awareness_Rest Of United Arab Emirates_SFF_PROS_Oct25,Awareness,Carousel,Rest of United Arab Emirates,United Arab Emirates,"14,746",88,0.60%,3.26,"4,521",100.27,0.60,6.80,,,,,,,,90.86%
27-Oct-25,DanubeH_Awareness_Muscat_SFF_PROS_Oct25,Awareness,Carousel,Muscat,OMAN,"20,924",124,0.59%,2.99,"6,998",131.82,0.79,6.30,,,,,,,,90.42%
27-Oct-25,DanubeH_Awareness_Rest Of Oman_SFF_PROS_Oct25,Awareness,Carousel,Rest of Oman,OMAN,"19,559",100,0.51%,2.74,"7,150",123.22,0.74,6.30,,,,,,,,90.23%
27-Oct-25,DanubeH_Awareness_Bahrain-EN_SAF_PROS_Oct25,Awareness,Carousel,Bahrain EN,Bahrain,"2,791",17,0.61%,2.61,"1,069",17.58,0.11,6.30,,,,,,,,89.22%
27-Oct-25,DanubeH_Awareness_Bahrain-AR_SAF_PROS_Oct25,Awareness,Carousel,Bahrain AR,Bahrain,"11,871",62,0.52%,3.02,"3,930",74.79,0.45,6.30,,,,,,,,91.51%
28-Oct-25,DanubeH_Awareness_Dubai_SFF_PROS_Oct25,Awareness,Display,Dubai,United Arab Emirates,"39,953",266,0.67%,3.43,"11,660",271.68,1.64,6.80,,,,,,,,91.98%
28-Oct-25,DanubeH_Awareness_Abu DhabiDhabi_SFF_PROS_Oct25,Awareness,Display,Abu Dhabi & Al Ain,United Arab Emirates,"96,612",840,0.87%,2.94,"32,832",656.96,3.96,6.80,,,,,,,,89.90%
28-Oct-25,DanubeH_Awareness_Rest Of United Arab Emirates_SFF_PROS_Oct25,Awareness,Display,Rest of United Arab Emirates,United Arab Emirates,"41,255",262,0.64%,2.74,"15,044",280.53,1.69,6.80,,,,,,,,89.48%
28-Oct-25,DanubeH_Awareness_Muscat_SFF_PROS_Oct25,Awareness,Display,Muscat,OMAN,"63,419",495,0.78%,2.76,"23,003",399.54,2.41,6.30,,,,,,,,91.63%
28-Oct-25,DanubeH_Awareness_Rest Of Oman_SFF_PROS_Oct25,Awareness,Display,Rest of Oman,OMAN,"11,868",75,0.63%,3.95,"3,004",74.77,0.45,6.30,,,,,,,,90.45%
28-Oct-25,DanubeH_Awareness_Bahrain-EN_SAF_PROS_Oct25,Awareness,Display,Bahrain EN,Bahrain,"13,827",120,0.87%,2.59,"5,344",87.11,0.52,6.30,,,,,,,,91.54%
28-Oct-25,DanubeH_Awareness_Bahrain-AR_SAF_PROS_Oct25,Awareness,Display,Bahrain AR,Bahrain,"35,204",220,0.62%,3.02,"11,643",221.79,1.34,6.30,,,,,,,,90.00%
28-Oct-25,DanubeH_Awareness_Dubai_SFF_PROS_Oct25,Awareness,Native,Dubai,United Arab Emirates,"48,068",338,0.70%,3.39,"14,171",326.86,1.97,6.80,,,,,,,,91.24%
28-Oct-25,DanubeH_Awareness_Abu DhabiDhabi_SFF_PROS_Oct25,Awareness,Native,Abu Dhabi & Al Ain,United Arab Emirates,"116,233","1,069",0.92%,2.91,"39,902",790.38,4.76,6.80,,,,,,,,91.69%
28-Oct-25,DanubeH_Awareness_Rest Of United Arab Emirates_SFF_PROS_Oct25,Awareness,Native,Rest of United Arab Emirates,United Arab Emirates,"49,634",333,0.67%,2.71,"18,283",337.51,2.03,6.80,,,,,,,,89.66%
28-Oct-25,DanubeH_Awareness_Muscat_SFF_PROS_Oct25,Awareness,Native,Muscat,OMAN,"76,300",629,0.82%,2.73,"27,956",480.69,2.90,6.30,,,,,,,,89.26%
28-Oct-25,DanubeH_Awareness_Rest Of Oman_SFF_PROS_Oct25,Awareness,Native,Rest of Oman,OMAN,"14,279",96,0.67%,3.91,"3,651",89.96,0.54,6.30,,,,,,,,90.20%
28-Oct-25,DanubeH_Awareness_Bahrain-EN_SAF_PROS_Oct25,Awareness,Native,Bahrain EN,Bahrain,"16,635",153,0.92%,2.56,"6,495",104.80,0.63,6.30,,,,,,,,90.99%
28-Oct-25,DanubeH_Awareness_Bahrain-AR_SAF_PROS_Oct25,Awareness,Native,Bahrain AR,Bahrain,"42,354",280,0.66%,2.99,"14,151",266.83,1.61,6.30,,,,,,,,89.25%
28-Oct-25,DanubeH_Awareness_Dubai_SFF_PROS_Oct25,Awareness,Carousel,Dubai,United Arab Emirates,"10,337",55,0.53%,3.23,"3,196",70.29,0.42,6.80,,,,,,,,91.70%
28-Oct-25,DanubeH_Awareness_Abu DhabiDhabi_SFF_PROS_Oct25,Awareness,Carousel,Abu Dhabi & Al Ain,United Arab Emirates,"24,997",175,0.70%,2.78,"8,999",169.98,1.02,6.80,,,,,,,,89.25%
28-Oct-25,DanubeH_Awareness_Rest Of United Arab Emirates_SFF_PROS_Oct25,Awareness,Carousel,Rest of United Arab Emirates,United Arab Emirates,"10,674",55,0.52%,2.59,"4,123",72.58,0.44,6.80,,,,,,,,91.83%
28-Oct-25,DanubeH_Awareness_Muscat_SFF_PROS_Oct25,Awareness,Carousel,Muscat,OMAN,"16,409",103,0.63%,2.60,"6,305",103.38,0.62,6.30,,,,,,,,90.02%
28-Oct-25,DanubeH_Awareness_Rest Of Oman_SFF_PROS_Oct25,Awareness,Carousel,Rest of Oman,OMAN,"3,071",16,0.52%,3.73,823,19.35,0.12,6.30,,,,,,,,90.88%
28-Oct-25,DanubeH_Awareness_Bahrain-EN_SAF_PROS_Oct25,Awareness,Carousel,Bahrain EN,Bahrain,"3,578",25,0.70%,2.44,"1,465",22.54,0.14,6.30,,,,,,,,90.67%
28-Oct-25,DanubeH_Awareness_Bahrain-AR_SAF_PROS_Oct25,Awareness,Carousel,Bahrain AR,Bahrain,"9,109",46,0.50%,2.85,"3,191",57.39,0.35,6.30,,,,,,,,89.56%
29-Oct-25,DanubeH_Awareness_Dubai_SFF_PROS_Oct25,Awareness,Display,Dubai,United Arab Emirates,"45,955",305,0.66%,2.29,"20,077",312.49,1.88,6.80,,,,,,,,89.71%
29-Oct-25,DanubeH_Awareness_Abu DhabiDhabi_SFF_PROS_Oct25,Awareness,Display,Abu Dhabi & Al Ain,United Arab Emirates,"122,738",901,0.73%,3.06,"40,066",834.62,5.03,6.80,,,,,,,,89.55%
29-Oct-25,DanubeH_Awareness_Rest Of United Arab Emirates_SFF_PROS_Oct25,Awareness,Display,Rest of United Arab Emirates,United Arab Emirates,"73,560",467,0.63%,3.09,"23,823",500.21,3.01,6.80,,,,,,,,89.48%
29-Oct-25,DanubeH_Awareness_Muscat_SFF_PROS_Oct25,Awareness,Display,Muscat,OMAN,"11,640",77,0.66%,2.94,"3,954",73.33,0.44,6.30,,,,,,,,90.49%
29-Oct-25,DanubeH_Awareness_Rest Of Oman_SFF_PROS_Oct25,Awareness,Display,Rest of Oman,OMAN,"2,793",18,0.64%,0.81,"3,456",17.60,0.11,6.30,,,,,,,,89.56%
29-Oct-25,DanubeH_Awareness_Bahrain-EN_SAF_PROS_Oct25,Awareness,Display,Bahrain EN,Bahrain,"8,986",59,0.66%,3.93,"2,284",56.61,0.34,6.30,,,,,,,,90.24%
29-Oct-25,DanubeH_Awareness_Bahrain-AR_SAF_PROS_Oct25,Awareness,Display,Bahrain AR,Bahrain,"6,448",40,0.62%,2.05,"3,150",40.62,0.24,6.30,,,,,,,,89.02%
29-Oct-25,DanubeH_Awareness_Dubai_SFF_PROS_Oct25,Awareness,Native,Dubai,United Arab Emirates,"67,180",453,0.67%,2.28,"29,410",456.82,2.75,6.80,,,,,,,,90.36%
29-Oct-25,DanubeH_Awareness_Abu DhabiDhabi_SFF_PROS_Oct25,Awareness,Native,Abu Dhabi & Al Ain,United Arab Emirates,"179,424","1,335",0.74%,3.06,"58,692",1220.08,7.35,6.80,,,,,,,,90.51%
29-Oct-25,DanubeH_Awareness_Rest Of United Arab Emirates_SFF_PROS_Oct25,Awareness,Native,Rest of United Arab Emirates,United Arab Emirates,"107,533",692,0.64%,3.08,"34,898",731.22,4.40,6.80,,,,,,,,91.81%
29-Oct-25,DanubeH_Awareness_Muscat_SFF_PROS_Oct25,Awareness,Native,Muscat,OMAN,"17,017",115,0.68%,2.94,"5,793",107.21,0.65,6.30,,,,,,,,91.88%
29-Oct-25,DanubeH_Awareness_Rest Of Oman_SFF_PROS_Oct25,Awareness,Native,Rest of Oman,OMAN,"4,082",26,0.64%,0.81,"5,063",25.72,0.15,6.30,,,,,,,,89.04%
29-Oct-25,DanubeH_Awareness_Bahrain-EN_SAF_PROS_Oct25,Awareness,Native,Bahrain EN,Bahrain,"13,135",87,0.66%,3.93,"3,345",82.75,0.50,6.30,,,,,,,,90.59%
29-Oct-25,DanubeH_Awareness_Bahrain-AR_SAF_PROS_Oct25,Awareness,Native,Bahrain AR,Bahrain,"9,425",60,0.64%,2.04,"4,615",59.38,0.36,6.30,,,,,,,,90.73%
30-Oct-25,DanubeH_Awareness_Dubai_SFF_PROS_Oct25,Awareness,Display,Dubai,United Arab Emirates,"81,259",504,0.62%,4.06,"20,032",552.56,3.33,6.80,,,,,,,,91.23%
30-Oct-25,DanubeH_Awareness_Abu DhabiDhabi_SFF_PROS_Oct25,Awareness,Display,Abu Dhabi & Al Ain,United Arab Emirates,"107,715",934,0.87%,3.51,"30,722",732.46,4.41,6.80,,,,,,,,89.49%
30-Oct-25,DanubeH_Awareness_Rest Of United Arab Emirates_SFF_PROS_Oct25,Awareness,Display,Rest of United Arab Emirates,United Arab Emirates,"86,530",568,0.66%,3.20,"27,029",588.40,3.54,6.80,,,,,,,,91.51%
30-Oct-25,DanubeH_Awareness_Muscat_SFF_PROS_Oct25,Awareness,Display,Muscat,OMAN,"15,665",97,0.62%,3.92,"3,994",98.69,0.59,6.30,,,,,,,,91.35%
30-Oct-25,DanubeH_Awareness_Rest Of Oman_SFF_PROS_Oct25,Awareness,Display,Rest of Oman,OMAN,"2,460",15,0.61%,3.14,784,15.50,0.09,6.30,,,,,,,,89.72%
30-Oct-25,DanubeH_Awareness_Bahrain-EN_SAF_PROS_Oct25,Awareness,Display,Bahrain EN,Bahrain,663,4,0.60%,0.56,"1,192",4.18,0.03,6.30,,,,,,,,90.87%
30-Oct-25,DanubeH_Awareness_Bahrain-AR_SAF_PROS_Oct25,Awareness,Display,Bahrain AR,Bahrain,"57,125",360,0.63%,3.29,"17,363",359.89,2.17,6.30,,,,,,,,91.32%
30-Oct-25,DanubeH_Awareness_Dubai_SFF_PROS_Oct25,Awareness,Native,Dubai,United Arab Emirates,"104,561",741,0.71%,3.56,"29,345",711.01,4.28,6.80,,,,,,,,89.31%
30-Oct-25,DanubeH_Awareness_Abu DhabiDhabi_SFF_PROS_Oct25,Awareness,Native,Abu Dhabi & Al Ain,United Arab Emirates,"138,604","1,371",0.99%,3.08,"45,005",942.51,5.68,6.80,,,,,,,,91.85%
30-Oct-25,DanubeH_Awareness_Rest Of United Arab Emirates_SFF_PROS_Oct25,Awareness,Native,Rest of United Arab Emirates,United Arab Emirates,"111,343",835,0.75%,2.81,"39,595",757.13,4.56,6.80,,,,,,,,91.75%
30-Oct-25,DanubeH_Awareness_Muscat_SFF_PROS_Oct25,Awareness,Native,Muscat,OMAN,"20,156",143,0.71%,3.45,"5,850",126.98,0.76,6.30,,,,,,,,89.24%
30-Oct-25,DanubeH_Awareness_Rest Of Oman_SFF_PROS_Oct25,Awareness,Native,Rest of Oman,OMAN,"3,165",21,0.66%,2.75,"1,149",19.94,0.12,6.30,,,,,,,,89.91%
30-Oct-25,DanubeH_Awareness_Bahrain-EN_SAF_PROS_Oct25,Awareness,Native,Bahrain EN,Bahrain,852,6,0.70%,0.49,"1,746",5.37,0.03,6.30,,,,,,,,91.25%
30-Oct-25,DanubeH_Awareness_Bahrain-AR_SAF_PROS_Oct25,Awareness,Native,Bahrain AR,Bahrain,"73,507",528,0.72%,2.89,"25,435",463.09,2.79,6.30,,,,,,,,90.26%
31-Oct-25,DanubeH_Awareness_Dubai_SFF_PROS_Oct25,Awareness,Display,Dubai,United Arab Emirates,"18,661",104,0.56%,2.84,"6,561",126.89,0.76,6.80,,,,,,,,89.92%
31-Oct-25,DanubeH_Awareness_Abu DhabiDhabi_SFF_PROS_Oct25,Awareness,Display,Abu Dhabi & Al Ain,United Arab Emirates,"64,477",326,0.51%,2.69,"23,971",438.44,2.64,6.80,,,,,,,,89.81%
31-Oct-25,DanubeH_Awareness_Rest Of United Arab Emirates_SFF_PROS_Oct25,Awareness,Display,Rest of United Arab Emirates,United Arab Emirates,"30,166",133,0.44%,2.71,"11,114",205.13,1.24,6.80,,,,,,,,89.40%
31-Oct-25,DanubeH_Awareness_Muscat_SFF_PROS_Oct25,Awareness,Display,Muscat,OMAN,"14,501",42,0.29%,3.47,"4,174",91.36,0.55,6.30,,,,,,,,91.91%
31-Oct-25,DanubeH_Awareness_Rest Of Oman_SFF_PROS_Oct25,Awareness,Display,Rest of Oman,OMAN,"33,222",176,0.53%,2.91,"11,426",209.30,1.26,6.30,,,,,,,,90.25%
31-Oct-25,DanubeH_Awareness_Bahrain-EN_SAF_PROS_Oct25,Awareness,Display,Bahrain EN,Bahrain,946,5,0.53%,5.77,164,5.96,0.04,6.30,,,,,,,,89.30%
31-Oct-25,DanubeH_Awareness_Bahrain-AR_SAF_PROS_Oct25,Awareness,Display,Bahrain AR,Bahrain,"23,228",115,0.50%,2.85,"8,138",146.34,0.88,6.30,,,,,,,,91.25%
31-Oct-25,DanubeH_Awareness_Dubai_SFF_PROS_Oct25,Awareness,Native,Dubai,United Arab Emirates,"122,825",876,0.71%,2.89,"42,530",835.21,5.03,6.80,,,,,,,,90.83%
31-Oct-25,DanubeH_Awareness_Abu DhabiDhabi_SFF_PROS_Oct25,Awareness,Native,Abu Dhabi & Al Ain,United Arab Emirates,"424,373","2,752",0.65%,2.73,"155,393",2885.74,17.38,6.80,,,,,,,,90.05%
31-Oct-25,DanubeH_Awareness_Rest Of United Arab Emirates_SFF_PROS_Oct25,Awareness,Native,Rest of United Arab Emirates,United Arab Emirates,"198,547","1,125",0.57%,2.76,"72,047",1350.12,8.13,6.80,,,,,,,,89.66%
31-Oct-25,DanubeH_Awareness_Muscat_SFF_PROS_Oct25,Awareness,Native,Muscat,OMAN,"95,443",354,0.37%,3.53,"27,061",601.29,3.62,6.30,,,,,,,,90.09%
31-Oct-25,DanubeH_Awareness_Rest Of Oman_SFF_PROS_Oct25,Awareness,Native,Rest of Oman,OMAN,"218,657","1,489",0.68%,2.95,"74,070",1377.54,8.30,6.30,,,,,,,,91.65%
31-Oct-25,DanubeH_Awareness_Bahrain-EN_SAF_PROS_Oct25,Awareness,Native,Bahrain EN,Bahrain,"6,224",42,0.67%,5.87,"1,061",39.21,0.24,6.30,,,,,,,,89.80%
31-Oct-25,DanubeH_Awareness_Bahrain-AR_SAF_PROS_Oct25,Awareness,Native,Bahrain AR,Bahrain,"152,883",976,0.64%,2.9,"52,756",963.16,5.80,6.30,,,,,,,,90.24%
31-Oct-25,DanubeH_Awareness_Dubai_SFF_PROS_Oct25,Awareness,HTML,Dubai,United Arab Emirates,"31,946",183,0.57%,2.88,"11,099",217.23,1.31,6.80,,,,,,,,89.65%
31-Oct-25,DanubeH_Awareness_Abu DhabiDhabi_SFF_PROS_Oct25,Awareness,HTML,Abu Dhabi & Al Ain,United Arab Emirates,"110,377",574,0.52%,2.72,"40,553",750.56,4.52,6.80,,,,,,,,91.80%
31-Oct-25,DanubeH_Awareness_Rest Of United Arab Emirates_SFF_PROS_Oct25,Awareness,HTML,Rest of United Arab Emirates,United Arab Emirates,"51,641",235,0.46%,2.75,"18,802",351.16,2.12,6.80,,,,,,,,91.79%
31-Oct-25,DanubeH_Awareness_Muscat_SFF_PROS_Oct25,Awareness,HTML,Muscat,OMAN,"24,824",74,0.30%,3.52,"7,062",156.39,0.94,6.30,,,,,,,,91.57%
31-Oct-25,DanubeH_Awareness_Rest Of Oman_SFF_PROS_Oct25,Awareness,HTML,Rest of Oman,OMAN,"56,872",310,0.55%,2.94,"19,330",358.29,2.16,6.30,,,,,,,,90.80%
31-Oct-25,DanubeH_Awareness_Bahrain-EN_SAF_PROS_Oct25,Awareness,HTML,Bahrain EN,Bahrain,"1,619",9,0.56%,5.84,277,10.20,0.06,6.30,,,,,,,,89.48%
31-Oct-25,DanubeH_Awareness_Bahrain-AR_SAF_PROS_Oct25,Awareness,HTML,Bahrain AR,Bahrain,"39,764",203,0.51%,2.89,"13,768",250.51,1.51,6.30,,,,,,,,91.58%
26-Oct-25,DanubeH_Awareness_Dubai_SFF_VID_PROS_Oct25,Awareness,Video,Dubai,United Arab Emirates,"27,494",0,0,3.18,8642,987.80,0,0,"22,972",83.55%,0.043,,,,,89.55%
26-Oct-25,DanubeH_Awareness_Abu DhabiDhabi_SFF_VID_PROS_Oct25,Awareness,Video,Abu Dhabi & Al Ain,United Arab Emirates,"25,176",0,0,3.3,7629,801.65,0,0,"18,643",74.05%,0.043,,,,,90.07%
26-Oct-25,DanubeH_Awareness_Rest Of United Arab Emirates_SFF_VID_PROS_Oct25,Awareness,Video,Rest of United Arab Emirates,United Arab Emirates,"19,982",0,0,2.98,"6,714",635.54,0,0,"14,780",73.97%,0.043,,,,,89.25%
27-Oct-25,DanubeH_Awareness_Dubai_SFF_VID_PROS_Oct25,Awareness,Video,Dubai,United Arab Emirates,"18,329",0,0,3.23,"5,678",667.92,0,0,"15,533",84.75%,0.043,,,,,89.03%
27-Oct-25,DanubeH_Awareness_Abu DhabiDhabi_SFF_VID_PROS_Oct25,Awareness,Video,Abu Dhabi & Al Ain,United Arab Emirates,"16,784",0,0,3.32,"5,048",544.34,0,0,"12,659",75.42%,0.043,,,,,90.73%
27-Oct-25,DanubeH_Awareness_Rest Of United Arab Emirates_SFF_VID_PROS_Oct25,Awareness,Video,Rest of United Arab Emirates,United Arab Emirates,"13,322",0,0,3.09,"4,314",435.50,0,0,"10,128",76.02%,0.043,,,,,90.18%
20-Nov-25,DanubeH_Awareness_HTML_Bahrain_BRS_PROS_Nov25,Awareness,HTML - Two Products,Bahrain EN,Bahrain,"8,025",52,0.65%,5.42,1481,50.56,0.97,6.3,,,,,,,,89.43%
20-Nov-25,DanubeH_Awareness_HTML_Bahrain_BRS_PROS_Nov25,Awareness,HTML - Two Products,Bahrain AR,Bahrain,"7,836",48,0.61%,6.03,1299,49.37,1.03,6.3,,,,,,,,89.58%
21-Nov-25,DanubeH_Awareness_HTML_Dubai_MRS_PROS_Nov25,Awareness,HTML - Two Products,Dubai,United Arab Emirates,"6,108",41,0.67%,0.91,6695,42.76,1.04,7,,,,,,,,90.90%
21-Nov-25,DanubeH_Awareness_HTML_Abu DhabiDhabi&AlAin_MRS_PROS_Nov25,Awareness,HTML - Two Products,Abu Dhabi,United Arab Emirates,"7,926",54,0.68%,0.92,8570,55.48,1.03,7,,,,,,,,90.12%
21-Nov-25,DanubeH_Awareness_HTML_Rest Of United Arab Emirates_MRS_PROS_Nov25,Awareness,HTML - Two Products,Rest of United Arab Emirates,United Arab Emirates,"2,641",15,0.57%,0.94,2817,18.49,1.23,7,,,,,,,,91.96%
21-Nov-25,DanubeH_Awareness_HTML_Muscat_BRS_PROS_Nov25,Awareness,HTML - Two Products,Muscat,Oman,"3,802",24,0.63%,0.94,4029,23.95,1,6.3,,,,,,,,91.76%
21-Nov-25,DanubeH_Awareness_HTML_Rest Of Oman_BRS_PROS_Nov25,Awareness,HTML - Two Products,Rest of Oman,Oman,"3,209",21,0.65%,0.93,3435,20.22,0.96,6.3,,,,,,,,90.68%
21-Nov-25,DanubeH_Awareness_HTML_Bahrain_BRS_PROS_Nov25,Awareness,HTML - Two Products,Bahrain EN,Bahrain,"4,074",29,0.71%,0.92,4436,25.67,0.89,6.3,,,,,,,,90.43%
21-Nov-25,DanubeH_Awareness_HTML_Bahrain_BRS_PROS_Nov25,Awareness,HTML - Two Products,Bahrain AR,Bahrain,"9,956",67,0.67%,0.92,10802,62.72,0.94,6.3,,,,,,,,91.20%
21-Nov-25,DanubeH_Awareness_HTML_Dubai_MRS_PROS_Nov25,Awareness,HTML -Vertical Scrolling,Dubai,United Arab Emirates,"6,084",34,0.56%,1.04,5832,42.59,1.25,7,,,,,,,,89.24%
21-Nov-25,DanubeH_Awareness_HTML_Abu DhabiDhabi&AlAin_MRS_PROS_Nov25,Awareness,HTML -Vertical Scrolling,Abu Dhabi,United Arab Emirates,"7,895",45,0.57%,1.06,7465,55.27,1.23,7,,,,,,,,91.32%
21-Nov-25,DanubeH_Awareness_HTML_Rest Of United Arab Emirates_MRS_PROS_Nov25,Awareness,HTML -Vertical Scrolling,Rest of United Arab Emirates,United Arab Emirates,"2,631",13,0.49%,1.07,2454,18.42,1.42,7,,,,,,,,90.71%
21-Nov-25,DanubeH_Awareness_HTML_Muscat_BRS_PROS_Nov25,Awareness,HTML -Vertical Scrolling,Muscat,Oman,"3,787",20,0.53%,1.08,3510,23.86,1.19,6.3,,,,,,,,89.49%
21-Nov-25,DanubeH_Awareness_HTML_Rest Of Oman_BRS_PROS_Nov25,Awareness,HTML -Vertical Scrolling,Rest of Oman,Oman,"3,196",17,0.53%,1.07,2992,20.13,1.18,6.3,,,,,,,,90.81%
21-Nov-25,DanubeH_Awareness_HTML_Bahrain_BRS_PROS_Nov25,Awareness,HTML -Vertical Scrolling,Bahrain EN,Bahrain,"4,058",24,0.59%,1.05,3864,25.57,1.07,6.3,,,,,,,,90.90%
21-Nov-25,DanubeH_Awareness_HTML_Bahrain_BRS_PROS_Nov25,Awareness,HTML -Vertical Scrolling,Bahrain AR,Bahrain,"9,917",57,0.57%,1.05,9410,62.48,1.1,6.3,,,,,,,,89.01%
21-Nov-25,DanubeH_Awareness_HTML_Dubai_MRS_PROS_Nov25,Awareness,HTML - 4 products showcase,Dubai,United Arab Emirates,"1,219",5,0.41%,1.34,913,8.53,1.71,7,,,,,,,,91.26%
21-Nov-25,DanubeH_Awareness_HTML_Abu DhabiDhabi&AlAin_MRS_PROS_Nov25,Awareness,HTML - 4 products showcase,Abu Dhabi,United Arab Emirates,"1,582",6,0.38%,1.35,"1,169",11.07,1.85,7,,,,,,,,90.43%
21-Nov-25,DanubeH_Awareness_HTML_Rest Of United Arab Emirates_MRS_PROS_Nov25,Awareness,HTML - 4 products showcase,Rest of United Arab Emirates,United Arab Emirates,527,2,0.38%,1.37,384,3.69,1.84,7,,,,,,,,90.22%
21-Nov-25,DanubeH_Awareness_HTML_Muscat_BRS_PROS_Nov25,Awareness,HTML - 4 products showcase,Muscat,Oman,759,3,0.40%,1.38,549,4.78,1.59,6.3,,,,,,,,89.71%
21-Nov-25,DanubeH_Awareness_HTML_Rest Of Oman_BRS_PROS_Nov25,Awareness,HTML - 4 products showcase,Rest of Oman,Oman,640,2,0.31%,1.37,468,4.03,2.02,6.3,,,,,,,,90.73%
21-Nov-25,DanubeH_Awareness_HTML_Bahrain_BRS_PROS_Nov25,Awareness,HTML - 4 products showcase,Bahrain EN,Bahrain,813,3,0.37%,1.34,605,5.12,1.71,6.3,,,,,,,,89.96%
21-Nov-25,DanubeH_Awareness_HTML_Bahrain_BRS_PROS_Nov25,Awareness,HTML - 4 products showcase,Bahrain AR,Bahrain,"1,987",8,0.40%,1.35,1473,12.52,1.56,6.3,,,,,,,,91.73%
21-Nov-25,DanubeH_Awareness_HTML_Dubai_MRS_PROS_Nov25,Awareness,Display,Dubai,United Arab Emirates,15237,99,0.65%,6.49,2349,106.66,1.08,7,,,,,,,,90.42%
21-Nov-25,DanubeH_Awareness_HTML_Abu DhabiDhabi&AlAin_MRS_PROS_Nov25,Awareness,Display,Abu Dhabi,United Arab Emirates,19772,130,0.66%,6.58,3007,138.4,1.06,7,,,,,,,,91.87%
21-Nov-25,DanubeH_Awareness_HTML_Rest Of United Arab Emirates_MRS_PROS_Nov25,Awareness,Display,Rest of United Arab Emirates,United Arab Emirates,6588,37,0.56%,6.66,989,46.12,1.25,7,,,,,,,,90.07%
21-Nov-25,DanubeH_Awareness_HTML_Muscat_BRS_PROS_Nov25,Awareness,Display,Muscat,Oman,9485,58,0.61%,6.71,1414,59.76,1.03,6.3,,,,,,,,90.66%
21-Nov-25,DanubeH_Awareness_HTML_Rest Of Oman_BRS_PROS_Nov25,Awareness,Display,Rest of Oman,Oman,8004,50,0.62%,6.64,1205,50.43,1.01,6.3,,,,,,,,91.79%
21-Nov-25,DanubeH_Awareness_HTML_Bahrain_BRS_PROS_Nov25,Awareness,Display,Bahrain EN,Bahrain,10164,70,0.69%,6.53,1556,64.03,0.91,6.3,,,,,,,,90.96%
21-Nov-25,DanubeH_Awareness_HTML_Bahrain_BRS_PROS_Nov25,Awareness,Display,Bahrain AR,Bahrain,24836,164,0.66%,6.55,3790,156.47,0.95,6.3,,,,,,,,91.48%
21-Nov-25,DanubeH_Awareness_HTML_Dubai_MRS_PROS_Nov25,Awareness,Native,Dubai,United Arab Emirates,23771,149,0.63%,6.37,3729,166.4,1.12,7,,,,,,,,91.16%
21-Nov-25,DanubeH_Awareness_HTML_Abu DhabiDhabi&AlAin_MRS_PROS_Nov25,Awareness,Native,Abu Dhabi,United Arab Emirates,30846,196,0.64%,6.46,4773,215.92,1.1,7,,,,,,,,90.80%
21-Nov-25,DanubeH_Awareness_HTML_Rest Of United Arab Emirates_MRS_PROS_Nov25,Awareness,Native,Rest of United Arab Emirates,United Arab Emirates,10278,56,0.54%,6.55,1569,71.95,1.28,7,,,,,,,,89.09%
21-Nov-25,DanubeH_Awareness_HTML_Muscat_BRS_PROS_Nov25,Awareness,Native,Muscat,Oman,14798,88,0.59%,6.59,2244,93.23,1.06,6.3,,,,,,,,91.15%
21-Nov-25,DanubeH_Awareness_HTML_Rest Of Oman_BRS_PROS_Nov25,Awareness,Native,Rest of Oman,Oman,12488,76,0.61%,6.53,1913,78.67,1.04,6.3,,,,,,,,89.97%
21-Nov-25,DanubeH_Awareness_HTML_Bahrain_BRS_PROS_Nov25,Awareness,Native,Bahrain EN,Bahrain,15857,106,0.67%,6.42,2470,99.9,0.94,6.3,,,,,,,,89.21%
21-Nov-25,DanubeH_Awareness_HTML_Bahrain_BRS_PROS_Nov25,Awareness,Native,Bahrain AR,Bahrain,38748,246,0.63%,6.44,6016,244.11,0.99,6.3,,,,,,,,90.18%
21-Nov-25,DanubeH_Awareness_Carousel_Dubai_MRS_PROS_Nov25,Awareness,Carousel,Dubai,United Arab Emirates,8237,43,0.52%,6.21,1326,57.66,1.34,7,,,,,,,,89.65%
21-Nov-25,DanubeH_Awareness_Carousel_Abu DhabiDhabi&AlAin_MRS_PROS_Nov25,Awareness,Carousel,Abu Dhabi,United Arab Emirates,10689,57,0.53%,6.3,1697,74.82,1.31,7,,,,,,,,90.71%
21-Nov-25,DanubeH_Awareness_Carousel_Rest Of United Arab Emirates_MRS_PROS_Nov25,Awareness,Carousel,Rest of United Arab Emirates,United Arab Emirates,3562,16,0.45%,6.38,558,24.93,1.56,7,,,,,,,,90.97%
21-Nov-25,DanubeH_Awareness_Carousel_Muscat_BRS_PROS_Nov25,Awareness,Carousel,Muscat,Oman,5128,25,0.49%,6.43,798,32.31,1.29,6.3,,,,,,,,89.34%
21-Nov-25,DanubeH_Awareness_Carousel_Rest Of Oman_BRS_PROS_Nov25,Awareness,Carousel,Rest of Oman,Oman,4327,22,0.51%,6.36,680,27.26,1.24,6.3,,,,,,,,90.79%
21-Nov-25,DanubeH_Awareness_Carousel_Bahrain_EN_BRS_PROS_Nov25,Awareness,Carousel,Bahrain EN,Bahrain,5495,31,0.56%,6.26,878,34.62,1.12,6.3,,,,,,,,91.02%
21-Nov-25,DanubeH_Awareness_Carousel_Bahrain_AR_BRS_PROS_Nov25,Awareness,Carousel,Bahrain AR,Bahrain,13427,71,0.53%,6.28,2139,84.59,1.19,6.3,,,,,,,,91.87%
22-Nov-25,DanubeH_Awareness_HTML_Dubai_MRS_PROS_Nov25,Awareness,HTML - Two Products,Dubai,United Arab Emirates,"111,864",715,0.64%,3.44,32534,783.05,1.1,7,,,,,,,,91.28%
22-Nov-25,DanubeH_Awareness_HTML_Abu DhabiDhabi&AlAin_MRS_PROS_Nov25,Awareness,HTML - Two Products,Abu Dhabi,United Arab Emirates,"83,958",545,0.65%,3.36,25005,587.71,1.08,7,,,,,,,,91.55%
22-Nov-25,DanubeH_Awareness_HTML_Rest Of United Arab Emirates_MRS_PROS_Nov25,Awareness,HTML - Two Products,Rest of United Arab Emirates,United Arab Emirates,"38,582",219,0.57%,3.43,11259,270.07,1.23,7,,,,,,,,89.28%
22-Nov-25,DanubeH_Awareness_HTML_Muscat_BRS_PROS_Nov25,Awareness,HTML - Two Products,Muscat,Oman,"73,730",463,0.63%,3.39,21735,464.5,1,6.3,,,,,,,,89.12%
22-Nov-25,DanubeH_Awareness_HTML_Rest Of Oman_BRS_PROS_Nov25,Awareness,HTML - Two Products,Rest of Oman,Oman,"38,032",239,0.63%,3.38,11250,239.6,1,6.3,,,,,,,,90.96%
22-Nov-25,DanubeH_Awareness_HTML_Bahrain_BRS_PROS_Nov25,Awareness,HTML - Two Products,Bahrain EN,Bahrain,"28,978",191,0.66%,3.35,8660,182.56,0.96,6.3,,,,,,,,89.42%
22-Nov-25,DanubeH_Awareness_HTML_Bahrain_BRS_PROS_Nov25,Awareness,HTML - Two Products,Bahrain AR,Bahrain,"65,091",416,0.64%,3.45,18867,410.07,0.99,6.3,,,,,,,,90.93%
22-Nov-25,DanubeH_Awareness_HTML_Dubai_MRS_PROS_Nov25,Awareness,HTML -Vertical Scrolling,Dubai,United Arab Emirates,"95,244",601,0.63%,3.04,31345,666.71,1.11,7,,,,,,,,90.92%
22-Nov-25,DanubeH_Awareness_HTML_Abu DhabiDhabi&AlAin_MRS_PROS_Nov25,Awareness,HTML -Vertical Scrolling,Abu Dhabi,United Arab Emirates,"71,484",458,0.64%,2.97,24092,500.39,1.09,7,,,,,,,,91.24%
22-Nov-25,DanubeH_Awareness_HTML_Rest Of United Arab Emirates_MRS_PROS_Nov25,Awareness,HTML -Vertical Scrolling,Rest of United Arab Emirates,United Arab Emirates,"32,850",184,0.56%,3.03,10847,229.95,1.25,7,,,,,,,,89.35%
22-Nov-25,DanubeH_Awareness_HTML_Muscat_BRS_PROS_Nov25,Awareness,HTML -Vertical Scrolling,Muscat,Oman,"62,776",390,0.62%,3,20941,395.49,1.01,6.3,,,,,,,,89.78%
22-Nov-25,DanubeH_Awareness_HTML_Rest Of Oman_BRS_PROS_Nov25,Awareness,HTML -Vertical Scrolling,Rest of Oman,Oman,"32,382",201,0.62%,2.99,10839,204.01,1.01,6.3,,,,,,,,89.30%
22-Nov-25,DanubeH_Awareness_HTML_Bahrain_BRS_PROS_Nov25,Awareness,HTML -Vertical Scrolling,Bahrain EN,Bahrain,"24,673",161,0.65%,2.96,8344,155.44,0.97,6.3,,,,,,,,90.88%
22-Nov-25,DanubeH_Awareness_HTML_Bahrain_BRS_PROS_Nov25,Awareness,HTML -Vertical Scrolling,Bahrain AR,Bahrain,"55,420",350,0.63%,3.05,18178,349.15,1,6.3,,,,,,,,89.10%
22-Nov-25,DanubeH_Awareness_HTML_Dubai_MRS_PROS_Nov25,Awareness,HTML - 4 products showcase,Dubai,United Arab Emirates,"12,916",81,0.63%,2.73,4734,90.41,1.12,7,,,,,,,,91.73%
22-Nov-25,DanubeH_Awareness_HTML_Abu DhabiDhabi&AlAin_MRS_PROS_Nov25,Awareness,HTML - 4 products showcase,Abu Dhabi,United Arab Emirates,"9,694",62,0.64%,2.66,"3,639",67.86,1.09,7,,,,,,,,89.88%
22-Nov-25,DanubeH_Awareness_HTML_Rest Of United Arab Emirates_MRS_PROS_Nov25,Awareness,HTML - 4 products showcase,Rest of United Arab Emirates,United Arab Emirates,"4,455",25,0.56%,2.72,1638,31.19,1.25,7,,,,,,,,91.52%
22-Nov-25,DanubeH_Awareness_HTML_Muscat_BRS_PROS_Nov25,Awareness,HTML - 4 products showcase,Muscat,Oman,"8,513",53,0.62%,2.69,3163,53.63,1.01,6.3,,,,,,,,92.00%
22-Nov-25,DanubeH_Awareness_HTML_Rest Of Oman_BRS_PROS_Nov25,Awareness,HTML - 4 products showcase,Rest of Oman,Oman,"4,391",27,0.61%,2.68,1637,27.66,1.02,6.3,,,,,,,,89.98%
22-Nov-25,DanubeH_Awareness_HTML_Bahrain_BRS_PROS_Nov25,Awareness,HTML - 4 products showcase,Bahrain EN,Bahrain,"3,346",22,0.66%,2.66,1260,21.08,0.96,6.3,,,,,,,,90.49%
22-Nov-25,DanubeH_Awareness_HTML_Bahrain_BRS_PROS_Nov25,Awareness,HTML - 4 products showcase,Bahrain AR,Bahrain,"7,516",47,0.63%,2.74,2746,47.35,1.01,6.3,,,,,,,,90.32%
22-Nov-25,DanubeH_Awareness_HTML_Dubai_MRS_PROS_Nov25,Awareness,Display,Dubai,United Arab Emirates,42259,242,0.57%,2.74,15424,295.81,1.22,7,,,,,,,,91.87%
22-Nov-25,DanubeH_Awareness_HTML_Abu DhabiDhabi&AlAin_MRS_PROS_Nov25,Awareness,Display,Abu Dhabi,United Arab Emirates,31717,185,0.58%,2.68,11855,222.02,1.2,7,,,,,,,,91.39%
22-Nov-25,DanubeH_Awareness_HTML_Rest Of United Arab Emirates_MRS_PROS_Nov25,Awareness,Display,Rest of United Arab Emirates,United Arab Emirates,14575,74,0.51%,2.73,5338,102.03,1.38,7,,,,,,,,91.76%
22-Nov-25,DanubeH_Awareness_HTML_Muscat_BRS_PROS_Nov25,Awareness,Display,Muscat,Oman,27853,157,0.56%,2.7,10304,175.47,1.12,6.3,,,,,,,,91.28%
22-Nov-25,DanubeH_Awareness_HTML_Rest Of Oman_BRS_PROS_Nov25,Awareness,Display,Rest of Oman,Oman,14367,81,0.56%,2.69,5333,90.51,1.12,6.3,,,,,,,,90.72%
22-Nov-25,DanubeH_Awareness_HTML_Bahrain_BRS_PROS_Nov25,Awareness,Display,Bahrain EN,Bahrain,10947,65,0.59%,2.67,4106,68.97,1.06,6.3,,,,,,,,89.72%
22-Nov-25,DanubeH_Awareness_HTML_Bahrain_BRS_PROS_Nov25,Awareness,Display,Bahrain AR,Bahrain,24589,141,0.57%,2.75,8945,154.91,1.1,6.3,,,,,,,,90.81%
22-Nov-25,DanubeH_Awareness_HTML_Dubai_MRS_PROS_Nov25,Awareness,Native,Dubai,United Arab Emirates,45706,278,0.61%,2.36,19337,319.94,1.15,7,,,,,,,,89.23%
22-Nov-25,DanubeH_Awareness_HTML_Abu DhabiDhabi&AlAin_MRS_PROS_Nov25,Awareness,Native,Abu Dhabi,United Arab Emirates,34304,212,0.62%,2.31,14862,240.13,1.13,7,,,,,,,,91.46%
22-Nov-25,DanubeH_Awareness_HTML_Rest Of United Arab Emirates_MRS_PROS_Nov25,Awareness,Native,Rest of United Arab Emirates,United Arab Emirates,15764,85,0.54%,2.36,6692,110.35,1.3,7,,,,,,,,89.30%
22-Nov-25,DanubeH_Awareness_HTML_Muscat_BRS_PROS_Nov25,Awareness,Native,Muscat,Oman,30125,180,0.60%,2.33,12918,189.79,1.05,6.3,,,,,,,,90.88%
22-Nov-25,DanubeH_Awareness_HTML_Rest Of Oman_BRS_PROS_Nov25,Awareness,Native,Rest of Oman,Oman,15539,93,0.60%,2.32,6686,97.9,1.05,6.3,,,,,,,,91.02%
22-Nov-25,DanubeH_Awareness_HTML_Bahrain_BRS_PROS_Nov25,Awareness,Native,Bahrain EN,Bahrain,11840,74,0.63%,2.3,5147,74.59,1.01,6.3,,,,,,,,89.02%
22-Nov-25,DanubeH_Awareness_HTML_Bahrain_BRS_PROS_Nov25,Awareness,Native,Bahrain AR,Bahrain,26595,162,0.61%,2.37,11214,167.55,1.03,6.3,,,,,,,,90.59%
22-Nov-25,DanubeH_Awareness_Carousel_Dubai_MRS_PROS_Nov25,Awareness,Carousel,Dubai,United Arab Emirates,14108,80,0.57%,2.99,4713,98.76,1.23,7,,,,,,,,91.11%
22-Nov-25,DanubeH_Awareness_Carousel_Abu DhabiDhabi&AlAin_MRS_PROS_Nov25,Awareness,Carousel,Abu Dhabi,United Arab Emirates,10589,61,0.58%,2.92,3622,74.12,1.22,7,,,,,,,,89.73%
22-Nov-25,DanubeH_Awareness_Carousel_Rest Of United Arab Emirates_MRS_PROS_Nov25,Awareness,Carousel,Rest of United Arab Emirates,United Arab Emirates,4866,25,0.51%,2.98,1631,34.06,1.36,7,,,,,,,,91.63%
22-Nov-25,DanubeH_Awareness_Carousel_Muscat_BRS_PROS_Nov25,Awareness,Carousel,Muscat,Oman,9299,52,0.56%,2.95,3148,58.58,1.13,6.3,,,,,,,,89.98%
22-Nov-25,DanubeH_Awareness_Carousel_Rest Of Oman_BRS_PROS_Nov25,Awareness,Carousel,Rest of Oman,Oman,4796,27,0.56%,2.94,1630,30.21,1.12,6.3,,,,,,,,91.41%
22-Nov-25,DanubeH_Awareness_Carousel_Bahrain_EN_BRS_PROS_Nov25,Awareness,Carousel,Bahrain EN,Bahrain,3655,22,0.60%,2.91,1254,23.03,1.05,6.3,,,,,,,,89.97%
22-Nov-25,DanubeH_Awareness_Carousel_Bahrain_AR_BRS_PROS_Nov25,Awareness,Carousel,Bahrain AR,Bahrain,8209,47,0.57%,3,2733,51.72,1.1,6.3,,,,,,,,90.95%
23-Nov-25,DanubeH_Awareness_HTML_Dubai_MRS_PROS_Nov25,Awareness,HTML - Two Products,Dubai,United Arab Emirates,220864,1437,0.65%,2.92,75561,"1,546.05",1.08,7,,,,,,,,91.65%
23-Nov-25,DanubeH_Awareness_HTML_Abu DhabiDhabi&AlAin_MRS_PROS_Nov25,Awareness,HTML - Two Products,Abu Dhabi,United Arab Emirates,166904,1162,0.70%,2.99,55872,"1,168.33",1.01,7,,,,,,,,89.16%
23-Nov-25,DanubeH_Awareness_HTML_Rest Of United Arab Emirates_MRS_PROS_Nov25,Awareness,HTML - Two Products,Rest of United Arab Emirates,United Arab Emirates,49608,310,0.62%,3.02,16413,347.26,1.12,7,,,,,,,,90.88%
23-Nov-25,DanubeH_Awareness_HTML_Muscat_BRS_PROS_Nov25,Awareness,HTML - Two Products,Muscat,Oman,56802,373,0.66%,2.87,19824,357.85,0.96,6.3,,,,,,,,89.27%
23-Nov-25,DanubeH_Awareness_HTML_Rest Of Oman_BRS_PROS_Nov25,Awareness,HTML - Two Products,Rest of Oman,Oman,47739,260,0.54%,2.96,16155,300.76,1.16,6.3,,,,,,,,89.71%
23-Nov-25,DanubeH_Awareness_HTML_Bahrain_BRS_PROS_Nov25,Awareness,HTML - Two Products,Bahrain EN,Bahrain,25563,194,0.76%,2.97,8604,161.05,0.83,6.3,,,,,,,,91.51%
23-Nov-25,DanubeH_Awareness_HTML_Bahrain_BRS_PROS_Nov25,Awareness,HTML - Two Products,Bahrain AR,Bahrain,32010,216,0.67%,2.82,11369,201.66,0.93,6.3,,,,,,,,91.16%
23-Nov-25,DanubeH_Awareness_HTML_Dubai_MRS_PROS_Nov25,Awareness,HTML -Vertical Scrolling,Dubai,United Arab Emirates,194578,1239,0.64%,2.82,69084,"1,362.05",1.1,7,,,,,,,,89.86%
23-Nov-25,DanubeH_Awareness_HTML_Abu DhabiDhabi&AlAin_MRS_PROS_Nov25,Awareness,HTML -Vertical Scrolling,Abu Dhabi,United Arab Emirates,147040,1002,0.68%,2.88,51082,"1,029.28",1.03,7,,,,,,,,91.72%
23-Nov-25,DanubeH_Awareness_HTML_Rest Of United Arab Emirates_MRS_PROS_Nov25,Awareness,HTML -Vertical Scrolling,Rest of United Arab Emirates,United Arab Emirates,43704,267,0.61%,2.91,15006,305.93,1.15,7,,,,,,,,89.08%
23-Nov-25,DanubeH_Awareness_HTML_Muscat_BRS_PROS_Nov25,Awareness,HTML -Vertical Scrolling,Muscat,Oman,50042,322,0.64%,2.76,18124,315.26,0.98,6.3,,,,,,,,90.52%
23-Nov-25,DanubeH_Awareness_HTML_Rest Of Oman_BRS_PROS_Nov25,Awareness,HTML -Vertical Scrolling,Rest of Oman,Oman,42058,224,0.53%,2.85,14770,264.97,1.18,6.3,,,,,,,,89.85%
23-Nov-25,DanubeH_Awareness_HTML_Bahrain_BRS_PROS_Nov25,Awareness,HTML -Vertical Scrolling,Bahrain EN,Bahrain,22520,168,0.75%,2.86,7867,141.88,0.84,6.3,,,,,,,,91.34%
23-Nov-25,DanubeH_Awareness_HTML_Bahrain_BRS_PROS_Nov25,Awareness,HTML -Vertical Scrolling,Bahrain AR,Bahrain,28200,187,0.66%,2.71,10394,177.66,0.95,6.3,,,,,,,,89.97%
23-Nov-25,DanubeH_Awareness_HTML_Dubai_MRS_PROS_Nov25,Awareness,HTML - 4 products showcase,Dubai,United Arab Emirates,32050,167,0.52%,2.8,11442,224.35,1.34,7,,,,,,,,89.98%
23-Nov-25,DanubeH_Awareness_HTML_Abu DhabiDhabi&AlAin_MRS_PROS_Nov25,Awareness,HTML - 4 products showcase,Abu Dhabi,United Arab Emirates,24220,135,0.56%,2.86,8460,169.54,1.26,7,,,,,,,,90.98%
23-Nov-25,DanubeH_Awareness_HTML_Rest Of United Arab Emirates_MRS_PROS_Nov25,Awareness,HTML - 4 products showcase,Rest of United Arab Emirates,United Arab Emirates,7199,36,0.50%,2.9,2485,50.39,1.4,7,,,,,,,,91.50%
23-Nov-25,DanubeH_Awareness_HTML_Muscat_BRS_PROS_Nov25,Awareness,HTML - 4 products showcase,Muscat,Oman,8243,43,0.52%,2.75,3002,51.93,1.21,6.3,,,,,,,,91.65%
23-Nov-25,DanubeH_Awareness_HTML_Rest Of Oman_BRS_PROS_Nov25,Awareness,HTML - 4 products showcase,Rest of Oman,Oman,6928,30,0.43%,2.83,2446,43.65,1.45,6.3,,,,,,,,89.97%
23-Nov-25,DanubeH_Awareness_HTML_Bahrain_BRS_PROS_Nov25,Awareness,HTML - 4 products showcase,Bahrain EN,Bahrain,3709,23,0.62%,2.85,1303,23.37,1.02,6.3,,,,,,,,91.76%
23-Nov-25,DanubeH_Awareness_HTML_Bahrain_BRS_PROS_Nov25,Awareness,HTML - 4 products showcase,Bahrain AR,Bahrain,4645,25,0.54%,2.7,1722,29.26,1.17,6.3,,,,,,,,91.37%
23-Nov-25,DanubeH_Awareness_HTML_Dubai_MRS_PROS_Nov25,Awareness,Display,Dubai,United Arab Emirates,52849,340,0.64%,2.91,18135,369.94,1.09,7,,,,,,,,91.57%
23-Nov-25,DanubeH_Awareness_HTML_Abu DhabiDhabi&AlAin_MRS_PROS_Nov25,Awareness,Display,Abu Dhabi,United Arab Emirates,39937,275,0.69%,2.98,13409,279.56,1.02,7,,,,,,,,91.81%
23-Nov-25,DanubeH_Awareness_HTML_Rest Of United Arab Emirates_MRS_PROS_Nov25,Awareness,Display,Rest of United Arab Emirates,United Arab Emirates,11870,73,0.61%,3.01,3939,83.09,1.14,7,,,,,,,,91.35%
23-Nov-25,DanubeH_Awareness_HTML_Muscat_BRS_PROS_Nov25,Awareness,Display,Muscat,Oman,13592,88,0.65%,2.86,4758,85.63,0.97,6.3,,,,,,,,89.39%
23-Nov-25,DanubeH_Awareness_HTML_Rest Of Oman_BRS_PROS_Nov25,Awareness,Display,Rest of Oman,Oman,11423,61,0.53%,2.95,3877,71.96,1.18,6.3,,,,,,,,91.83%
23-Nov-25,DanubeH_Awareness_HTML_Bahrain_BRS_PROS_Nov25,Awareness,Display,Bahrain EN,Bahrain,6117,46,0.75%,2.96,2065,38.54,0.84,6.3,,,,,,,,91.88%
23-Nov-25,DanubeH_Awareness_HTML_Bahrain_BRS_PROS_Nov25,Awareness,Display,Bahrain AR,Bahrain,7659,51,0.67%,2.81,2728,48.25,0.95,6.3,,,,,,,,90.85%
23-Nov-25,DanubeH_Awareness_HTML_Dubai_MRS_PROS_Nov25,Awareness,Native,Dubai,United Arab Emirates,93811,633,0.67%,3.27,28713,656.68,1.04,7,,,,,,,,89.23%
23-Nov-25,DanubeH_Awareness_HTML_Abu DhabiDhabi&AlAin_MRS_PROS_Nov25,Awareness,Native,Abu Dhabi,United Arab Emirates,70892,512,0.72%,3.34,21231,496.24,0.97,7,,,,,,,,91.46%
23-Nov-25,DanubeH_Awareness_HTML_Rest Of United Arab Emirates_MRS_PROS_Nov25,Awareness,Native,Rest of United Arab Emirates,United Arab Emirates,21071,137,0.65%,3.38,6237,147.5,1.08,7,,,,,,,,90.95%
23-Nov-25,DanubeH_Awareness_HTML_Muscat_BRS_PROS_Nov25,Awareness,Native,Muscat,Oman,24126,164,0.68%,3.2,7533,151.99,0.93,6.3,,,,,,,,91.18%
23-Nov-25,DanubeH_Awareness_HTML_Rest Of Oman_BRS_PROS_Nov25,Awareness,Native,Rest of Oman,Oman,20277,114,0.56%,3.3,6139,127.75,1.12,6.3,,,,,,,,89.76%
23-Nov-25,DanubeH_Awareness_HTML_Bahrain_BRS_PROS_Nov25,Awareness,Native,Bahrain EN,Bahrain,10858,86,0.79%,3.32,3270,68.41,0.8,6.3,,,,,,,,89.45%
23-Nov-25,DanubeH_Awareness_HTML_Bahrain_BRS_PROS_Nov25,Awareness,Native,Bahrain AR,Bahrain,13596,95,0.70%,3.15,4320,85.65,0.9,6.3,,,,,,,,91.45%
23-Nov-25,DanubeH_Awareness_Carousel_Dubai_MRS_PROS_Nov25,Awareness,Carousel,Dubai,United Arab Emirates,33411,183,0.55%,2.58,12953,233.88,1.28,7,,,,,,,,91.11%
23-Nov-25,DanubeH_Awareness_Carousel_Abu DhabiDhabi&AlAin_MRS_PROS_Nov25,Awareness,Carousel,Abu Dhabi,United Arab Emirates,25248,148,0.59%,2.64,9578,176.74,1.19,7,,,,,,,,91.20%
23-Nov-25,DanubeH_Awareness_Carousel_Rest Of United Arab Emirates_MRS_PROS_Nov25,Awareness,Carousel,Rest of United Arab Emirates,United Arab Emirates,7504,39,0.52%,2.67,2814,52.53,1.35,7,,,,,,,,91.45%
23-Nov-25,DanubeH_Awareness_Carousel_Muscat_BRS_PROS_Nov25,Awareness,Carousel,Muscat,Oman,8593,47,0.55%,2.53,3398,54.14,1.15,6.3,,,,,,,,90.81%
23-Nov-25,DanubeH_Awareness_Carousel_Rest Of Oman_BRS_PROS_Nov25,Awareness,Carousel,Rest of Oman,Oman,7222,33,0.46%,2.61,2769,45.5,1.38,6.3,,,,,,,,91.53%
23-Nov-25,DanubeH_Awareness_Carousel_Bahrain_EN_BRS_PROS_Nov25,Awareness,Carousel,Bahrain EN,Bahrain,3867,25,0.65%,2.62,1475,24.36,0.97,6.3,,,,,,,,89.21%
23-Nov-25,DanubeH_Awareness_Carousel_Bahrain_AR_BRS_PROS_Nov25,Awareness,Carousel,Bahrain AR,Bahrain,4842,28,0.58%,2.48,1949,30.5,1.09,6.3,,,,,,,,90.04%
24-Nov-25,DanubeH_Awareness_HTML_Dubai_MRS_PROS_Nov25,Awareness,HTML - Two Products,Dubai,United Arab Emirates,"109,548",845,0.77%,2.97,36917,766.84,0.91,7,,,,,,,,91.89%
24-Nov-25,DanubeH_Awareness_HTML_Abu DhabiDhabi&AlAin_MRS_PROS_Nov25,Awareness,HTML - Two Products,Abu Dhabi,United Arab Emirates,"133,811","1,071",0.80%,2.99,44788,936.68,0.87,7,,,,,,,,90.21%
24-Nov-25,DanubeH_Awareness_HTML_Rest Of United Arab Emirates_MRS_PROS_Nov25,Awareness,HTML - Two Products,Rest of United Arab Emirates,United Arab Emirates,"43,747",305,0.70%,3.03,14447,306.23,1,7,,,,,,,,91.46%
24-Nov-25,DanubeH_Awareness_HTML_Muscat_BRS_PROS_Nov25,Awareness,HTML - Two Products,Muscat,Oman,"59,625",463,0.78%,2.95,20232,375.64,0.81,6.3,,,,,,,,90.91%
24-Nov-25,DanubeH_Awareness_HTML_Rest Of Oman_BRS_PROS_Nov25,Awareness,HTML - Two Products,Rest of Oman,Oman,"31,818",233,0.73%,2.98,10686,200.45,0.86,6.3,,,,,,,,90.32%
24-Nov-25,DanubeH_Awareness_HTML_Bahrain_BRS_PROS_Nov25,Awareness,HTML - Two Products,Bahrain EN,Bahrain,"16,361",134,0.82%,3.02,5421,103.07,0.77,6.3,,,,,,,,90.88%
24-Nov-25,DanubeH_Awareness_HTML_Bahrain_BRS_PROS_Nov25,Awareness,HTML - Two Products,Bahrain AR,Bahrain,"7,177",54,0.75%,3,2394,45.22,0.84,6.3,,,,,,,,90.90%
24-Nov-25,DanubeH_Awareness_HTML_Dubai_MRS_PROS_Nov25,Awareness,HTML -Vertical Scrolling,Dubai,United Arab Emirates,"94,226",711,0.75%,2.93,32159,659.58,0.93,7,,,,,,,,91.17%
24-Nov-25,DanubeH_Awareness_HTML_Abu DhabiDhabi&AlAin_MRS_PROS_Nov25,Awareness,HTML -Vertical Scrolling,Abu Dhabi,United Arab Emirates,"115,094",901,0.78%,2.95,39015,805.66,0.89,7,,,,,,,,91.83%
24-Nov-25,DanubeH_Awareness_HTML_Rest Of United Arab Emirates_MRS_PROS_Nov25,Awareness,HTML -Vertical Scrolling,Rest of United Arab Emirates,United Arab Emirates,"37,628",257,0.68%,2.99,12585,263.4,1.02,7,,,,,,,,90.47%
24-Nov-25,DanubeH_Awareness_HTML_Muscat_BRS_PROS_Nov25,Awareness,HTML -Vertical Scrolling,Muscat,Oman,"51,285",389,0.76%,2.91,17624,323.1,0.83,6.3,,,,,,,,91.30%
24-Nov-25,DanubeH_Awareness_HTML_Rest Of Oman_BRS_PROS_Nov25,Awareness,HTML -Vertical Scrolling,Rest of Oman,Oman,"27,367",196,0.72%,2.94,9309,172.41,0.88,6.3,,,,,,,,91.68%
24-Nov-25,DanubeH_Awareness_HTML_Bahrain_BRS_PROS_Nov25,Awareness,HTML -Vertical Scrolling,Bahrain EN,Bahrain,"14,072",112,0.80%,2.98,4722,88.65,0.79,6.3,,,,,,,,90.92%
24-Nov-25,DanubeH_Awareness_HTML_Bahrain_BRS_PROS_Nov25,Awareness,HTML -Vertical Scrolling,Bahrain AR,Bahrain,"6,174",46,0.75%,2.96,2086,38.9,0.85,6.3,,,,,,,,91.01%
24-Nov-25,DanubeH_Awareness_HTML_Dubai_MRS_PROS_Nov25,Awareness,HTML - 4 products showcase,Dubai,United Arab Emirates,"14,548",96,0.66%,2.89,5034,101.84,1.06,7,,,,,,,,90.02%
24-Nov-25,DanubeH_Awareness_HTML_Abu DhabiDhabi&AlAin_MRS_PROS_Nov25,Awareness,HTML - 4 products showcase,Abu Dhabi,United Arab Emirates,"17,770",121,0.68%,2.91,"6,107",124.39,1.03,7,,,,,,,,89.74%
24-Nov-25,DanubeH_Awareness_HTML_Rest Of United Arab Emirates_MRS_PROS_Nov25,Awareness,HTML - 4 products showcase,Rest of United Arab Emirates,United Arab Emirates,"5,810",35,0.60%,2.95,1970,40.67,1.16,7,,,,,,,,91.96%
24-Nov-25,DanubeH_Awareness_HTML_Muscat_BRS_PROS_Nov25,Awareness,HTML - 4 products showcase,Muscat,Oman,"7,918",52,0.66%,2.87,2759,49.88,0.96,6.3,,,,,,,,90.45%
24-Nov-25,DanubeH_Awareness_HTML_Rest Of Oman_BRS_PROS_Nov25,Awareness,HTML - 4 products showcase,Rest of Oman,Oman,"4,225",26,0.62%,2.9,1457,26.62,1.02,6.3,,,,,,,,89.24%
24-Nov-25,DanubeH_Awareness_HTML_Bahrain_BRS_PROS_Nov25,Awareness,HTML - 4 products showcase,Bahrain EN,Bahrain,"2,173",15,0.69%,2.94,739,13.69,0.91,6.3,,,,,,,,91.29%
24-Nov-25,DanubeH_Awareness_HTML_Bahrain_BRS_PROS_Nov25,Awareness,HTML - 4 products showcase,Bahrain AR,Bahrain,953,6,0.63%,2.92,326,6,1,6.3,,,,,,,,89.43%
24-Nov-25,DanubeH_Awareness_HTML_Dubai_MRS_PROS_Nov25,Awareness,Display,Dubai,United Arab Emirates,40445,174,0.43%,3.12,12953,283.12,1.63,7,,,,,,,,90.34%
24-Nov-25,DanubeH_Awareness_HTML_Abu DhabiDhabi&AlAin_MRS_PROS_Nov25,Awareness,Display,Abu Dhabi,United Arab Emirates,49402,220,0.45%,3.14,15715,345.81,1.57,7,,,,,,,,91.10%
24-Nov-25,DanubeH_Awareness_HTML_Rest Of United Arab Emirates_MRS_PROS_Nov25,Awareness,Display,Rest of United Arab Emirates,United Arab Emirates,16151,63,0.39%,3.19,5069,113.06,1.79,7,,,,,,,,89.27%
24-Nov-25,DanubeH_Awareness_HTML_Muscat_BRS_PROS_Nov25,Awareness,Display,Muscat,Oman,22013,95,0.43%,3.1,7099,138.68,1.46,6.3,,,,,,,,91.21%
24-Nov-25,DanubeH_Awareness_HTML_Rest Of Oman_BRS_PROS_Nov25,Awareness,Display,Rest of Oman,Oman,11747,48,0.41%,3.13,3749,74.01,1.54,6.3,,,,,,,,91.16%
24-Nov-25,DanubeH_Awareness_HTML_Bahrain_BRS_PROS_Nov25,Awareness,Display,Bahrain EN,Bahrain,6040,27,0.45%,3.18,1902,38.05,1.41,6.3,,,,,,,,89.83%
24-Nov-25,DanubeH_Awareness_HTML_Bahrain_BRS_PROS_Nov25,Awareness,Display,Bahrain AR,Bahrain,2650,11,0.42%,3.15,840,16.7,1.52,6.3,,,,,,,,90.22%
24-Nov-25,DanubeH_Awareness_HTML_Dubai_MRS_PROS_Nov25,Awareness,Native,Dubai,United Arab Emirates,58226,261,0.45%,2.83,20562,407.58,1.56,7,,,,,,,,91.97%
24-Nov-25,DanubeH_Awareness_HTML_Abu DhabiDhabi&AlAin_MRS_PROS_Nov25,Awareness,Native,Abu Dhabi,United Arab Emirates,71122,330,0.46%,2.85,24946,497.85,1.51,7,,,,,,,,91.45%
24-Nov-25,DanubeH_Awareness_HTML_Rest Of United Arab Emirates_MRS_PROS_Nov25,Awareness,Native,Rest of United Arab Emirates,United Arab Emirates,23252,94,0.40%,2.89,8046,162.76,1.73,7,,,,,,,,89.53%
24-Nov-25,DanubeH_Awareness_HTML_Muscat_BRS_PROS_Nov25,Awareness,Native,Muscat,Oman,31691,143,0.45%,2.81,11269,199.65,1.4,6.3,,,,,,,,89.90%
24-Nov-25,DanubeH_Awareness_HTML_Rest Of Oman_BRS_PROS_Nov25,Awareness,Native,Rest of Oman,Oman,16911,72,0.43%,2.84,5952,106.54,1.48,6.3,,,,,,,,91.24%
24-Nov-25,DanubeH_Awareness_HTML_Bahrain_BRS_PROS_Nov25,Awareness,Native,Bahrain EN,Bahrain,8696,41,0.47%,2.88,3019,54.78,1.34,6.3,,,,,,,,91.70%
24-Nov-25,DanubeH_Awareness_HTML_Bahrain_BRS_PROS_Nov25,Awareness,Native,Bahrain AR,Bahrain,3815,17,0.45%,2.86,1334,24.03,1.41,6.3,,,,,,,,89.32%
24-Nov-25,DanubeH_Awareness_Carousel_Dubai_MRS_PROS_Nov25,Awareness,Carousel,Dubai,United Arab Emirates,19734,75,0.38%,2.7,7310,138.14,1.84,7,,,,,,,,89.05%
24-Nov-25,DanubeH_Awareness_Carousel_Abu DhabiDhabi&AlAin_MRS_PROS_Nov25,Awareness,Carousel,Abu Dhabi,United Arab Emirates,24105,96,0.40%,2.72,8868,168.74,1.76,7,,,,,,,,91.44%
24-Nov-25,DanubeH_Awareness_Carousel_Rest Of United Arab Emirates_MRS_PROS_Nov25,Awareness,Carousel,Rest of United Arab Emirates,United Arab Emirates,7881,27,0.34%,2.75,2861,55.17,2.04,7,,,,,,,,90.62%
24-Nov-25,DanubeH_Awareness_Carousel_Muscat_BRS_PROS_Nov25,Awareness,Carousel,Muscat,Oman,10741,41,0.38%,2.68,4006,67.67,1.65,6.3,,,,,,,,91.69%
24-Nov-25,DanubeH_Awareness_Carousel_Rest Of Oman_BRS_PROS_Nov25,Awareness,Carousel,Rest of Oman,Oman,5732,21,0.37%,2.71,2116,36.11,1.72,6.3,,,,,,,,89.81%
24-Nov-25,DanubeH_Awareness_Carousel_Bahrain_EN_BRS_PROS_Nov25,Awareness,Carousel,Bahrain EN,Bahrain,2947,12,0.41%,2.75,1073,18.57,1.55,6.3,,,,,,,,89.94%
24-Nov-25,DanubeH_Awareness_Carousel_Bahrain_AR_BRS_PROS_Nov25,Awareness,Carousel,Bahrain AR,Bahrain,1293,5,0.39%,2.73,474,8.15,1.63,6.3,,,,,,,,91.69%
25-Nov-25,DanubeH_Awareness_HTML_Dubai_MRS_PROS_Nov25,Awareness,HTML - Two Products,Dubai,United Arab Emirates,"245,999","1,636",0.67%,3.09,79573,"1,721.99",1.05,7,,,,,,,,90.37%
25-Nov-25,DanubeH_Awareness_HTML_Abu DhabiDhabi&AlAin_MRS_PROS_Nov25,Awareness,HTML - Two Products,Abu Dhabi,United Arab Emirates,"154,880","1,074",0.69%,2.84,54597,"1,084.16",1.01,7,,,,,,,,90.95%
25-Nov-25,DanubeH_Awareness_HTML_Rest Of United Arab Emirates_MRS_PROS_Nov25,Awareness,HTML - Two Products,Rest of United Arab Emirates,United Arab Emirates,"105,364",618,0.59%,2.93,35953,737.55,1.19,7,,,,,,,,90.44%
25-Nov-25,DanubeH_Awareness_HTML_Muscat_BRS_PROS_Nov25,Awareness,HTML - Two Products,Muscat,Oman,"90,444",575,0.64%,3.02,29984,569.8,0.99,6.3,,,,,,,,89.62%
25-Nov-25,DanubeH_Awareness_HTML_Rest Of Oman_BRS_PROS_Nov25,Awareness,HTML - Two Products,Rest of Oman,Oman,"61,946",364,0.59%,3.15,19693,390.26,1.07,6.3,,,,,,,,89.44%
25-Nov-25,DanubeH_Awareness_HTML_Bahrain_BRS_PROS_Nov25,Awareness,HTML - Two Products,Bahrain EN,Bahrain,"10,159",70,0.69%,2.82,3598,64,0.91,6.3,,,,,,,,91.21%
25-Nov-25,DanubeH_Awareness_HTML_Bahrain_BRS_PROS_Nov25,Awareness,HTML - Two Products,Bahrain AR,Bahrain,"5,976",38,0.64%,2.21,2702,37.65,0.99,6.3,,,,,,,,90.41%
25-Nov-25,DanubeH_Awareness_HTML_Dubai_MRS_PROS_Nov25,Awareness,HTML -Vertical Scrolling,Dubai,United Arab Emirates,"211,674","1,376",0.65%,3.1,68332,"1,481.72",1.08,7,,,,,,,,91.91%
25-Nov-25,DanubeH_Awareness_HTML_Abu DhabiDhabi&AlAin_MRS_PROS_Nov25,Awareness,HTML -Vertical Scrolling,Abu Dhabi,United Arab Emirates,"133,269",903,0.68%,2.84,46884,932.88,1.03,7,,,,,,,,90.58%
25-Nov-25,DanubeH_Awareness_HTML_Rest Of United Arab Emirates_MRS_PROS_Nov25,Awareness,HTML -Vertical Scrolling,Rest of United Arab Emirates,United Arab Emirates,"90,663",520,0.57%,2.94,30874,634.64,1.22,7,,,,,,,,89.49%
25-Nov-25,DanubeH_Awareness_HTML_Muscat_BRS_PROS_Nov25,Awareness,HTML -Vertical Scrolling,Muscat,Oman,"77,824",483,0.62%,3.02,25748,490.29,1.02,6.3,,,,,,,,89.55%
25-Nov-25,DanubeH_Awareness_HTML_Rest Of Oman_BRS_PROS_Nov25,Awareness,HTML -Vertical Scrolling,Rest of Oman,Oman,"53,302",306,0.57%,3.15,16911,335.8,1.1,6.3,,,,,,,,89.83%
25-Nov-25,DanubeH_Awareness_HTML_Bahrain_BRS_PROS_Nov25,Awareness,HTML -Vertical Scrolling,Bahrain EN,Bahrain,"8,741",59,0.67%,2.83,3090,55.07,0.93,6.3,,,,,,,,91.87%
25-Nov-25,DanubeH_Awareness_HTML_Bahrain_BRS_PROS_Nov25,Awareness,HTML -Vertical Scrolling,Bahrain AR,Bahrain,"5,142",32,0.62%,2.22,2320,32.39,1.01,6.3,,,,,,,,90.06%
25-Nov-25,DanubeH_Awareness_HTML_Dubai_MRS_PROS_Nov25,Awareness,HTML - 4 products showcase,Dubai,United Arab Emirates,"32,710",184,0.56%,3.39,9655,228.97,1.24,7,,,,,,,,89.44%
25-Nov-25,DanubeH_Awareness_HTML_Abu DhabiDhabi&AlAin_MRS_PROS_Nov25,Awareness,HTML - 4 products showcase,Abu Dhabi,United Arab Emirates,"20,594",121,0.59%,3.11,"6,624",144.16,1.19,7,,,,,,,,91.01%
25-Nov-25,DanubeH_Awareness_HTML_Rest Of United Arab Emirates_MRS_PROS_Nov25,Awareness,HTML - 4 products showcase,Rest of United Arab Emirates,United Arab Emirates,"14,010",70,0.50%,3.21,4362,98.07,1.4,7,,,,,,,,89.52%
25-Nov-25,DanubeH_Awareness_HTML_Muscat_BRS_PROS_Nov25,Awareness,HTML - 4 products showcase,Muscat,Oman,"12,026",65,0.54%,3.31,3638,75.76,1.17,6.3,,,,,,,,91.95%
25-Nov-25,DanubeH_Awareness_HTML_Rest Of Oman_BRS_PROS_Nov25,Awareness,HTML - 4 products showcase,Rest of Oman,Oman,"8,237",41,0.50%,3.45,2389,51.89,1.27,6.3,,,,,,,,91.22%
25-Nov-25,DanubeH_Awareness_HTML_Bahrain_BRS_PROS_Nov25,Awareness,HTML - 4 products showcase,Bahrain EN,Bahrain,"1,351",8,0.59%,3.09,437,8.51,1.06,6.3,,,,,,,,89.75%
25-Nov-25,DanubeH_Awareness_HTML_Bahrain_BRS_PROS_Nov25,Awareness,HTML - 4 products showcase,Bahrain AR,Bahrain,795,4,0.50%,2.42,328,5.01,1.25,6.3,,,,,,,,89.62%
25-Nov-25,DanubeH_Awareness_HTML_Dubai_MRS_PROS_Nov25,Awareness,Display,Dubai,United Arab Emirates,62392,417,0.67%,2.76,22638,436.74,1.05,7,,,,,,,,89.35%
25-Nov-25,DanubeH_Awareness_HTML_Abu DhabiDhabi&AlAin_MRS_PROS_Nov25,Awareness,Display,Abu Dhabi,United Arab Emirates,39281,274,0.70%,2.53,15532,274.97,1,7,,,,,,,,91.48%
25-Nov-25,DanubeH_Awareness_HTML_Rest Of United Arab Emirates_MRS_PROS_Nov25,Awareness,Display,Rest of United Arab Emirates,United Arab Emirates,26723,158,0.59%,2.61,10228,187.06,1.18,7,,,,,,,,89.08%
25-Nov-25,DanubeH_Awareness_HTML_Muscat_BRS_PROS_Nov25,Awareness,Display,Muscat,Oman,22939,147,0.64%,2.69,8530,144.52,0.98,6.3,,,,,,,,90.46%
25-Nov-25,DanubeH_Awareness_HTML_Rest Of Oman_BRS_PROS_Nov25,Awareness,Display,Rest of Oman,Oman,15711,93,0.59%,2.8,5602,98.98,1.06,6.3,,,,,,,,90.66%
25-Nov-25,DanubeH_Awareness_HTML_Bahrain_BRS_PROS_Nov25,Awareness,Display,Bahrain EN,Bahrain,2577,18,0.70%,2.52,1024,16.24,0.9,6.3,,,,,,,,89.04%
25-Nov-25,DanubeH_Awareness_HTML_Bahrain_BRS_PROS_Nov25,Awareness,Display,Bahrain AR,Bahrain,1516,10,0.66%,1.97,769,9.55,0.96,6.3,,,,,,,,89.29%
25-Nov-25,DanubeH_Awareness_HTML_Dubai_MRS_PROS_Nov25,Awareness,Native,Dubai,United Arab Emirates,89852,627,0.70%,2.93,30617,628.96,1,7,,,,,,,,89.14%
25-Nov-25,DanubeH_Awareness_HTML_Abu DhabiDhabi&AlAin_MRS_PROS_Nov25,Awareness,Native,Abu Dhabi,United Arab Emirates,56570,411,0.73%,2.69,21007,395.99,0.96,7,,,,,,,,89.38%
25-Nov-25,DanubeH_Awareness_HTML_Rest Of United Arab Emirates_MRS_PROS_Nov25,Awareness,Native,Rest of United Arab Emirates,United Arab Emirates,38485,237,0.62%,2.78,13833,269.4,1.14,7,,,,,,,,89.78%
25-Nov-25,DanubeH_Awareness_HTML_Muscat_BRS_PROS_Nov25,Awareness,Native,Muscat,Oman,33035,220,0.67%,2.86,11537,208.12,0.95,6.3,,,,,,,,91.61%
25-Nov-25,DanubeH_Awareness_HTML_Rest Of Oman_BRS_PROS_Nov25,Awareness,Native,Rest of Oman,Oman,22626,139,0.61%,2.99,7577,142.54,1.03,6.3,,,,,,,,89.08%
25-Nov-25,DanubeH_Awareness_HTML_Bahrain_BRS_PROS_Nov25,Awareness,Native,Bahrain EN,Bahrain,3711,27,0.73%,2.68,1385,23.38,0.87,6.3,,,,,,,,90.86%
25-Nov-25,DanubeH_Awareness_HTML_Bahrain_BRS_PROS_Nov25,Awareness,Native,Bahrain AR,Bahrain,2183,15,0.69%,2.1,1040,13.75,0.92,6.3,,,,,,,,90.78%
25-Nov-25,DanubeH_Awareness_Carousel_Dubai_MRS_PROS_Nov25,Awareness,Carousel,Dubai,United Arab Emirates,30422,182,0.60%,3.17,9610,212.95,1.17,7,,,,,,,,90.41%
25-Nov-25,DanubeH_Awareness_Carousel_Abu DhabiDhabi&AlAin_MRS_PROS_Nov25,Awareness,Carousel,Abu Dhabi,United Arab Emirates,19153,120,0.63%,2.9,6594,134.07,1.12,7,,,,,,,,90.71%
25-Nov-25,DanubeH_Awareness_Carousel_Rest Of United Arab Emirates_MRS_PROS_Nov25,Awareness,Carousel,Rest of United Arab Emirates,United Arab Emirates,13030,69,0.53%,3,4342,91.21,1.32,7,,,,,,,,90.45%
25-Nov-25,DanubeH_Awareness_Carousel_Muscat_BRS_PROS_Nov25,Awareness,Carousel,Muscat,Oman,11185,64,0.57%,3.09,3621,70.47,1.1,6.3,,,,,,,,91.95%
25-Nov-25,DanubeH_Awareness_Carousel_Rest Of Oman_BRS_PROS_Nov25,Awareness,Carousel,Rest of Oman,Oman,7661,41,0.54%,3.22,2378,48.26,1.18,6.3,,,,,,,,90.03%
25-Nov-25,DanubeH_Awareness_Carousel_Bahrain_EN_BRS_PROS_Nov25,Awareness,Carousel,Bahrain EN,Bahrain,1256,8,0.64%,2.89,435,7.91,0.99,6.3,,,,,,,,89.77%
25-Nov-25,DanubeH_Awareness_Carousel_Bahrain_AR_BRS_PROS_Nov25,Awareness,Carousel,Bahrain AR,Bahrain,739,4,0.54%,2.27,326,4.66,1.16,6.3,,,,,,,,91.24%
26-Nov-25,DanubeH_Awareness_HTML_Dubai_MRS_PROS_Nov25,Awareness,HTML - Two Products,Dubai,United Arab Emirates,210605,1400,0.66%,3.08,68437,"1,474.24",1.05,7,,,,,,,,89.63%
26-Nov-25,DanubeH_Awareness_HTML_Abu DhabiDhabi&AlAin_MRS_PROS_Nov25,Awareness,HTML - Two Products,Abu Dhabi,United Arab Emirates,167703,1155,0.69%,3.03,55272,"1,173.92",1.02,7,,,,,,,,90.10%
26-Nov-25,DanubeH_Awareness_HTML_Rest Of United Arab Emirates_MRS_PROS_Nov25,Awareness,HTML - Two Products,Rest of United Arab Emirates,United Arab Emirates,115546,693,0.60%,1.81,63774,808.82,1.17,7,,,,,,,,89.01%
26-Nov-25,DanubeH_Awareness_HTML_Muscat_BRS_PROS_Nov25,Awareness,HTML - Two Products,Muscat,Oman,96872,612,0.63%,2.97,32624,610.29,1,6.3,,,,,,,,90.04%
26-Nov-25,DanubeH_Awareness_HTML_Rest Of Oman_BRS_PROS_Nov25,Awareness,HTML - Two Products,Rest of Oman,Oman,104259,649,0.62%,3.06,34025,656.83,1.01,6.3,,,,,,,,91.36%
26-Nov-25,DanubeH_Awareness_HTML_Bahrain_BRS_PROS_Nov25,Awareness,HTML - Two Products,Bahrain EN,Bahrain,2846,21,0.74%,3.26,872,17.93,0.85,6.3,,,,,,,,91.86%
26-Nov-25,DanubeH_Awareness_HTML_Bahrain_BRS_PROS_Nov25,Awareness,HTML - Two Products,Bahrain AR,Bahrain,12557,85,0.68%,3.05,4121,79.11,0.93,6.3,,,,,,,,89.36%
26-Nov-25,DanubeH_Awareness_HTML_Dubai_MRS_PROS_Nov25,Awareness,HTML -Vertical Scrolling,Dubai,United Arab Emirates,179717,1168,0.65%,2.9,62028,"1,258.02",1.08,7,,,,,,,,91.10%
26-Nov-25,DanubeH_Awareness_HTML_Abu DhabiDhabi&AlAin_MRS_PROS_Nov25,Awareness,HTML -Vertical Scrolling,Abu Dhabi,United Arab Emirates,143107,964,0.67%,2.86,50096,"1,001.75",1.04,7,,,,,,,,90.56%
26-Nov-25,DanubeH_Awareness_HTML_Rest Of United Arab Emirates_MRS_PROS_Nov25,Awareness,HTML -Vertical Scrolling,Rest of United Arab Emirates,United Arab Emirates,98600,578,0.59%,1.71,57801,690.2,1.19,7,,,,,,,,89.62%
26-Nov-25,DanubeH_Awareness_HTML_Muscat_BRS_PROS_Nov25,Awareness,HTML -Vertical Scrolling,Muscat,Oman,82664,510,0.62%,2.8,29569,520.78,1.02,6.3,,,,,,,,91.75%
26-Nov-25,DanubeH_Awareness_HTML_Rest Of Oman_BRS_PROS_Nov25,Awareness,HTML -Vertical Scrolling,Rest of Oman,Oman,88968,541,0.61%,2.89,30838,560.5,1.04,6.3,,,,,,,,90.09%
26-Nov-25,DanubeH_Awareness_HTML_Bahrain_BRS_PROS_Nov25,Awareness,HTML -Vertical Scrolling,Bahrain EN,Bahrain,2429,17,0.70%,3.07,790,15.3,0.9,6.3,,,,,,,,89.94%
26-Nov-25,DanubeH_Awareness_HTML_Bahrain_BRS_PROS_Nov25,Awareness,HTML -Vertical Scrolling,Bahrain AR,Bahrain,10716,71,0.66%,2.87,3735,67.51,0.95,6.3,,,,,,,,91.20%
26-Nov-25,DanubeH_Awareness_HTML_Dubai_MRS_PROS_Nov25,Awareness,HTML - 4 products showcase,Dubai,United Arab Emirates,26075,146,0.56%,2.88,9056,182.53,1.25,7,,,,,,,,91.35%
26-Nov-25,DanubeH_Awareness_HTML_Abu DhabiDhabi&AlAin_MRS_PROS_Nov25,Awareness,HTML - 4 products showcase,Abu Dhabi,United Arab Emirates,20763,120,0.58%,2.84,7314,145.34,1.21,7,,,,,,,,90.84%
26-Nov-25,DanubeH_Awareness_HTML_Rest Of United Arab Emirates_MRS_PROS_Nov25,Awareness,HTML - 4 products showcase,Rest of United Arab Emirates,United Arab Emirates,14306,72,0.50%,1.7,8439,100.14,1.39,7,,,,,,,,89.62%
26-Nov-25,DanubeH_Awareness_HTML_Muscat_BRS_PROS_Nov25,Awareness,HTML - 4 products showcase,Muscat,Oman,11994,64,0.53%,2.78,4317,75.56,1.18,6.3,,,,,,,,90.63%
26-Nov-25,DanubeH_Awareness_HTML_Rest Of Oman_BRS_PROS_Nov25,Awareness,HTML - 4 products showcase,Rest of Oman,Oman,12908,68,0.53%,2.87,4502,81.32,1.2,6.3,,,,,,,,89.41%
26-Nov-25,DanubeH_Awareness_HTML_Bahrain_BRS_PROS_Nov25,Awareness,HTML - 4 products showcase,Bahrain EN,Bahrain,352,2,0.57%,3.06,115,2.22,1.11,6.3,,,,,,,,89.30%
26-Nov-25,DanubeH_Awareness_HTML_Bahrain_BRS_PROS_Nov25,Awareness,HTML - 4 products showcase,Bahrain AR,Bahrain,1555,9,0.58%,2.85,545,9.8,1.09,6.3,,,,,,,,90.35%
26-Nov-25,DanubeH_Awareness_HTML_Dubai_MRS_PROS_Nov25,Awareness,Display,Dubai,United Arab Emirates,69648,375,0.54%,3.28,21234,487.54,1.3,7,,,,,,,,90.09%
26-Nov-25,DanubeH_Awareness_HTML_Abu DhabiDhabi&AlAin_MRS_PROS_Nov25,Awareness,Display,Abu Dhabi,United Arab Emirates,55460,309,0.56%,3.23,17149,388.22,1.26,7,,,,,,,,89.05%
26-Nov-25,DanubeH_Awareness_HTML_Rest Of United Arab Emirates_MRS_PROS_Nov25,Awareness,Display,Rest of United Arab Emirates,United Arab Emirates,38212,186,0.49%,1.93,19787,267.48,1.44,7,,,,,,,,89.18%
26-Nov-25,DanubeH_Awareness_HTML_Muscat_BRS_PROS_Nov25,Awareness,Display,Muscat,Oman,32036,164,0.51%,3.16,10122,201.83,1.23,6.3,,,,,,,,90.78%
26-Nov-25,DanubeH_Awareness_HTML_Rest Of Oman_BRS_PROS_Nov25,Awareness,Display,Rest of Oman,Oman,34479,174,0.50%,3.27,10557,217.22,1.25,6.3,,,,,,,,91.55%
26-Nov-25,DanubeH_Awareness_HTML_Bahrain_BRS_PROS_Nov25,Awareness,Display,Bahrain EN,Bahrain,941,6,0.64%,3.49,270,5.93,0.99,6.3,,,,,,,,90.31%
26-Nov-25,DanubeH_Awareness_HTML_Bahrain_BRS_PROS_Nov25,Awareness,Display,Bahrain AR,Bahrain,4153,23,0.55%,3.25,1279,26.16,1.14,6.3,,,,,,,,89.35%
26-Nov-25,DanubeH_Awareness_HTML_Dubai_MRS_PROS_Nov25,Awareness,Native,Dubai,United Arab Emirates,100251,578,0.58%,2.87,34922,701.76,1.21,7,,,,,,,,89.74%
26-Nov-25,DanubeH_Awareness_HTML_Abu DhabiDhabi&AlAin_MRS_PROS_Nov25,Awareness,Native,Abu Dhabi,United Arab Emirates,79829,477,0.60%,2.83,28204,558.8,1.17,7,,,,,,,,89.94%
26-Nov-25,DanubeH_Awareness_HTML_Rest Of United Arab Emirates_MRS_PROS_Nov25,Awareness,Native,Rest of United Arab Emirates,United Arab Emirates,55002,286,0.52%,1.69,32542,385.01,1.35,7,,,,,,,,91.12%
26-Nov-25,DanubeH_Awareness_HTML_Muscat_BRS_PROS_Nov25,Awareness,Native,Muscat,Oman,46112,252,0.55%,2.77,16647,290.51,1.15,6.3,,,,,,,,90.30%
26-Nov-25,DanubeH_Awareness_HTML_Rest Of Oman_BRS_PROS_Nov25,Awareness,Native,Rest of Oman,Oman,49629,268,0.54%,2.86,17362,312.66,1.17,6.3,,,,,,,,89.36%
26-Nov-25,DanubeH_Awareness_HTML_Bahrain_BRS_PROS_Nov25,Awareness,Native,Bahrain EN,Bahrain,1355,9,0.66%,3.04,445,8.54,0.95,6.3,,,,,,,,89.34%
26-Nov-25,DanubeH_Awareness_HTML_Bahrain_BRS_PROS_Nov25,Awareness,Native,Bahrain AR,Bahrain,5977,35,0.59%,2.84,2103,37.66,1.08,6.3,,,,,,,,89.41%
26-Nov-25,DanubeH_Awareness_Carousel_Dubai_MRS_PROS_Nov25,Awareness,Carousel,Dubai,United Arab Emirates,33988,177,0.52%,3.07,11082,237.92,1.34,7,,,,,,,,91.39%
26-Nov-25,DanubeH_Awareness_Carousel_Abu DhabiDhabi&AlAin_MRS_PROS_Nov25,Awareness,Carousel,Abu Dhabi,United Arab Emirates,27064,146,0.54%,3.02,8950,189.45,1.3,7,,,,,,,,90.26%
26-Nov-25,DanubeH_Awareness_Carousel_Rest Of United Arab Emirates_MRS_PROS_Nov25,Awareness,Carousel,Rest of United Arab Emirates,United Arab Emirates,18647,88,0.47%,1.81,10327,130.53,1.48,7,,,,,,,,90.02%
26-Nov-25,DanubeH_Awareness_Carousel_Muscat_BRS_PROS_Nov25,Awareness,Carousel,Muscat,Oman,15633,77,0.49%,2.96,5283,98.49,1.28,6.3,,,,,,,,90.35%
26-Nov-25,DanubeH_Awareness_Carousel_Rest Of Oman_BRS_PROS_Nov25,Awareness,Carousel,Rest of Oman,Oman,16826,82,0.49%,3.05,5510,106,1.29,6.3,,,,,,,,89.82%
26-Nov-25,DanubeH_Awareness_Carousel_Bahrain_EN_BRS_PROS_Nov25,Awareness,Carousel,Bahrain EN,Bahrain,459,3,0.65%,3.26,141,2.89,0.96,6.3,,,,,,,,90.42%
26-Nov-25,DanubeH_Awareness_Carousel_Bahrain_AR_BRS_PROS_Nov25,Awareness,Carousel,Bahrain AR,Bahrain,2027,11,0.54%,3.04,667,12.77,1.16,6.3,,,,,,,,89.44%
27-Nov-25,DanubeH_Awareness_HTML_Dubai_MRS_PROS_Nov25,Awareness,HTML - Two Products,Dubai,United Arab Emirates,170069,1263,0.74%,3,56610,"1,190.48",0.94,7,,,,,,,,89.62%
27-Nov-25,DanubeH_Awareness_HTML_Abu DhabiDhabi&AlAin_MRS_PROS_Nov25,Awareness,HTML - Two Products,Abu Dhabi,United Arab Emirates,175924,1361,0.77%,2.96,59364,"1,231.47",0.9,7,,,,,,,,89.52%
27-Nov-25,DanubeH_Awareness_HTML_Rest Of United Arab Emirates_MRS_PROS_Nov25,Awareness,HTML - Two Products,Rest of United Arab Emirates,United Arab Emirates,128115,858,0.67%,7.02,18251,896.81,1.05,7,,,,,,,,91.32%
27-Nov-25,DanubeH_Awareness_HTML_Muscat_BRS_PROS_Nov25,Awareness,HTML - Two Products,Muscat,Oman,119685,865,0.72%,3.12,38327,754.02,0.87,6.3,,,,,,,,91.87%
27-Nov-25,DanubeH_Awareness_HTML_Rest Of Oman_BRS_PROS_Nov25,Awareness,HTML - Two Products,Rest of Oman,Oman,40804,276,0.68%,2.29,17837,257.07,0.93,6.3,,,,,,,,89.98%
27-Nov-25,DanubeH_Awareness_HTML_Bahrain_BRS_PROS_Nov25,Awareness,HTML - Two Products,Bahrain EN,Bahrain,19255,152,0.79%,2.71,7104,121.31,0.8,6.3,,,,,,,,90.41%
27-Nov-25,DanubeH_Awareness_HTML_Bahrain_BRS_PROS_Nov25,Awareness,HTML - Two Products,Bahrain AR,Bahrain,41499,305,0.73%,3.21,12923,261.44,0.86,6.3,,,,,,,,89.51%
27-Nov-25,DanubeH_Awareness_HTML_Dubai_MRS_PROS_Nov25,Awareness,HTML -Vertical Scrolling,Dubai,United Arab Emirates,104317,698,0.67%,3.01,34674,730.22,1.05,7,,,,,,,,91.63%
27-Nov-25,DanubeH_Awareness_HTML_Abu DhabiDhabi&AlAin_MRS_PROS_Nov25,Awareness,HTML -Vertical Scrolling,Abu Dhabi,United Arab Emirates,107908,752,0.70%,2.97,36360,755.36,1,7,,,,,,,,90.61%
27-Nov-25,DanubeH_Awareness_HTML_Rest Of United Arab Emirates_MRS_PROS_Nov25,Awareness,HTML -Vertical Scrolling,Rest of United Arab Emirates,United Arab Emirates,78583,474,0.60%,7.03,11179,550.08,1.16,7,,,,,,,,89.76%
27-Nov-25,DanubeH_Awareness_HTML_Muscat_BRS_PROS_Nov25,Awareness,HTML -Vertical Scrolling,Muscat,Oman,73412,478,0.65%,3.13,23475,462.5,0.97,6.3,,,,,,,,89.19%
27-Nov-25,DanubeH_Awareness_HTML_Rest Of Oman_BRS_PROS_Nov25,Awareness,HTML -Vertical Scrolling,Rest of Oman,Oman,25028,152,0.61%,2.29,10925,157.68,1.04,6.3,,,,,,,,90.92%
27-Nov-25,DanubeH_Awareness_HTML_Bahrain_BRS_PROS_Nov25,Awareness,HTML -Vertical Scrolling,Bahrain EN,Bahrain,11811,84,0.71%,2.71,4351,74.41,0.89,6.3,,,,,,,,89.54%
27-Nov-25,DanubeH_Awareness_HTML_Bahrain_BRS_PROS_Nov25,Awareness,HTML -Vertical Scrolling,Bahrain AR,Bahrain,25455,169,0.66%,3.22,7915,160.37,0.95,6.3,,,,,,,,90.24%
27-Nov-25,DanubeH_Awareness_HTML_Dubai_MRS_PROS_Nov25,Awareness,HTML - 4 products showcase,Dubai,United Arab Emirates,6358,57,0.90%,2.54,2505,44.51,0.78,7,,,,,,,,91.67%
27-Nov-25,DanubeH_Awareness_HTML_Abu DhabiDhabi&AlAin_MRS_PROS_Nov25,Awareness,HTML - 4 products showcase,Abu Dhabi,United Arab Emirates,6576,61,0.93%,2.5,2627,46.03,0.75,7,,,,,,,,89.11%
27-Nov-25,DanubeH_Awareness_HTML_Rest Of United Arab Emirates_MRS_PROS_Nov25,Awareness,HTML - 4 products showcase,Rest of United Arab Emirates,United Arab Emirates,4789,39,0.81%,5.93,808,33.52,0.86,7,,,,,,,,90.17%
27-Nov-25,DanubeH_Awareness_HTML_Muscat_BRS_PROS_Nov25,Awareness,HTML - 4 products showcase,Muscat,Oman,4474,39,0.87%,2.64,1696,28.19,0.72,6.3,,,,,,,,90.88%
27-Nov-25,DanubeH_Awareness_HTML_Rest Of Oman_BRS_PROS_Nov25,Awareness,HTML - 4 products showcase,Rest of Oman,Oman,1525,12,0.79%,1.93,789,9.61,0.8,6.3,,,,,,,,89.25%
27-Nov-25,DanubeH_Awareness_HTML_Bahrain_BRS_PROS_Nov25,Awareness,HTML - 4 products showcase,Bahrain EN,Bahrain,720,7,0.97%,2.29,314,4.54,0.65,6.3,,,,,,,,91.78%
27-Nov-25,DanubeH_Awareness_HTML_Bahrain_BRS_PROS_Nov25,Awareness,HTML - 4 products showcase,Bahrain AR,Bahrain,1551,14,0.90%,2.71,572,9.77,0.7,6.3,,,,,,,,89.14%
27-Nov-25,DanubeH_Awareness_HTML_Dubai_MRS_PROS_Nov25,Awareness,Display,Dubai,United Arab Emirates,46972,188,0.40%,2.94,15950,328.8,1.75,7,,,,,,,,90.69%
27-Nov-25,DanubeH_Awareness_HTML_Abu DhabiDhabi&AlAin_MRS_PROS_Nov25,Awareness,Display,Abu Dhabi,United Arab Emirates,48589,203,0.42%,2.9,16726,340.12,1.68,7,,,,,,,,91.63%
27-Nov-25,DanubeH_Awareness_HTML_Rest Of United Arab Emirates_MRS_PROS_Nov25,Awareness,Display,Rest of United Arab Emirates,United Arab Emirates,35384,128,0.36%,6.88,5142,247.69,1.94,7,,,,,,,,91.94%
27-Nov-25,DanubeH_Awareness_HTML_Muscat_BRS_PROS_Nov25,Awareness,Display,Muscat,Oman,33056,129,0.39%,3.06,10799,208.25,1.61,6.3,,,,,,,,89.86%
27-Nov-25,DanubeH_Awareness_HTML_Rest Of Oman_BRS_PROS_Nov25,Awareness,Display,Rest of Oman,Oman,11270,41,0.36%,2.24,5026,71,1.73,6.3,,,,,,,,90.21%
27-Nov-25,DanubeH_Awareness_HTML_Bahrain_BRS_PROS_Nov25,Awareness,Display,Bahrain EN,Bahrain,5318,23,0.43%,2.66,2002,33.5,1.46,6.3,,,,,,,,89.31%
27-Nov-25,DanubeH_Awareness_HTML_Bahrain_BRS_PROS_Nov25,Awareness,Display,Bahrain AR,Bahrain,11462,45,0.39%,3.15,3641,72.21,1.6,6.3,,,,,,,,91.06%
27-Nov-25,DanubeH_Awareness_HTML_Dubai_MRS_PROS_Nov25,Awareness,Native,Dubai,United Arab Emirates,84073,422,0.50%,3.11,27031,588.51,1.39,7,,,,,,,,90.83%
27-Nov-25,DanubeH_Awareness_HTML_Abu DhabiDhabi&AlAin_MRS_PROS_Nov25,Awareness,Native,Abu Dhabi,United Arab Emirates,86967,454,0.52%,3.07,28346,608.77,1.34,7,,,,,,,,89.14%
27-Nov-25,DanubeH_Awareness_HTML_Rest Of United Arab Emirates_MRS_PROS_Nov25,Awareness,Native,Rest of United Arab Emirates,United Arab Emirates,63333,286,0.45%,7.27,8715,443.33,1.55,7,,,,,,,,89.50%
27-Nov-25,DanubeH_Awareness_HTML_Muscat_BRS_PROS_Nov25,Awareness,Native,Muscat,Oman,59165,289,0.49%,3.23,18301,372.74,1.29,6.3,,,,,,,,90.67%
27-Nov-25,DanubeH_Awareness_HTML_Rest Of Oman_BRS_PROS_Nov25,Awareness,Native,Rest of Oman,Oman,20171,92,0.46%,2.37,8517,127.08,1.38,6.3,,,,,,,,91.34%
27-Nov-25,DanubeH_Awareness_HTML_Bahrain_BRS_PROS_Nov25,Awareness,Native,Bahrain EN,Bahrain,9519,51,0.54%,2.81,3392,59.97,1.18,6.3,,,,,,,,91.05%
27-Nov-25,DanubeH_Awareness_HTML_Bahrain_BRS_PROS_Nov25,Awareness,Native,Bahrain AR,Bahrain,20515,102,0.50%,3.32,6171,129.24,1.27,6.3,,,,,,,,91.55%
27-Nov-25,DanubeH_Awareness_Carousel_Dubai_MRS_PROS_Nov25,Awareness,Carousel,Dubai,United Arab Emirates,6483,30,0.46%,1.36,4755,45.38,1.51,7,,,,,,,,89.49%
27-Nov-25,DanubeH_Awareness_Carousel_Abu DhabiDhabi&AlAin_MRS_PROS_Nov25,Awareness,Carousel,Abu Dhabi,United Arab Emirates,6706,32,0.48%,1.34,4987,46.94,1.47,7,,,,,,,,91.25%
27-Nov-25,DanubeH_Awareness_Carousel_Rest Of United Arab Emirates_MRS_PROS_Nov25,Awareness,Carousel,Rest of United Arab Emirates,United Arab Emirates,4884,20,0.41%,3.19,1533,34.19,1.71,7,,,,,,,,89.49%
27-Nov-25,DanubeH_Awareness_Carousel_Muscat_BRS_PROS_Nov25,Awareness,Carousel,Muscat,Oman,4562,21,0.46%,1.42,3219,28.74,1.37,6.3,,,,,,,,90.57%
27-Nov-25,DanubeH_Awareness_Carousel_Rest Of Oman_BRS_PROS_Nov25,Awareness,Carousel,Rest of Oman,Oman,1555,7,0.45%,1.04,1498,9.8,1.4,6.3,,,,,,,,89.87%
27-Nov-25,DanubeH_Awareness_Carousel_Bahrain_EN_BRS_PROS_Nov25,Awareness,Carousel,Bahrain EN,Bahrain,734,4,0.54%,1.23,597,4.62,1.16,6.3,,,,,,,,91.66%
27-Nov-25,DanubeH_Awareness_Carousel_Bahrain_AR_BRS_PROS_Nov25,Awareness,Carousel,Bahrain AR,Bahrain,1582,7,0.44%,1.46,1086,9.97,1.42,6.3,,,,,,,,89.42%
28-Nov-25,DanubeH_Awareness_HTML_Dubai_MRS_PROS_Nov25,Awareness,HTML - Two Products,Dubai,United Arab Emirates,132722,925,0.70%,3.1,42746,929.05,1,7,,,,,,,,91.01%
28-Nov-25,DanubeH_Awareness_HTML_Abu DhabiDhabi&AlAin_MRS_PROS_Nov25,Awareness,HTML - Two Products,Abu Dhabi,United Arab Emirates,211666,1558,0.74%,3.08,68613,"1,481.66",0.95,7,,,,,,,,90.91%
28-Nov-25,DanubeH_Awareness_HTML_Rest Of United Arab Emirates_MRS_PROS_Nov25,Awareness,HTML - Two Products,Rest of United Arab Emirates,United Arab Emirates,93539,606,0.65%,3.51,26674,654.77,1.08,7,,,,,,,,90.76%
28-Nov-25,DanubeH_Awareness_HTML_Muscat_BRS_PROS_Nov25,Awareness,HTML - Two Products,Muscat,Oman,117148,788,0.67%,3.08,37981,738.03,0.94,6.3,,,,,,,,91.96%
28-Nov-25,DanubeH_Awareness_HTML_Rest Of Oman_BRS_PROS_Nov25,Awareness,HTML - Two Products,Rest of Oman,Oman,20640,123,0.60%,4.28,4825,130.03,1.06,6.3,,,,,,,,89.76%
28-Nov-25,DanubeH_Awareness_HTML_Bahrain_BRS_PROS_Nov25,Awareness,HTML - Two Products,Bahrain EN,Bahrain,14960,105,0.70%,3.27,4579,94.25,0.9,6.3,,,,,,,,89.84%
28-Nov-25,DanubeH_Awareness_HTML_Bahrain_BRS_PROS_Nov25,Awareness,HTML - Two Products,Bahrain AR,Bahrain,47892,311,0.65%,3.18,15056,301.72,0.97,6.3,,,,,,,,89.48%
28-Nov-25,DanubeH_Awareness_HTML_Dubai_MRS_PROS_Nov25,Awareness,HTML -Vertical Scrolling,Dubai,United Arab Emirates,107623,721,0.67%,3.02,35621,753.36,1.04,7,,,,,,,,90.42%
28-Nov-25,DanubeH_Awareness_HTML_Abu DhabiDhabi&AlAin_MRS_PROS_Nov25,Awareness,HTML -Vertical Scrolling,Abu Dhabi,United Arab Emirates,171638,1214,0.71%,3,57177,"1,201.47",0.99,7,,,,,,,,90.96%
28-Nov-25,DanubeH_Awareness_HTML_Rest Of United Arab Emirates_MRS_PROS_Nov25,Awareness,HTML -Vertical Scrolling,Rest of United Arab Emirates,United Arab Emirates,75850,472,0.62%,3.41,22228,530.95,1.12,7,,,,,,,,91.27%
28-Nov-25,DanubeH_Awareness_HTML_Muscat_BRS_PROS_Nov25,Awareness,HTML -Vertical Scrolling,Muscat,Oman,94994,614,0.65%,3,31651,598.46,0.97,6.3,,,,,,,,90.90%
28-Nov-25,DanubeH_Awareness_HTML_Rest Of Oman_BRS_PROS_Nov25,Awareness,HTML -Vertical Scrolling,Rest of Oman,Oman,16737,96,0.57%,4.16,4020,105.44,1.1,6.3,,,,,,,,90.20%
28-Nov-25,DanubeH_Awareness_HTML_Bahrain_BRS_PROS_Nov25,Awareness,HTML -Vertical Scrolling,Bahrain EN,Bahrain,12131,82,0.68%,3.18,3816,76.43,0.93,6.3,,,,,,,,90.14%
28-Nov-25,DanubeH_Awareness_HTML_Bahrain_BRS_PROS_Nov25,Awareness,HTML -Vertical Scrolling,Bahrain AR,Bahrain,38835,242,0.62%,3.1,12546,244.66,1.01,6.3,,,,,,,,90.67%
28-Nov-25,DanubeH_Awareness_HTML_Dubai_MRS_PROS_Nov25,Awareness,HTML - 4 products showcase,Dubai,United Arab Emirates,14945,90,0.60%,2.51,5962,104.62,1.16,7,,,,,,,,90.83%
28-Nov-25,DanubeH_Awareness_HTML_Abu DhabiDhabi&AlAin_MRS_PROS_Nov25,Awareness,HTML - 4 products showcase,Abu Dhabi,United Arab Emirates,23835,151,0.63%,2.49,9570,166.85,1.1,7,,,,,,,,91.17%
28-Nov-25,DanubeH_Awareness_HTML_Rest Of United Arab Emirates_MRS_PROS_Nov25,Awareness,HTML - 4 products showcase,Rest of United Arab Emirates,United Arab Emirates,10533,59,0.56%,2.83,3720,73.73,1.25,7,,,,,,,,91.17%
28-Nov-25,DanubeH_Awareness_HTML_Muscat_BRS_PROS_Nov25,Awareness,HTML - 4 products showcase,Muscat,Oman,13192,77,0.58%,2.49,5297,83.11,1.08,6.3,,,,,,,,91.69%
28-Nov-25,DanubeH_Awareness_HTML_Rest Of Oman_BRS_PROS_Nov25,Awareness,HTML - 4 products showcase,Rest of Oman,Oman,2324,12,0.52%,3.45,673,14.64,1.22,6.3,,,,,,,,91.68%
28-Nov-25,DanubeH_Awareness_HTML_Bahrain_BRS_PROS_Nov25,Awareness,HTML - 4 products showcase,Bahrain EN,Bahrain,1685,10,0.59%,2.64,639,10.62,1.06,6.3,,,,,,,,89.81%
28-Nov-25,DanubeH_Awareness_HTML_Bahrain_BRS_PROS_Nov25,Awareness,HTML - 4 products showcase,Bahrain AR,Bahrain,5393,30,0.56%,2.57,2100,33.98,1.13,6.3,,,,,,,,91.32%
28-Nov-25,DanubeH_Awareness_HTML_Dubai_MRS_PROS_Nov25,Awareness,Display,Dubai,United Arab Emirates,42707,259,0.61%,3.03,14086,298.95,1.15,7,,,,,,,,91.49%
28-Nov-25,DanubeH_Awareness_HTML_Abu DhabiDhabi&AlAin_MRS_PROS_Nov25,Awareness,Display,Abu Dhabi,United Arab Emirates,68109,437,0.64%,3.01,22610,476.76,1.09,7,,,,,,,,89.04%
28-Nov-25,DanubeH_Awareness_HTML_Rest Of United Arab Emirates_MRS_PROS_Nov25,Awareness,Display,Rest of United Arab Emirates,United Arab Emirates,30099,170,0.56%,3.42,8790,210.69,1.24,7,,,,,,,,91.24%
28-Nov-25,DanubeH_Awareness_HTML_Muscat_BRS_PROS_Nov25,Awareness,Display,Muscat,Oman,37695,221,0.59%,3.01,12516,237.48,1.07,6.3,,,,,,,,89.22%
28-Nov-25,DanubeH_Awareness_HTML_Rest Of Oman_BRS_PROS_Nov25,Awareness,Display,Rest of Oman,Oman,6641,35,0.53%,4.18,1590,41.84,1.2,6.3,,,,,,,,89.34%
28-Nov-25,DanubeH_Awareness_HTML_Bahrain_BRS_PROS_Nov25,Awareness,Display,Bahrain EN,Bahrain,4814,29,0.60%,3.19,1509,30.33,1.05,6.3,,,,,,,,89.09%
28-Nov-25,DanubeH_Awareness_HTML_Bahrain_BRS_PROS_Nov25,Awareness,Display,Bahrain AR,Bahrain,15410,87,0.56%,3.11,4961,97.08,1.12,6.3,,,,,,,,90.83%
28-Nov-25,DanubeH_Awareness_HTML_Dubai_MRS_PROS_Nov25,Awareness,Native,Dubai,United Arab Emirates,63965,415,0.65%,3.03,21123,447.76,1.08,7,,,,,,,,89.68%
28-Nov-25,DanubeH_Awareness_HTML_Abu DhabiDhabi&AlAin_MRS_PROS_Nov25,Awareness,Native,Abu Dhabi,United Arab Emirates,102012,700,0.69%,3.01,33905,714.08,1.02,7,,,,,,,,91.59%
28-Nov-25,DanubeH_Awareness_HTML_Rest Of United Arab Emirates_MRS_PROS_Nov25,Awareness,Native,Rest of United Arab Emirates,United Arab Emirates,45081,272,0.60%,3.42,13181,315.57,1.16,7,,,,,,,,89.92%
28-Nov-25,DanubeH_Awareness_HTML_Muscat_BRS_PROS_Nov25,Awareness,Native,Muscat,Oman,56459,354,0.63%,3.01,18768,355.69,1,6.3,,,,,,,,90.06%
28-Nov-25,DanubeH_Awareness_HTML_Rest Of Oman_BRS_PROS_Nov25,Awareness,Native,Rest of Oman,Oman,9947,55,0.55%,4.17,2384,62.67,1.14,6.3,,,,,,,,90.23%
28-Nov-25,DanubeH_Awareness_HTML_Bahrain_BRS_PROS_Nov25,Awareness,Native,Bahrain EN,Bahrain,7210,47,0.65%,3.19,2263,45.42,0.97,6.3,,,,,,,,90.62%
28-Nov-25,DanubeH_Awareness_HTML_Bahrain_BRS_PROS_Nov25,Awareness,Native,Bahrain AR,Bahrain,23081,140,0.61%,3.1,7440,145.41,1.04,6.3,,,,,,,,91.97%
28-Nov-25,DanubeH_Awareness_Carousel_Dubai_MRS_PROS_Nov25,Awareness,Carousel,Dubai,United Arab Emirates,18330,106,0.58%,3.36,5449,128.31,1.21,7,,,,,,,,91.64%
28-Nov-25,DanubeH_Awareness_Carousel_Abu DhabiDhabi&AlAin_MRS_PROS_Nov25,Awareness,Carousel,Abu Dhabi,United Arab Emirates,29233,179,0.61%,3.34,8747,204.63,1.14,7,,,,,,,,90.84%
28-Nov-25,DanubeH_Awareness_Carousel_Rest Of United Arab Emirates_MRS_PROS_Nov25,Awareness,Carousel,Rest of United Arab Emirates,United Arab Emirates,12919,70,0.54%,3.8,3400,90.43,1.29,7,,,,,,,,91.72%
28-Nov-25,DanubeH_Awareness_Carousel_Muscat_BRS_PROS_Nov25,Awareness,Carousel,Muscat,Oman,16179,91,0.56%,3.34,4842,101.93,1.12,6.3,,,,,,,,89.17%
28-Nov-25,DanubeH_Awareness_Carousel_Rest Of Oman_BRS_PROS_Nov25,Awareness,Carousel,Rest of Oman,Oman,2851,14,0.49%,4.64,615,17.96,1.28,6.3,,,,,,,,91.70%
28-Nov-25,DanubeH_Awareness_Carousel_Bahrain_EN_BRS_PROS_Nov25,Awareness,Carousel,Bahrain EN,Bahrain,2066,12,0.58%,3.54,584,13.02,1.08,6.3,,,,,,,,91.68%
28-Nov-25,DanubeH_Awareness_Carousel_Bahrain_AR_BRS_PROS_Nov25,Awareness,Carousel,Bahrain AR,Bahrain,6614,36,0.54%,3.45,1919,41.67,1.16,6.3,,,,,,,,89.84%
29-Nov-25,DanubeH_Awareness_HTML_Dubai_MRS_PROS_Nov25,Awareness,HTML - Two Products,Dubai,United Arab Emirates,93125,587,0.70%,3.1,30589,929.05,1,7,,,,,,,,90.95%
29-Nov-25,DanubeH_Awareness_HTML_Abu DhabiDhabi&AlAin_MRS_PROS_Nov25,Awareness,HTML - Two Products,Abu Dhabi,United Arab Emirates,148517,935,0.74%,3.08,50693,"1,481.66",0.95,7,,,,,,,,91.58%
29-Nov-25,DanubeH_Awareness_HTML_Rest Of United Arab Emirates_MRS_PROS_Nov25,Awareness,HTML - Two Products,Rest of United Arab Emirates,United Arab Emirates,65632,364,0.65%,3.51,19707,654.77,1.08,7,,,,,,,,90.79%
29-Nov-25,DanubeH_Awareness_HTML_Muscat_BRS_PROS_Nov25,Awareness,HTML - Two Products,Muscat,Oman,82197,473,0.67%,3.08,28061,738.03,0.94,6.3,,,,,,,,91.68%
29-Nov-25,DanubeH_Awareness_HTML_Rest Of Oman_BRS_PROS_Nov25,Awareness,HTML - Two Products,Rest of Oman,Oman,14482,74,0.60%,4.28,3565,130.03,1.06,6.3,,,,,,,,89.88%
29-Nov-25,DanubeH_Awareness_HTML_Bahrain_BRS_PROS_Nov25,Awareness,HTML - Two Products,Bahrain EN,Bahrain,10497,63,0.70%,3.27,3383,94.25,0.9,6.3,,,,,,,,89.96%
29-Nov-25,DanubeH_Awareness_HTML_Bahrain_BRS_PROS_Nov25,Awareness,HTML - Two Products,Bahrain AR,Bahrain,33603,187,0.65%,3.18,11123,301.72,0.97,6.3,,,,,,,,91.30%
29-Nov-25,DanubeH_Awareness_HTML_Dubai_MRS_PROS_Nov25,Awareness,HTML -Vertical Scrolling,Dubai,United Arab Emirates,75541,457,0.67%,3.02,25491,753.36,1.04,7,,,,,,,,89.49%
29-Nov-25,DanubeH_Awareness_HTML_Abu DhabiDhabi&AlAin_MRS_PROS_Nov25,Awareness,HTML -Vertical Scrolling,Abu Dhabi,United Arab Emirates,120473,729,0.71%,3,42244,"1,201.47",0.99,7,,,,,,,,90.24%
29-Nov-25,DanubeH_Awareness_HTML_Rest Of United Arab Emirates_MRS_PROS_Nov25,Awareness,HTML -Vertical Scrolling,Rest of United Arab Emirates,United Arab Emirates,53239,284,0.62%,3.41,16423,530.95,1.12,7,,,,,,,,91.06%
29-Nov-25,DanubeH_Awareness_HTML_Muscat_BRS_PROS_Nov25,Awareness,HTML -Vertical Scrolling,Muscat,Oman,66676,369,0.65%,3,23384,598.46,0.97,6.3,,,,,,,,90.50%
29-Nov-25,DanubeH_Awareness_HTML_Rest Of Oman_BRS_PROS_Nov25,Awareness,HTML -Vertical Scrolling,Rest of Oman,Oman,11748,58,0.57%,4.16,2971,105.44,1.1,6.3,,,,,,,,90.20%
29-Nov-25,DanubeH_Awareness_HTML_Bahrain_BRS_PROS_Nov25,Awareness,HTML -Vertical Scrolling,Bahrain EN,Bahrain,8515,49,0.68%,3.18,2819,76.43,0.93,6.3,,,,,,,,89.32%
29-Nov-25,DanubeH_Awareness_HTML_Bahrain_BRS_PROS_Nov25,Awareness,HTML -Vertical Scrolling,Bahrain AR,Bahrain,27258,146,0.62%,3.1,9269,244.66,1.01,6.3,,,,,,,,91.70%
29-Nov-25,DanubeH_Awareness_HTML_Dubai_MRS_PROS_Nov25,Awareness,HTML - 4 products showcase,Dubai,United Arab Emirates,10460,57,0.60%,2.51,4266,104.62,1.16,7,,,,,,,,91.93%
29-Nov-25,DanubeH_Awareness_HTML_Abu DhabiDhabi&AlAin_MRS_PROS_Nov25,Awareness,HTML - 4 products showcase,Abu Dhabi,United Arab Emirates,16682,91,0.63%,2.49,7070,166.85,1.1,7,,,,,,,,91.79%
29-Nov-25,DanubeH_Awareness_HTML_Rest Of United Arab Emirates_MRS_PROS_Nov25,Awareness,HTML - 4 products showcase,Rest of United Arab Emirates,United Arab Emirates,7372,35,0.56%,2.83,2749,73.73,1.25,7,,,,,,,,91.39%
29-Nov-25,DanubeH_Awareness_HTML_Muscat_BRS_PROS_Nov25,Awareness,HTML - 4 products showcase,Muscat,Oman,9233,46,0.58%,2.49,3914,83.11,1.08,6.3,,,,,,,,91.91%
29-Nov-25,DanubeH_Awareness_HTML_Rest Of Oman_BRS_PROS_Nov25,Awareness,HTML - 4 products showcase,Rest of Oman,Oman,1627,7,0.52%,3.45,497,14.64,1.22,6.3,,,,,,,,90.02%
29-Nov-25,DanubeH_Awareness_HTML_Bahrain_BRS_PROS_Nov25,Awareness,HTML - 4 products showcase,Bahrain EN,Bahrain,1179,6,0.59%,2.64,472,10.62,1.06,6.3,,,,,,,,90.50%
29-Nov-25,DanubeH_Awareness_HTML_Bahrain_BRS_PROS_Nov25,Awareness,HTML - 4 products showcase,Bahrain AR,Bahrain,3774,18,0.56%,2.57,1551,33.98,1.13,6.3,,,,,,,,91.49%
29-Nov-25,DanubeH_Awareness_HTML_Dubai_MRS_PROS_Nov25,Awareness,Display,Dubai,United Arab Emirates,29965,232,0.61%,3.03,10080,298.95,1.15,7,,,,,,,,89.86%
29-Nov-25,DanubeH_Awareness_HTML_Abu DhabiDhabi&AlAin_MRS_PROS_Nov25,Awareness,Display,Abu Dhabi,United Arab Emirates,47789,371,0.64%,3.01,16705,476.76,1.09,7,,,,,,,,90.12%
29-Nov-25,DanubeH_Awareness_HTML_Rest Of United Arab Emirates_MRS_PROS_Nov25,Awareness,Display,Rest of United Arab Emirates,United Arab Emirates,21119,144,0.56%,3.42,6494,210.69,1.24,7,,,,,,,,90.98%
29-Nov-25,DanubeH_Awareness_HTML_Muscat_BRS_PROS_Nov25,Awareness,Display,Muscat,Oman,26449,188,0.59%,3.01,9247,237.48,1.07,6.3,,,,,,,,90.28%
29-Nov-25,DanubeH_Awareness_HTML_Rest Of Oman_BRS_PROS_Nov25,Awareness,Display,Rest of Oman,Oman,4660,29,0.53%,4.18,1175,41.84,1.2,6.3,,,,,,,,89.48%
29-Nov-25,DanubeH_Awareness_HTML_Bahrain_BRS_PROS_Nov25,Awareness,Display,Bahrain EN,Bahrain,3378,25,0.60%,3.19,1115,30.33,1.05,6.3,,,,,,,,89.38%
29-Nov-25,DanubeH_Awareness_HTML_Bahrain_BRS_PROS_Nov25,Awareness,Display,Bahrain AR,Bahrain,10813,74,0.56%,3.11,3665,97.08,1.12,6.3,,,,,,,,89.15%
29-Nov-25,DanubeH_Awareness_HTML_Dubai_MRS_PROS_Nov25,Awareness,Native,Dubai,United Arab Emirates,44882,372,0.65%,3.03,15116,447.76,1.08,7,,,,,,,,91.28%
29-Nov-25,DanubeH_Awareness_HTML_Abu DhabiDhabi&AlAin_MRS_PROS_Nov25,Awareness,Native,Abu Dhabi,United Arab Emirates,71577,593,0.69%,3.01,25050,714.08,1.02,7,,,,,,,,90.60%
29-Nov-25,DanubeH_Awareness_HTML_Rest Of United Arab Emirates_MRS_PROS_Nov25,Awareness,Native,Rest of United Arab Emirates,United Arab Emirates,31631,230,0.60%,3.42,9738,315.57,1.16,7,,,,,,,,89.79%
29-Nov-25,DanubeH_Awareness_HTML_Muscat_BRS_PROS_Nov25,Awareness,Native,Muscat,Oman,39615,300,0.63%,3.01,13866,355.69,1,6.3,,,,,,,,90.70%
29-Nov-25,DanubeH_Awareness_HTML_Rest Of Oman_BRS_PROS_Nov25,Awareness,Native,Rest of Oman,Oman,6980,47,0.55%,4.17,1761,62.67,1.14,6.3,,,,,,,,89.13%
29-Nov-25,DanubeH_Awareness_HTML_Bahrain_BRS_PROS_Nov25,Awareness,Native,Bahrain EN,Bahrain,5059,40,0.65%,3.19,1672,45.42,0.97,6.3,,,,,,,,90.52%
29-Nov-25,DanubeH_Awareness_HTML_Bahrain_BRS_PROS_Nov25,Awareness,Native,Bahrain AR,Bahrain,16195,118,0.61%,3.1,5497,145.41,1.04,6.3,,,,,,,,91.77%
29-Nov-25,DanubeH_Awareness_Carousel_Dubai_MRS_PROS_Nov25,Awareness,Carousel,Dubai,United Arab Emirates,12861,95,0.58%,3.36,3900,128.31,1.21,7,,,,,,,,89.17%
29-Nov-25,DanubeH_Awareness_Carousel_Abu DhabiDhabi&AlAin_MRS_PROS_Nov25,Awareness,Carousel,Abu Dhabi,United Arab Emirates,20511,152,0.61%,3.34,6463,204.63,1.14,7,,,,,,,,90.95%
29-Nov-25,DanubeH_Awareness_Carousel_Rest Of United Arab Emirates_MRS_PROS_Nov25,Awareness,Carousel,Rest of United Arab Emirates,United Arab Emirates,9064,59,0.54%,3.8,2512,90.43,1.29,7,,,,,,,,89.50%
29-Nov-25,DanubeH_Awareness_Carousel_Muscat_BRS_PROS_Nov25,Awareness,Carousel,Muscat,Oman,11352,77,0.56%,3.34,3577,101.93,1.12,6.3,,,,,,,,90.05%
29-Nov-25,DanubeH_Awareness_Carousel_Rest Of Oman_BRS_PROS_Nov25,Awareness,Carousel,Rest of Oman,Oman,2000,12,0.49%,4.64,454,17.96,1.28,6.3,,,,,,,,90.30%
29-Nov-25,DanubeH_Awareness_Carousel_Bahrain_EN_BRS_PROS_Nov25,Awareness,Carousel,Bahrain EN,Bahrain,1450,10,0.58%,3.54,431,13.02,1.08,6.3,,,,,,,,90.04%
29-Nov-25,DanubeH_Awareness_Carousel_Bahrain_AR_BRS_PROS_Nov25,Awareness,Carousel,Bahrain AR,Bahrain,4641,30,0.54%,3.45,1418,41.67,1.16,6.3,,,,,,,,89.89%
30-Nov-25,DanubeH_Awareness_HTML_Dubai_MRS_PROS_Nov25,Awareness,HTML - Two Products,Dubai,United Arab Emirates,67858,490,0.70%,3.1,25482,929.05,1,7,,,,,,,,89.84%
30-Nov-25,DanubeH_Awareness_HTML_Abu DhabiDhabi&AlAin_MRS_PROS_Nov25,Awareness,HTML - Two Products,Abu Dhabi,United Arab Emirates,108220,808,0.74%,3.08,39324,"1,481.66",0.95,7,,,,,,,,89.36%
30-Nov-25,DanubeH_Awareness_HTML_Rest Of United Arab Emirates_MRS_PROS_Nov25,Awareness,HTML - Two Products,Rest of United Arab Emirates,United Arab Emirates,47824,314,0.65%,3.51,15288,654.77,1.08,7,,,,,,,,90.37%
30-Nov-25,DanubeH_Awareness_HTML_Muscat_BRS_PROS_Nov25,Awareness,HTML - Two Products,Muscat,Oman,59895,408,0.67%,3.08,21768,738.03,0.94,6.3,,,,,,,,90.69%
30-Nov-25,DanubeH_Awareness_HTML_Rest Of Oman_BRS_PROS_Nov25,Awareness,HTML - Two Products,Rest of Oman,Oman,10553,64,0.60%,4.28,2765,130.03,1.06,6.3,,,,,,,,90.28%
30-Nov-25,DanubeH_Awareness_HTML_Bahrain_BRS_PROS_Nov25,Awareness,HTML - Two Products,Bahrain EN,Bahrain,7649,54,0.70%,3.27,2624,94.25,0.9,6.3,,,,,,,,90.06%
30-Nov-25,DanubeH_Awareness_HTML_Bahrain_BRS_PROS_Nov25,Awareness,HTML - Two Products,Bahrain AR,Bahrain,24486,161,0.65%,3.18,8629,301.72,0.97,6.3,,,,,,,,91.56%
30-Nov-25,DanubeH_Awareness_HTML_Dubai_MRS_PROS_Nov25,Awareness,HTML -Vertical Scrolling,Dubai,United Arab Emirates,55009,382,0.67%,3.02,21298,753.36,1.04,7,,,,,,,,89.81%
30-Nov-25,DanubeH_Awareness_HTML_Abu DhabiDhabi&AlAin_MRS_PROS_Nov25,Awareness,HTML -Vertical Scrolling,Abu Dhabi,United Arab Emirates,87729,629,0.71%,3,32866,"1,201.47",0.99,7,,,,,,,,89.03%
30-Nov-25,DanubeH_Awareness_HTML_Rest Of United Arab Emirates_MRS_PROS_Nov25,Awareness,HTML -Vertical Scrolling,Rest of United Arab Emirates,United Arab Emirates,38769,245,0.62%,3.41,12777,530.95,1.12,7,,,,,,,,89.39%
30-Nov-25,DanubeH_Awareness_HTML_Muscat_BRS_PROS_Nov25,Awareness,HTML -Vertical Scrolling,Muscat,Oman,48554,318,0.65%,3,18193,598.46,0.97,6.3,,,,,,,,89.36%
30-Nov-25,DanubeH_Awareness_HTML_Rest Of Oman_BRS_PROS_Nov25,Awareness,HTML -Vertical Scrolling,Rest of Oman,Oman,8555,50,0.57%,4.16,2311,105.44,1.1,6.3,,,,,,,,89.44%
30-Nov-25,DanubeH_Awareness_HTML_Bahrain_BRS_PROS_Nov25,Awareness,HTML -Vertical Scrolling,Bahrain EN,Bahrain,6201,42,0.68%,3.18,2193,76.43,0.93,6.3,,,,,,,,89.83%
30-Nov-25,DanubeH_Awareness_HTML_Bahrain_BRS_PROS_Nov25,Awareness,HTML -Vertical Scrolling,Bahrain AR,Bahrain,19850,125,0.62%,3.1,7212,244.66,1.01,6.3,,,,,,,,90.55%
30-Nov-25,DanubeH_Awareness_HTML_Dubai_MRS_PROS_Nov25,Awareness,HTML - 4 products showcase,Dubai,United Arab Emirates,7639,48,0.60%,2.51,3565,104.62,1.16,7,,,,,,,,89.24%
30-Nov-25,DanubeH_Awareness_HTML_Abu DhabiDhabi&AlAin_MRS_PROS_Nov25,Awareness,HTML - 4 products showcase,Abu Dhabi,United Arab Emirates,12183,79,0.63%,2.49,5501,166.85,1.1,7,,,,,,,,89.88%
30-Nov-25,DanubeH_Awareness_HTML_Rest Of United Arab Emirates_MRS_PROS_Nov25,Awareness,HTML - 4 products showcase,Rest of United Arab Emirates,United Arab Emirates,5384,31,0.56%,2.83,2139,73.73,1.25,7,,,,,,,,90.46%
30-Nov-25,DanubeH_Awareness_HTML_Muscat_BRS_PROS_Nov25,Awareness,HTML - 4 products showcase,Muscat,Oman,6743,40,0.58%,2.49,3045,83.11,1.08,6.3,,,,,,,,91.04%
30-Nov-25,DanubeH_Awareness_HTML_Rest Of Oman_BRS_PROS_Nov25,Awareness,HTML - 4 products showcase,Rest of Oman,Oman,1188,6,0.52%,3.45,387,14.64,1.22,6.3,,,,,,,,89.93%
30-Nov-25,DanubeH_Awareness_HTML_Bahrain_BRS_PROS_Nov25,Awareness,HTML - 4 products showcase,Bahrain EN,Bahrain,861,5,0.59%,2.64,367,10.62,1.06,6.3,,,,,,,,89.61%
30-Nov-25,DanubeH_Awareness_HTML_Bahrain_BRS_PROS_Nov25,Awareness,HTML - 4 products showcase,Bahrain AR,Bahrain,2757,16,0.56%,2.57,1207,33.98,1.13,6.3,,,,,,,,91.04%
30-Nov-25,DanubeH_Awareness_HTML_Dubai_MRS_PROS_Nov25,Awareness,Display,Dubai,United Arab Emirates,21829,194,0.61%,3.03,8422,298.95,1.15,7,,,,,,,,89.52%
30-Nov-25,DanubeH_Awareness_HTML_Abu DhabiDhabi&AlAin_MRS_PROS_Nov25,Awareness,Display,Abu Dhabi,United Arab Emirates,34813,320,0.64%,3.01,12997,476.76,1.09,7,,,,,,,,91.04%
30-Nov-25,DanubeH_Awareness_HTML_Rest Of United Arab Emirates_MRS_PROS_Nov25,Awareness,Display,Rest of United Arab Emirates,United Arab Emirates,15384,124,0.56%,3.42,5053,210.69,1.24,7,,,,,,,,91.35%
30-Nov-25,DanubeH_Awareness_HTML_Muscat_BRS_PROS_Nov25,Awareness,Display,Muscat,Oman,19267,162,0.59%,3.01,7194,237.48,1.07,6.3,,,,,,,,91.45%
30-Nov-25,DanubeH_Awareness_HTML_Rest Of Oman_BRS_PROS_Nov25,Awareness,Display,Rest of Oman,Oman,3395,25,0.53%,4.18,914,41.84,1.2,6.3,,,,,,,,91.83%
30-Nov-25,DanubeH_Awareness_HTML_Bahrain_BRS_PROS_Nov25,Awareness,Display,Bahrain EN,Bahrain,2461,21,0.60%,3.19,867,30.33,1.05,6.3,,,,,,,,90.29%
30-Nov-25,DanubeH_Awareness_HTML_Bahrain_BRS_PROS_Nov25,Awareness,Display,Bahrain AR,Bahrain,7877,64,0.56%,3.11,2852,97.08,1.12,6.3,,,,,,,,89.85%
30-Nov-25,DanubeH_Awareness_HTML_Dubai_MRS_PROS_Nov25,Awareness,Native,Dubai,United Arab Emirates,32675,311,0.65%,3.03,12629,447.76,1.08,7,,,,,,,,90.51%
30-Nov-25,DanubeH_Awareness_HTML_Abu DhabiDhabi&AlAin_MRS_PROS_Nov25,Awareness,Native,Abu Dhabi,United Arab Emirates,52110,512,0.69%,3.01,19489,714.08,1.02,7,,,,,,,,89.40%
30-Nov-25,DanubeH_Awareness_HTML_Rest Of United Arab Emirates_MRS_PROS_Nov25,Awareness,Native,Rest of United Arab Emirates,United Arab Emirates,23029,199,0.60%,3.42,7577,315.57,1.16,7,,,,,,,,90.21%
30-Nov-25,DanubeH_Awareness_HTML_Muscat_BRS_PROS_Nov25,Awareness,Native,Muscat,Oman,28841,259,0.63%,3.01,10788,355.69,1,6.3,,,,,,,,90.33%
30-Nov-25,DanubeH_Awareness_HTML_Rest Of Oman_BRS_PROS_Nov25,Awareness,Native,Rest of Oman,Oman,5081,40,0.55%,4.17,1370,62.67,1.14,6.3,,,,,,,,91.09%
30-Nov-25,DanubeH_Awareness_HTML_Bahrain_BRS_PROS_Nov25,Awareness,Native,Bahrain EN,Bahrain,3683,34,0.65%,3.19,1300,45.42,0.97,6.3,,,,,,,,91.66%
30-Nov-25,DanubeH_Awareness_HTML_Bahrain_BRS_PROS_Nov25,Awareness,Native,Bahrain AR,Bahrain,11791,102,0.61%,3.1,4276,145.41,1.04,6.3,,,,,,,,89.95%
30-Nov-25,DanubeH_Awareness_Carousel_Dubai_MRS_PROS_Nov25,Awareness,Carousel,Dubai,United Arab Emirates,9369,79,0.58%,3.36,3333,128.31,1.21,7,,,,,,,,90.50%
30-Nov-25,DanubeH_Awareness_Carousel_Abu DhabiDhabi&AlAin_MRS_PROS_Nov25,Awareness,Carousel,Abu Dhabi,United Arab Emirates,14942,131,0.61%,3.34,5143,204.63,1.14,7,,,,,,,,89.63%
30-Nov-25,DanubeH_Awareness_Carousel_Rest Of United Arab Emirates_MRS_PROS_Nov25,Awareness,Carousel,Rest of United Arab Emirates,United Arab Emirates,6603,51,0.54%,3.8,1999,90.43,1.29,7,,,,,,,,89.91%
30-Nov-25,DanubeH_Awareness_Carousel_Muscat_BRS_PROS_Nov25,Awareness,Carousel,Muscat,Oman,8270,66,0.56%,3.34,2847,101.93,1.12,6.3,,,,,,,,91.98%
30-Nov-25,DanubeH_Awareness_Carousel_Rest Of Oman_BRS_PROS_Nov25,Awareness,Carousel,Rest of Oman,Oman,1457,10,0.49%,4.64,362,17.96,1.28,6.3,,,,,,,,89.75%
30-Nov-25,DanubeH_Awareness_Carousel_Bahrain_EN_BRS_PROS_Nov25,Awareness,Carousel,Bahrain EN,Bahrain,1056,9,0.58%,3.54,343,13.02,1.08,6.3,,,,,,,,91.17%
30-Nov-25,DanubeH_Awareness_Carousel_Bahrain_AR_BRS_PROS_Nov25,Awareness,Carousel,Bahrain AR,Bahrain,3381,26,0.54%,3.45,1129,41.67,1.16,6.3,,,,,,,,89.42%
11-Dec-26,DanubeH_Awareness_Dubai_90HFS_HTML_PROS_Dec25,Awareness,HTML - Countdown Promo,Dubai,United Arab Emirates,"143,849",828,0.58%,2.86,"50,211",992.56,1.2,6.9,,,,,,,,90.23%
11-Dec-26,DanubeH_Awareness_Abu DhabiDhabi_90HFS_HTML_PROS_Dec25,Awareness,HTML - Countdown Promo,Abu Dhabi,United Arab Emirates,"88,895",547,0.62%,2.9,"30,609",613.38,1.12,6.9,,,,,,,,89.71%
11-Dec-26,DanubeH_Awareness_Rest Of United Arab Emirates_90HFS_HTML_PROS_Dec25,Awareness,HTML - Countdown Promo,Rest of United Arab Emirates,United Arab Emirates,"50,716",267,0.53%,2.87,"17,642",349.94,1.31,6.9,,,,,,,,90.03%
11-Dec-26,DanubeH_Awareness_Bahrain_EN_90HFS_HTML_PROS_Dec25,Awareness,HTML - Countdown Promo,Bahrain EN,Bahrain,"41,749",236,0.57%,2.92,"14,279",263.02,1.11,6.3,,,,,,,,89.54%
11-Dec-26,DanubeH_Awareness_Bahrain_AR_90HFS_HTML_PROS_Dec25,Awareness,HTML - Countdown Promo,Bahrain AR,Bahrain,"40,293",244,0.61%,2.91,"13,827",253.84,1.04,6.3,,,,,,,,90.14%
11-Dec-26,DanubeH_Awareness_Dubai_90HFS_Static_PROS_Dec25,Awareness,Display,Dubai,United Arab Emirates,"84,735",468,0.55%,2.91,"29,163",584.67,1.25,6.9,,,,,,,,91.43%
11-Dec-26,DanubeH_Awareness_Abu DhabiDhabi_90HFS_Static_PROS_Dec25,Awareness,Display,Abu Dhabi,United Arab Emirates,"52,364",309,0.59%,2.95,"17,778",361.31,1.17,6.9,,,,,,,,90.41%
11-Dec-26,DanubeH_Awareness_Rest Of United Arab Emirates_90HFS_Static_PROS_Dec25,Awareness,Display,Rest of United Arab Emirates,United Arab Emirates,"29,874",150,0.50%,2.92,"10,247",206.13,1.37,6.9,,,,,,,,91.55%
11-Dec-26,DanubeH_Awareness_Bahrain_EN_90HFS_Static_PROS_Dec25,Awareness,Display,Bahrain EN,Bahrain,"24,592",133,0.54%,2.97,"8,293",154.93,1.16,6.3,,,,,,,,90.13%
11-Dec-26,DanubeH_Awareness_Bahrain_AR_90HFS_Static_PROS_Dec25,Awareness,Display,Bahrain AR,Bahrain,"23,734",137,0.58%,2.96,"8,031",149.52,1.09,6.3,,,,,,,,89.10%
11-Dec-26,DanubeH_Awareness_Dubai_90HFS_Static_PROS_Dec25,Awareness,Native,Dubai,United Arab Emirates,"121,415",735,0.61%,3,"40,490",837.76,1.14,6.9,,,,,,,,91.29%
11-Dec-26,DanubeH_Awareness_Abu DhabiDhabi_90HFS_Static_PROS_Dec25,Awareness,Native,Abu Dhabi,United Arab Emirates,"75,031",485,0.65%,3.04,"24,683",517.71,1.07,6.9,,,,,,,,89.95%
11-Dec-26,DanubeH_Awareness_Rest Of United Arab Emirates_90HFS_Static_PROS_Dec25,Awareness,Native,Rest of United Arab Emirates,United Arab Emirates,"42,806",237,0.55%,3.01,"14,226",295.36,1.25,6.9,,,,,,,,91.35%
11-Dec-26,DanubeH_Awareness_Bahrain_EN_90HFS_Static_PROS_Dec25,Awareness,Native,Bahrain EN,Bahrain,"35,237",210,0.60%,3.06,"11,515",221.99,1.06,6.3,,,,,,,,90.54%
11-Dec-26,DanubeH_Awareness_Bahrain_AR_90HFS_Static_PROS_Dec25,Awareness,Native,Bahrain AR,Bahrain,"34,008",216,0.64%,3.05,"11,150",214.25,0.99,6.3,,,,,,,,90.99%
12-Dec-26,DanubeH_Awareness_Dubai_90HFS_HTML_PROS_Dec25,Awareness,HTML - Countdown Promo,Dubai,United Arab Emirates,282389,2011,0.71%,2.94,96051,1948.48,0.97,6.9,,,,,,,,90.06%
12-Dec-26,DanubeH_Awareness_Dubai_90HFS_HTML_PROS_Dec25,Awareness,HTML - Product Countdown,Dubai,United Arab Emirates,113230,616,0.54%,2.93,38645,781.29,1.27,6.9,,,,,,,,90.20%
12-Dec-26,DanubeH_Awareness_Dubai_90HFS_HTML_PROS_Dec25,Awareness,HTML - Product Slider,Dubai,United Arab Emirates,93374,499,0.53%,2.95,31652,644.28,1.29,6.9,,,,,,,,90.88%
12-Dec-26,DanubeH_Awareness_Dubai_90HFS_Static_PROS_Dec25,Awareness,Display,Dubai,United Arab Emirates,49538,311,0.63%,2.96,16736,341.81,1.1,6.9,,,,,,,,91.06%
12-Dec-26,DanubeH_Awareness_Dubai_90HFS_Static_PROS_Dec25,Awareness,Native,Dubai,United Arab Emirates,148547,1030,0.69%,2.98,49801,1024.97,1,6.9,,,,,,,,89.40%
12-Dec-26,DanubeH_Awareness_Abu DhabiDhabi_90HFS_HTML_PROS_Dec25,Awareness,HTML - Countdown Promo,Abu Dhabi,United Arab Emirates,170158,1176,0.69%,2.87,59289,1174.09,1,6.9,,,,,,,,90.70%
12-Dec-26,DanubeH_Awareness_Abu DhabiDhabi_90HFS_HTML_PROS_Dec25,Awareness,HTML - Product Countdown,Abu Dhabi,United Arab Emirates,68229,360,0.53%,2.89,23609,470.78,1.31,6.9,,,,,,,,89.27%
12-Dec-26,DanubeH_Awareness_Abu DhabiDhabi_90HFS_HTML_PROS_Dec25,Awareness,HTML - Product Slider,Abu Dhabi,United Arab Emirates,56264,292,0.52%,2.9,19401,388.22,1.33,6.9,,,,,,,,89.55%
12-Dec-26,DanubeH_Awareness_Abu DhabiDhabi_90HFS_Static_PROS_Dec25,Awareness,Display,Abu Dhabi,United Arab Emirates,29850,182,0.61%,2.92,10223,205.97,1.13,6.9,,,,,,,,90.58%
12-Dec-26,DanubeH_Awareness_Abu DhabiDhabi_90HFS_Static_PROS_Dec25,Awareness,Native,Abu Dhabi,United Arab Emirates,89508,602,0.67%,2.93,30507,617.61,1.03,6.9,,,,,,,,90.97%
12-Dec-26,DanubeH_Awareness_Rest Of United Arab Emirates_90HFS_HTML_PROS_Dec25,Awareness,HTML - Countdown Promo,Rest Of United Arab Emirates,United Arab Emirates,116780,668,0.57%,3.2,36494,805.78,1.21,6.9,,,,,,,,90.56%
12-Dec-26,DanubeH_Awareness_Rest Of United Arab Emirates_90HFS_HTML_PROS_Dec25,Awareness,HTML - Product Countdown,Rest Of United Arab Emirates,United Arab Emirates,46826,205,0.44%,2.95,15873,323.1,1.58,6.9,,,,,,,,91.64%
12-Dec-26,DanubeH_Awareness_Rest Of United Arab Emirates_90HFS_HTML_PROS_Dec25,Awareness,HTML - Product Slider,Rest Of United Arab Emirates,United Arab Emirates,38614,166,0.43%,2.99,12914,266.44,1.61,6.9,,,,,,,,90.92%
12-Dec-26,DanubeH_Awareness_Rest Of United Arab Emirates_90HFS_Static_PROS_Dec25,Awareness,Display,Rest Of United Arab Emirates,United Arab Emirates,20486,103,0.50%,2.95,6944,141.35,1.37,6.9,,,,,,,,89.07%
12-Dec-26,DanubeH_Awareness_Rest Of United Arab Emirates_90HFS_Static_PROS_Dec25,Awareness,Native,Rest Of United Arab Emirates,United Arab Emirates,61430,342,0.56%,3.16,19447,423.87,1.24,6.9,,,,,,,,90.48%
12-Dec-26,DanubeH_Awareness_Bahrain_EN_90HFS_HTML_PROS_Dec25,Awareness,HTML - Countdown Promo,Bahrain EN,Bahrain,32507,232,0.71%,2.9,11209,204.79,0.88,6.3,,,,,,,,91.37%
12-Dec-26,DanubeH_Awareness_Bahrain_EN_90HFS_HTML_PROS_Dec25,Awareness,HTML - Product Countdown,Bahrain EN,Bahrain,13035,71,0.54%,2.92,4464,82.12,1.16,6.3,,,,,,,,89.23%
12-Dec-26,DanubeH_Awareness_Bahrain_EN_90HFS_HTML_PROS_Dec25,Awareness,HTML - Product Slider,Bahrain EN,Bahrain,10749,58,0.54%,2.99,3595,67.72,1.17,6.3,,,,,,,,91.13%
12-Dec-26,DanubeH_Awareness_Bahrain_EN_90HFS_Static_PROS_Dec25,Awareness,Display,Bahrain EN,Bahrain,5703,36,0.63%,2.98,1914,35.93,1,6.3,,,,,,,,90.41%
12-Dec-26,DanubeH_Awareness_Bahrain_EN_90HFS_Static_PROS_Dec25,Awareness,Native,Bahrain EN,Bahrain,17099,119,0.70%,3.04,5629,107.72,0.91,6.3,,,,,,,,90.42%
12-Dec-26,DanubeH_Awareness_Bahrain_AR_90HFS_HTML_PROS_Dec25,Awareness,HTML - Countdown Promo,Bahrain AR,Bahrain,33211,206,0.62%,2.92,11374,209.23,1.02,6.3,,,,,,,,91.66%
12-Dec-26,DanubeH_Awareness_Bahrain_AR_90HFS_HTML_PROS_Dec25,Awareness,HTML - Product Countdown,Bahrain AR,Bahrain,13317,63,0.47%,2.96,4499,83.9,1.33,6.3,,,,,,,,90.08%
12-Dec-26,DanubeH_Awareness_Bahrain_AR_90HFS_HTML_PROS_Dec25,Awareness,HTML - Product Slider,Bahrain AR,Bahrain,10981,51,0.46%,2.99,3673,69.18,1.36,6.3,,,,,,,,89.74%
12-Dec-26,DanubeH_Awareness_Bahrain_AR_90HFS_Static_PROS_Dec25,Awareness,Display,Bahrain AR,Bahrain,5826,32,0.55%,2.98,1955,36.7,1.15,6.3,,,,,,,,91.30%
12-Dec-26,DanubeH_Awareness_Bahrain_AR_90HFS_Static_PROS_Dec25,Awareness,Native,Bahrain AR,Bahrain,17470,106,0.61%,2.92,5984,110.06,1.04,6.3,,,,,,,,89.57%
13-Dec-26,DanubeH_Awareness_Dubai_90HFS_HTML_PROS_Dec25,Awareness,HTML - Countdown Promo,Dubai,United Arab Emirates,248938,1894,0.76%,2.97,83818,1717.67,0.91,6.9,,,,,,,,91.33%
13-Dec-26,DanubeH_Awareness_Dubai_90HFS_HTML_PROS_Dec25,Awareness,HTML - Product Countdown,Dubai,United Arab Emirates,99812,581,0.58%,2.95,33835,688.7,1.19,6.9,,,,,,,,91.29%
13-Dec-26,DanubeH_Awareness_Dubai_90HFS_HTML_PROS_Dec25,Awareness,HTML - Product Slider,Dubai,United Arab Emirates,82361,470,0.57%,2.94,28014,568.29,1.21,6.9,,,,,,,,89.83%
13-Dec-26,DanubeH_Awareness_Dubai_90HFS_Static_PROS_Dec25,Awareness,Display,Dubai,United Arab Emirates,43676,292,0.67%,2.95,14805,301.36,1.03,6.9,,,,,,,,89.82%
13-Dec-26,DanubeH_Awareness_Dubai_90HFS_Static_PROS_Dec25,Awareness,Native,Dubai,United Arab Emirates,130903,972,0.74%,3.01,43545,903.23,0.93,6.9,,,,,,,,90.74%
13-Dec-26,DanubeH_Awareness_Abu DhabiDhabi_90HFS_HTML_PROS_Dec25,Awareness,HTML - Countdown Promo,Abu Dhabi,United Arab Emirates,150001,1108,0.74%,2.95,50848,1035.01,0.93,6.9,,,,,,,,90.89%
13-Dec-26,DanubeH_Awareness_Abu DhabiDhabi_90HFS_HTML_PROS_Dec25,Awareness,HTML - Product Countdown,Abu Dhabi,United Arab Emirates,60143,340,0.57%,2.95,20387,414.99,1.22,6.9,,,,,,,,91.68%
13-Dec-26,DanubeH_Awareness_Abu DhabiDhabi_90HFS_HTML_PROS_Dec25,Awareness,HTML - Product Slider,Abu Dhabi,United Arab Emirates,49628,275,0.55%,2.95,16823,342.43,1.25,6.9,,,,,,,,89.94%
13-Dec-26,DanubeH_Awareness_Abu DhabiDhabi_90HFS_Static_PROS_Dec25,Awareness,Display,Abu Dhabi,United Arab Emirates,26317,171,0.65%,2.95,8921,181.59,1.06,6.9,,,,,,,,89.51%
13-Dec-26,DanubeH_Awareness_Abu DhabiDhabi_90HFS_Static_PROS_Dec25,Awareness,Native,Abu Dhabi,United Arab Emirates,78878,567,0.72%,3.11,25345,544.26,0.96,6.9,,,,,,,,89.78%
13-Dec-26,DanubeH_Awareness_Rest Of United Arab Emirates_90HFS_HTML_PROS_Dec25,Awareness,HTML - Countdown Promo,Rest Of United Arab Emirates,United Arab Emirates,102947,629,0.61%,2.92,35256,710.33,1.13,6.9,,,,,,,,90.77%
13-Dec-26,DanubeH_Awareness_Rest Of United Arab Emirates_90HFS_HTML_PROS_Dec25,Awareness,HTML - Product Countdown,Rest Of United Arab Emirates,United Arab Emirates,41276,193,0.47%,2.93,14087,284.8,1.48,6.9,,,,,,,,91.98%
13-Dec-26,DanubeH_Awareness_Rest Of United Arab Emirates_90HFS_HTML_PROS_Dec25,Awareness,HTML - Product Slider,Rest Of United Arab Emirates,United Arab Emirates,34060,156,0.46%,2.95,11546,235.01,1.51,6.9,,,,,,,,89.23%
13-Dec-26,DanubeH_Awareness_Rest Of United Arab Emirates_90HFS_Static_PROS_Dec25,Awareness,Display,Rest Of United Arab Emirates,United Arab Emirates,18062,97,0.54%,2.95,6123,124.63,1.28,6.9,,,,,,,,90.13%
13-Dec-26,DanubeH_Awareness_Rest Of United Arab Emirates_90HFS_Static_PROS_Dec25,Awareness,Native,Rest Of United Arab Emirates,United Arab Emirates,54134,323,0.60%,2.78,19473,373.52,1.16,6.9,,,,,,,,90.34%
13-Dec-26,DanubeH_Awareness_Bahrain_EN_90HFS_HTML_PROS_Dec25,Awareness,HTML - Countdown Promo,Bahrain EN,Bahrain,43586,337,0.77%,3.1,14060,274.59,0.81,6.3,,,,,,,,91.77%
13-Dec-26,DanubeH_Awareness_Bahrain_EN_90HFS_HTML_PROS_Dec25,Awareness,HTML - Product Countdown,Bahrain EN,Bahrain,17476,103,0.59%,2.93,5965,110.1,1.07,6.3,,,,,,,,89.98%
13-Dec-26,DanubeH_Awareness_Bahrain_EN_90HFS_HTML_PROS_Dec25,Awareness,HTML - Product Slider,Bahrain EN,Bahrain,14420,83,0.58%,2.99,4823,90.85,1.09,6.3,,,,,,,,90.36%
13-Dec-26,DanubeH_Awareness_Bahrain_EN_90HFS_Static_PROS_Dec25,Awareness,Display,Bahrain EN,Bahrain,7647,52,0.68%,3.2,2390,48.18,0.93,6.3,,,,,,,,91.55%
13-Dec-26,DanubeH_Awareness_Bahrain_EN_90HFS_Static_PROS_Dec25,Awareness,Native,Bahrain EN,Bahrain,22920,173,0.75%,2.78,8230,144.4,0.83,6.3,,,,,,,,89.66%
13-Dec-26,DanubeH_Awareness_Bahrain_AR_90HFS_HTML_PROS_Dec25,Awareness,HTML - Countdown Promo,Bahrain AR,Bahrain,44184,296,0.67%,2.94,15029,278.36,0.94,6.3,,,,,,,,89.23%
13-Dec-26,DanubeH_Awareness_Bahrain_AR_90HFS_HTML_PROS_Dec25,Awareness,HTML - Product Countdown,Bahrain AR,Bahrain,17716,91,0.51%,2.96,5985,111.61,1.23,6.3,,,,,,,,91.35%
13-Dec-26,DanubeH_Awareness_Bahrain_AR_90HFS_HTML_PROS_Dec25,Awareness,HTML - Product Slider,Bahrain AR,Bahrain,14618,73,0.50%,2.9,5041,92.09,1.26,6.3,,,,,,,,89.33%
13-Dec-26,DanubeH_Awareness_Bahrain_AR_90HFS_Static_PROS_Dec25,Awareness,Display,Bahrain AR,Bahrain,7752,46,0.59%,2.98,2601,48.84,1.06,6.3,,,,,,,,90.74%
13-Dec-26,DanubeH_Awareness_Bahrain_AR_90HFS_Static_PROS_Dec25,Awareness,Native,Bahrain AR,Bahrain,23234,151,0.65%,2.94,7910,146.37,0.97,6.3,,,,,,,,89.74%
14-Dec-26,DanubeH_Awareness_Dubai_90HFS_HTML_PROS_Dec25,Awareness,HTML - Countdown Promo,Dubai,United Arab Emirates,137682,1145,0.83%,2.9,47477,950.01,0.83,6.9,,,,,,,,89.42%
14-Dec-26,DanubeH_Awareness_Dubai_90HFS_HTML_PROS_Dec25,Awareness,HTML - Product Countdown,Dubai,United Arab Emirates,55207,351,0.64%,2.92,18907,380.93,1.09,6.9,,,,,,,,90.92%
14-Dec-26,DanubeH_Awareness_Dubai_90HFS_HTML_PROS_Dec25,Awareness,HTML - Product Slider,Dubai,United Arab Emirates,45559,284,0.62%,2.95,15444,314.36,1.11,6.9,,,,,,,,91.63%
14-Dec-26,DanubeH_Awareness_Dubai_90HFS_Static_PROS_Dec25,Awareness,Display,Dubai,United Arab Emirates,24153,177,0.73%,2.86,8445,166.66,0.94,6.9,,,,,,,,89.78%
14-Dec-26,DanubeH_Awareness_Dubai_90HFS_Static_PROS_Dec25,Awareness,Native,Dubai,United Arab Emirates,72392,588,0.81%,2.82,25670,499.5,0.85,6.9,,,,,,,,89.93%
14-Dec-26,DanubeH_Awareness_Abu DhabiDhabi_90HFS_HTML_PROS_Dec25,Awareness,HTML - Countdown Promo,Abu Dhabi,United Arab Emirates,82962,670,0.81%,2.92,28412,572.44,0.85,6.9,,,,,,,,89.08%
14-Dec-26,DanubeH_Awareness_Abu DhabiDhabi_90HFS_HTML_PROS_Dec25,Awareness,HTML - Product Countdown,Abu Dhabi,United Arab Emirates,33266,204,0.62%,2.95,11277,229.54,1.12,6.9,,,,,,,,91.04%
14-Dec-26,DanubeH_Awareness_Abu DhabiDhabi_90HFS_HTML_PROS_Dec25,Awareness,HTML - Product Slider,Abu Dhabi,United Arab Emirates,27452,166,0.60%,2.98,9212,189.42,1.14,6.9,,,,,,,,89.70%
14-Dec-26,DanubeH_Awareness_Abu DhabiDhabi_90HFS_Static_PROS_Dec25,Awareness,Display,Abu Dhabi,United Arab Emirates,14554,104,0.71%,2.95,4934,100.42,0.97,6.9,,,,,,,,90.06%
14-Dec-26,DanubeH_Awareness_Abu DhabiDhabi_90HFS_Static_PROS_Dec25,Awareness,Native,Abu Dhabi,United Arab Emirates,43621,343,0.79%,2.92,14925,300.98,0.88,6.9,,,,,,,,91.58%
14-Dec-26,DanubeH_Awareness_Rest Of United Arab Emirates_90HFS_HTML_PROS_Dec25,Awareness,HTML - Countdown Promo,Rest Of United Arab Emirates,United Arab Emirates,56936,380,0.67%,2.99,19042,392.87,1.03,6.9,,,,,,,,89.16%
14-Dec-26,DanubeH_Awareness_Rest Of United Arab Emirates_90HFS_HTML_PROS_Dec25,Awareness,HTML - Product Countdown,Rest Of United Arab Emirates,United Arab Emirates,22830,117,0.51%,2.95,7739,157.53,1.35,6.9,,,,,,,,89.70%
14-Dec-26,DanubeH_Awareness_Rest Of United Arab Emirates_90HFS_HTML_PROS_Dec25,Awareness,HTML - Product Slider,Rest Of United Arab Emirates,United Arab Emirates,18841,94,0.50%,2.97,6344,130,1.38,6.9,,,,,,,,89.49%
14-Dec-26,DanubeH_Awareness_Rest Of United Arab Emirates_90HFS_Static_PROS_Dec25,Awareness,Display,Rest Of United Arab Emirates,United Arab Emirates,9988,59,0.59%,2.95,3386,68.92,1.17,6.9,,,,,,,,90.11%
14-Dec-26,DanubeH_Awareness_Rest Of United Arab Emirates_90HFS_Static_PROS_Dec25,Awareness,Native,Rest Of United Arab Emirates,United Arab Emirates,29938,195,0.65%,3.11,9620,206.57,1.06,6.9,,,,,,,,90.91%
14-Dec-26,DanubeH_Awareness_Bahrain_EN_90HFS_HTML_PROS_Dec25,Awareness,HTML - Countdown Promo,Bahrain EN,Bahrain,16231,140,0.86%,3,5410,102.26,0.73,6.3,,,,,,,,89.79%
14-Dec-26,DanubeH_Awareness_Bahrain_EN_90HFS_HTML_PROS_Dec25,Awareness,HTML - Product Countdown,Bahrain EN,Bahrain,6508,43,0.66%,2.95,2206,41,0.95,6.3,,,,,,,,91.14%
14-Dec-26,DanubeH_Awareness_Bahrain_EN_90HFS_HTML_PROS_Dec25,Awareness,HTML - Product Slider,Bahrain EN,Bahrain,5371,35,0.65%,2.94,1827,33.84,0.97,6.3,,,,,,,,89.40%
14-Dec-26,DanubeH_Awareness_Bahrain_EN_90HFS_Static_PROS_Dec25,Awareness,Display,Bahrain EN,Bahrain,2847,22,0.77%,3.2,890,17.94,0.82,6.3,,,,,,,,90.24%
14-Dec-26,DanubeH_Awareness_Bahrain_EN_90HFS_Static_PROS_Dec25,Awareness,Native,Bahrain EN,Bahrain,8534,70,0.82%,2.72,3137,53.76,0.77,6.3,,,,,,,,90.95%
14-Dec-26,DanubeH_Awareness_Bahrain_AR_90HFS_HTML_PROS_Dec25,Awareness,HTML - Countdown Promo,Bahrain AR,Bahrain,16394,125,0.76%,2.72,6027,103.28,0.83,6.3,,,,,,,,90.31%
14-Dec-26,DanubeH_Awareness_Bahrain_AR_90HFS_HTML_PROS_Dec25,Awareness,HTML - Product Countdown,Bahrain AR,Bahrain,6574,38,0.58%,2.9,2267,41.42,1.09,6.3,,,,,,,,89.47%
14-Dec-26,DanubeH_Awareness_Bahrain_AR_90HFS_HTML_PROS_Dec25,Awareness,HTML - Product Slider,Bahrain AR,Bahrain,5425,31,0.57%,2.66,2039,34.18,1.1,6.3,,,,,,,,90.19%
14-Dec-26,DanubeH_Awareness_Bahrain_AR_90HFS_Static_PROS_Dec25,Awareness,Display,Bahrain AR,Bahrain,2876,19,0.66%,2.68,1073,18.12,0.95,6.3,,,,,,,,90.28%
14-Dec-26,DanubeH_Awareness_Bahrain_AR_90HFS_Static_PROS_Dec25,Awareness,Native,Bahrain AR,Bahrain,8620,64,0.74%,4.06,2121,54.31,0.85,6.3,,,,,,,,90.02%
16-Dec-25,DanubeH_Awareness_Dubai_HTML_WOS_PROS_Dec25,Awareness,HTML - Product Scrolling,Dubai,United Arab Emirates,34281,192,0.56%,2.93,11715,236.54,1.23,6.9,,,,,,,,91.18%
16-Dec-25,DanubeH_Awareness_Abu DhabiDhabi_HTML_WOS_PROS_Dec25,Awareness,HTML - Product Scrolling,Abu Dhabi,United Arab Emirates,34284,199,0.58%,2.91,11795,236.56,1.19,6.9,,,,,,,,89.54%
16-Dec-25,DanubeH_Awareness_Sharjah_HTML_WOS_PROS_Dec25,Awareness,HTML - Product Scrolling,Sharjah,United Arab Emirates,10378,46,0.44%,2.89,3595,71.61,1.56,6.9,,,,,,,,89.43%
16-Dec-25,DanubeH_Awareness_Fujairah_HTML_WOS_PROS_Dec25,Awareness,HTML - Product Scrolling,Fujairah,United Arab Emirates,3039,13,0.43%,2.86,1064,20.97,1.61,6.9,,,,,,,,91.15%
16-Dec-25,DanubeH_Awareness_RAK_HTML_WOS_PROS_Dec25,Awareness,HTML - Product Scrolling,Ras Al Khaimah,United Arab Emirates,7263,35,0.48%,2.9,2507,50.11,1.43,6.9,,,,,,,,89.47%
16-Dec-25,DanubeH_Awareness_Ajman_HTML_WOS_PROS_Dec25,Awareness,HTML - Product Scrolling,Ajman,United Arab Emirates,6686,32,0.48%,2.88,2324,46.13,1.44,6.9,,,,,,,,90.75%
16-Dec-25,DanubeH_Awareness_UAQ_HTML_WOS_PROS_Dec25,Awareness,HTML - Product Scrolling,Umm Al Quwain,United Arab Emirates,1133,4,0.35%,2.94,386,7.82,1.95,6.9,,,,,,,,89.53%
16-Dec-25,DanubeH_Awareness_Dubai_STATIC_WOS_PROS_Dec25,Awareness,Display,Dubai,United Arab Emirates,14997,79,0.53%,2.98,5037,103.48,1.31,6.9,,,,,,,,91.82%
16-Dec-25,DanubeH_Awareness_Abu DhabiDhabi_STATIC_WOS_PROS_Dec25,Awareness,Display,Abu Dhabi,United Arab Emirates,14998,82,0.55%,2.96,5072,103.49,1.26,6.9,,,,,,,,90.63%
16-Dec-25,DanubeH_Awareness_Sharjah_STATIC_WOS_PROS_Dec25,Awareness,Display,Sharjah,United Arab Emirates,4540,19,0.42%,2.94,1546,31.33,1.65,6.9,,,,,,,,90.48%
16-Dec-25,DanubeH_Awareness_Fujairah_STATIC_WOS_PROS_Dec25,Awareness,Display,Fujairah,United Arab Emirates,1330,5,0.38%,2.91,457,9.18,1.84,6.9,,,,,,,,90.19%
16-Dec-25,DanubeH_Awareness_RAK_STATIC_WOS_PROS_Dec25,Awareness,Display,Ras Al Khaimah,United Arab Emirates,3177,15,0.47%,2.95,1078,21.92,1.46,6.9,,,,,,,,89.93%
16-Dec-25,DanubeH_Awareness_Ajman_STATIC_WOS_PROS_Dec25,Awareness,Display,Ajman,United Arab Emirates,2925,13,0.44%,2.93,999,20.18,1.55,6.9,,,,,,,,89.50%
16-Dec-25,DanubeH_Awareness_UAQ_STATIC_WOS_PROS_Dec25,Awareness,Display,Umm Al Quwain,United Arab Emirates,496,2,0.40%,2.99,166,3.42,1.71,6.9,,,,,,,,90.92%
16-Dec-25,DanubeH_Awareness_Dubai_STATIC_WOS_PROS_Dec25,Awareness,Native,Dubai,United Arab Emirates,20540,113,0.55%,3.08,6677,141.73,1.25,6.9,,,,,,,,90.15%
16-Dec-25,DanubeH_Awareness_Abu DhabiDhabi_STATIC_WOS_PROS_Dec25,Awareness,Native,Abu Dhabi,United Arab Emirates,20542,117,0.57%,3.06,6723,141.74,1.21,6.9,,,,,,,,91.39%
16-Dec-25,DanubeH_Awareness_Sharjah_STATIC_WOS_PROS_Dec25,Awareness,Native,Sharjah,United Arab Emirates,6218,27,0.43%,3.03,2049,42.9,1.59,6.9,,,,,,,,91.97%
16-Dec-25,DanubeH_Awareness_Fujairah_STATIC_WOS_PROS_Dec25,Awareness,Native,Fujairah,United Arab Emirates,1821,8,0.44%,3,606,12.56,1.57,6.9,,,,,,,,89.88%
16-Dec-25,DanubeH_Awareness_RAK_STATIC_WOS_PROS_Dec25,Awareness,Native,Ras Al Khaimah,United Arab Emirates,4352,21,0.48%,3.05,1429,30.03,1.43,6.9,,,,,,,,89.04%
16-Dec-25,DanubeH_Awareness_Ajman_STATIC_WOS_PROS_Dec25,Awareness,Native,Ajman,United Arab Emirates,4006,19,0.47%,3.03,1324,27.64,1.45,6.9,,,,,,,,90.50%
16-Dec-25,DanubeH_Awareness_UAQ_STATIC_WOS_PROS_Dec25,Awareness,Native,Umm Al Quwain,United Arab Emirates,679,3,0.44%,3.09,220,4.69,1.56,6.9,,,,,,,,91.99%
17-Dec-25,DanubeH_Awareness_Dubai_HTML_WOS_PROS_Dec25,Awareness,HTML - Product Scrolling,Dubai,United Arab Emirates,16166,107,0.66%,2.99,5404,111.55,1.04,6.9,,,,,,,,91.19%
17-Dec-25,DanubeH_Awareness_Abu DhabiDhabi_HTML_WOS_PROS_Dec25,Awareness,HTML - Product Scrolling,Abu Dhabi,United Arab Emirates,41898,292,0.70%,3.04,13777,289.1,0.99,6.9,,,,,,,,90.36%
17-Dec-25,DanubeH_Awareness_Sharjah_HTML_WOS_PROS_Dec25,Awareness,HTML - Product Scrolling,Sharjah,United Arab Emirates,12198,78,0.64%,2.97,4101,84.17,1.08,6.9,,,,,,,,90.99%
17-Dec-25,DanubeH_Awareness_Fujairah_HTML_WOS_PROS_Dec25,Awareness,HTML - Product Scrolling,Fujairah,United Arab Emirates,19068,108,0.57%,2.99,6380,131.57,1.22,6.9,,,,,,,,91.32%
17-Dec-25,DanubeH_Awareness_RAK_HTML_WOS_PROS_Dec25,Awareness,HTML - Product Scrolling,Ras Al Khaimah,United Arab Emirates,15924,89,0.56%,2.93,5430,109.88,1.23,6.9,,,,,,,,91.91%
17-Dec-25,DanubeH_Awareness_Ajman_HTML_WOS_PROS_Dec25,Awareness,HTML - Product Scrolling,Ajman,United Arab Emirates,9606,59,0.61%,2.96,3241,66.28,1.12,6.9,,,,,,,,91.91%
17-Dec-25,DanubeH_Awareness_UAQ_HTML_WOS_PROS_Dec25,Awareness,HTML - Product Scrolling,Umm Al Quwain,United Arab Emirates,7663,41,0.54%,3.01,2542,52.87,1.29,6.9,,,,,,,,90.29%
17-Dec-25,DanubeH_Awareness_Dubai_STATIC_WOS_PROS_Dec25,Awareness,Display,Dubai,United Arab Emirates,3791,24,0.63%,2.66,1423,26.16,1.09,6.9,,,,,,,,91.63%
17-Dec-25,DanubeH_Awareness_Abu DhabiDhabi_STATIC_WOS_PROS_Dec25,Awareness,Display,Abu Dhabi,United Arab Emirates,9825,65,0.66%,2.71,3629,67.79,1.04,6.9,,,,,,,,90.00%
17-Dec-25,DanubeH_Awareness_Sharjah_STATIC_WOS_PROS_Dec25,Awareness,Display,Sharjah,United Arab Emirates,2860,17,0.59%,2.65,1080,19.73,1.16,6.9,,,,,,,,91.86%
17-Dec-25,DanubeH_Awareness_Fujairah_STATIC_WOS_PROS_Dec25,Awareness,Display,Fujairah,United Arab Emirates,4471,24,0.54%,2.66,1680,30.85,1.29,6.9,,,,,,,,91.67%
17-Dec-25,DanubeH_Awareness_RAK_STATIC_WOS_PROS_Dec25,Awareness,Display,Ras Al Khaimah,United Arab Emirates,3734,20,0.54%,2.61,1430,25.76,1.29,6.9,,,,,,,,91.72%
17-Dec-25,DanubeH_Awareness_Ajman_STATIC_WOS_PROS_Dec25,Awareness,Display,Ajman,United Arab Emirates,2252,13,0.58%,2.64,854,15.54,1.2,6.9,,,,,,,,90.38%
17-Dec-25,DanubeH_Awareness_UAQ_STATIC_WOS_PROS_Dec25,Awareness,Display,Umm Al Quwain,United Arab Emirates,1797,9,0.50%,2.68,670,12.4,1.38,6.9,,,,,,,,91.60%
17-Dec-25,DanubeH_Awareness_Dubai_STATIC_WOS_PROS_Dec25,Awareness,Native,Dubai,United Arab Emirates,8767,61,0.70%,2.96,2965,60.49,0.99,6.9,,,,,,,,90.71%
17-Dec-25,DanubeH_Awareness_Abu DhabiDhabi_STATIC_WOS_PROS_Dec25,Awareness,Native,Abu Dhabi,United Arab Emirates,22722,167,0.73%,3.01,7559,156.78,0.94,6.9,,,,,,,,89.70%
17-Dec-25,DanubeH_Awareness_Sharjah_STATIC_WOS_PROS_Dec25,Awareness,Native,Sharjah,United Arab Emirates,6615,45,0.68%,2.94,2250,45.64,1.01,6.9,,,,,,,,91.27%
17-Dec-25,DanubeH_Awareness_Fujairah_STATIC_WOS_PROS_Dec25,Awareness,Native,Fujairah,United Arab Emirates,10341,62,0.60%,2.95,3500,71.35,1.15,6.9,,,,,,,,90.58%
17-Dec-25,DanubeH_Awareness_RAK_STATIC_WOS_PROS_Dec25,Awareness,Native,Ras Al Khaimah,United Arab Emirates,8636,51,0.59%,2.9,2979,59.59,1.17,6.9,,,,,,,,89.73%
17-Dec-25,DanubeH_Awareness_Ajman_STATIC_WOS_PROS_Dec25,Awareness,Native,Ajman,United Arab Emirates,5209,34,0.65%,2.93,1778,35.94,1.06,6.9,,,,,,,,90.55%
17-Dec-25,DanubeH_Awareness_UAQ_STATIC_WOS_PROS_Dec25,Awareness,Native,Umm Al Quwain,United Arab Emirates,4159,24,0.58%,2.98,1395,28.7,1.2,6.9,,,,,,,,90.62%
17-Dec-25,DanubeH_Awareness_Dubai_HTML_WOS_PROS_Dec25,Awareness,HTML - Two Products,Dubai,United Arab Emirates,23492,144,0.61%,2.99,7868,162.09,1.13,6.9,,,,,,,,89.78%
17-Dec-25,DanubeH_Awareness_Abu DhabiDhabi_HTML_WOS_PROS_Dec25,Awareness,HTML - Two Products,Abu Dhabi,United Arab Emirates,60885,391,0.64%,3.04,20058,420.11,1.07,6.9,,,,,,,,91.50%
17-Dec-25,DanubeH_Awareness_Sharjah_HTML_WOS_PROS_Dec25,Awareness,HTML - Two Products,Sharjah,United Arab Emirates,17726,105,0.59%,2.97,5970,122.31,1.16,6.9,,,,,,,,91.84%
17-Dec-25,DanubeH_Awareness_Fujairah_HTML_WOS_PROS_Dec25,Awareness,HTML - Two Products,Fujairah,United Arab Emirates,27708,145,0.52%,2.98,9288,191.19,1.32,6.9,,,,,,,,91.99%
17-Dec-25,DanubeH_Awareness_RAK_HTML_WOS_PROS_Dec25,Awareness,HTML - Two Products,Ras Al Khaimah,United Arab Emirates,23139,120,0.52%,2.93,7905,159.67,1.33,6.9,,,,,,,,89.17%
17-Dec-25,DanubeH_Awareness_Ajman_HTML_WOS_PROS_Dec25,Awareness,HTML - Two Products,Ajman,United Arab Emirates,13959,82,0.59%,2.96,4718,96.32,1.17,6.9,,,,,,,,89.61%
17-Dec-25,DanubeH_Awareness_UAQ_HTML_WOS_PROS_Dec25,Awareness,HTML - Two Products,Umm Al Quwain,United Arab Emirates,11135,56,0.50%,3.01,3701,76.83,1.37,6.9,,,,,,,,89.58%
18-Dec-25,DanubeH_Awareness_Dubai_HTML_WOS_PROS_Dec25,Awareness,HTML - Product Scrolling,Dubai,United Arab Emirates,20075,139,0.69%,2.88,6963,138.52,1,6.9,,,,,,,,90.31%
18-Dec-25,DanubeH_Awareness_Abu DhabiDhabi_HTML_WOS_PROS_Dec25,Awareness,HTML - Product Scrolling,Abu Dhabi,United Arab Emirates,26440,181,0.68%,2.95,8950,182.44,1.01,6.9,,,,,,,,91.11%
18-Dec-25,DanubeH_Awareness_Sharjah_HTML_WOS_PROS_Dec25,Awareness,HTML - Product Scrolling,Sharjah,United Arab Emirates,6673,38,0.57%,3.02,2206,46.04,1.21,6.9,,,,,,,,91.51%
18-Dec-25,DanubeH_Awareness_Fujairah_HTML_WOS_PROS_Dec25,Awareness,HTML - Product Scrolling,Fujairah,United Arab Emirates,17910,102,0.57%,2.97,6038,123.58,1.21,6.9,,,,,,,,90.76%
18-Dec-25,DanubeH_Awareness_RAK_HTML_WOS_PROS_Dec25,Awareness,HTML - Product Scrolling,Ras Al Khaimah,United Arab Emirates,11331,64,0.56%,3.22,3516,78.19,1.22,6.9,,,,,,,,91.06%
18-Dec-25,DanubeH_Awareness_Ajman_HTML_WOS_PROS_Dec25,Awareness,HTML - Product Scrolling,Ajman,United Arab Emirates,8061,46,0.57%,2.94,2742,55.62,1.21,6.9,,,,,,,,89.98%
18-Dec-25,DanubeH_Awareness_UAQ_HTML_WOS_PROS_Dec25,Awareness,HTML - Product Scrolling,Umm Al Quwain,United Arab Emirates,3990,21,0.53%,3.02,1321,27.53,1.31,6.9,,,,,,,,91.41%
18-Dec-25,DanubeH_Awareness_Dubai_STATIC_WOS_PROS_Dec25,Awareness,Display,Dubai,United Arab Emirates,6511,42,0.65%,2.84,2289,44.93,1.07,6.9,,,,,,,,89.02%
18-Dec-25,DanubeH_Awareness_Abu DhabiDhabi_STATIC_WOS_PROS_Dec25,Awareness,Display,Abu Dhabi,United Arab Emirates,8575,54,0.63%,2.91,2943,59.17,1.1,6.9,,,,,,,,89.24%
18-Dec-25,DanubeH_Awareness_Sharjah_STATIC_WOS_PROS_Dec25,Awareness,Display,Sharjah,United Arab Emirates,2164,11,0.51%,2.98,725,14.93,1.36,6.9,,,,,,,,90.24%
18-Dec-25,DanubeH_Awareness_Fujairah_STATIC_WOS_PROS_Dec25,Awareness,Display,Fujairah,United Arab Emirates,5808,30,0.52%,2.93,1985,40.08,1.34,6.9,,,,,,,,91.57%
18-Dec-25,DanubeH_Awareness_RAK_STATIC_WOS_PROS_Dec25,Awareness,Display,Ras Al Khaimah,United Arab Emirates,3675,19,0.52%,3.18,1156,25.36,1.33,6.9,,,,,,,,89.75%
18-Dec-25,DanubeH_Awareness_Ajman_STATIC_WOS_PROS_Dec25,Awareness,Display,Ajman,United Arab Emirates,2614,14,0.54%,2.9,902,18.04,1.29,6.9,,,,,,,,89.21%
18-Dec-25,DanubeH_Awareness_UAQ_STATIC_WOS_PROS_Dec25,Awareness,Display,Umm Al Quwain,United Arab Emirates,1294,6,0.46%,2.98,434,8.93,1.49,6.9,,,,,,,,91.05%
18-Dec-25,DanubeH_Awareness_Dubai_STATIC_WOS_PROS_Dec25,Awareness,Native,Dubai,United Arab Emirates,11394,81,0.71%,2.78,4102,78.62,0.97,6.9,,,,,,,,89.63%
18-Dec-25,DanubeH_Awareness_Abu DhabiDhabi_STATIC_WOS_PROS_Dec25,Awareness,Native,Abu Dhabi,United Arab Emirates,15007,105,0.70%,2.85,5272,103.55,0.99,6.9,,,,,,,,90.24%
18-Dec-25,DanubeH_Awareness_Sharjah_STATIC_WOS_PROS_Dec25,Awareness,Native,Sharjah,United Arab Emirates,3787,22,0.58%,2.92,1299,26.13,1.19,6.9,,,,,,,,90.82%
18-Dec-25,DanubeH_Awareness_Fujairah_STATIC_WOS_PROS_Dec25,Awareness,Native,Fujairah,United Arab Emirates,10165,59,0.58%,2.86,3557,70.14,1.19,6.9,,,,,,,,90.79%
18-Dec-25,DanubeH_Awareness_RAK_STATIC_WOS_PROS_Dec25,Awareness,Native,Ras Al Khaimah,United Arab Emirates,6432,37,0.58%,3.11,2071,44.38,1.2,6.9,,,,,,,,90.25%
18-Dec-25,DanubeH_Awareness_Ajman_STATIC_WOS_PROS_Dec25,Awareness,Native,Ajman,United Arab Emirates,4575,26,0.57%,2.83,1615,31.57,1.21,6.9,,,,,,,,91.87%
18-Dec-25,DanubeH_Awareness_UAQ_STATIC_WOS_PROS_Dec25,Awareness,Native,Umm Al Quwain,United Arab Emirates,2265,12,0.53%,2.91,778,15.63,1.3,6.9,,,,,,,,89.55%
18-Dec-25,DanubeH_Awareness_Dubai_HTML_WOS_PROS_Dec25,Awareness,HTML - Two Products,Dubai,United Arab Emirates,16276,111,0.68%,2.84,5723,112.31,1.01,6.9,,,,,,,,90.20%
18-Dec-25,DanubeH_Awareness_Abu DhabiDhabi_HTML_WOS_PROS_Dec25,Awareness,HTML - Two Products,Abu Dhabi,United Arab Emirates,21438,145,0.68%,2.91,7357,147.92,1.02,6.9,,,,,,,,90.82%
18-Dec-25,DanubeH_Awareness_Sharjah_HTML_WOS_PROS_Dec25,Awareness,HTML - Two Products,Sharjah,United Arab Emirates,5411,30,0.55%,2.98,1813,37.34,1.24,6.9,,,,,,,,91.02%
18-Dec-25,DanubeH_Awareness_Fujairah_HTML_WOS_PROS_Dec25,Awareness,HTML - Two Products,Fujairah,United Arab Emirates,14521,82,0.56%,2.93,4963,100.19,1.22,6.9,,,,,,,,91.60%
18-Dec-25,DanubeH_Awareness_RAK_HTML_WOS_PROS_Dec25,Awareness,HTML - Two Products,Ras Al Khaimah,United Arab Emirates,9188,51,0.56%,3.18,2892,63.4,1.24,6.9,,,,,,,,91.58%
18-Dec-25,DanubeH_Awareness_Ajman_HTML_WOS_PROS_Dec25,Awareness,HTML - Two Products,Ajman,United Arab Emirates,6536,36,0.55%,2.9,2254,45.1,1.25,6.9,,,,,,,,91.03%
18-Dec-25,DanubeH_Awareness_UAQ_HTML_WOS_PROS_Dec25,Awareness,HTML - Two Products,Umm Al Quwain,United Arab Emirates,3235,17,0.49%,2.98,1086,22.32,1.4,6.9,,,,,,,,91.27%
23-Dec-25,DanubeH_Awareness_Muscat_HTML_CrashSale_PROS_Dec25,Awareness,HTML - Product Scrolling,Muscat,Oman,"69,241",375,0.54%,2.92,"23,713",456.99,1.22,6.6,,,,,,,,91.32%
23-Dec-25,DanubeH_Awareness_Rest Of Oman_HTML_CrashSale_PROS_Dec25,Awareness,HTML - Product Scrolling,Rest Of Oman,Oman,"30,401",168,0.55%,2.94,"10,340",200.65,1.19,6.6,,,,,,,,91.29%
23-Dec-25,DanubeH_Awareness_Muscat_HTML_CrashSale_PROS_Dec25,Awareness,HTML - Two Products,Muscat,Oman,"66,107",365,0.55%,2.92,"22,639",436.31,1.2,6.6,,,,,,,,89.45%
23-Dec-25,DanubeH_Awareness_Rest Of Oman_HTML_CrashSale_PROS_Dec25,Awareness,HTML - Two Products,Rest Of Oman,Oman,"29,024",163,0.56%,2.94,"9,872",191.56,1.18,6.6,,,,,,,,90.54%
23-Dec-25,DanubeH_Awareness_Dubai_STATIC_CrashSale_PROS_Dec25,Awareness,Display,Dubai,United Arab Emirates,"4,987",26,0.52%,2.98,"1,673",34.91,1.34,7,,,,,,,,89.41%
23-Dec-25,DanubeH_Awareness_Abu DhabiDhabi_STATIC_CrashSale_PROS_Dec25,Awareness,Display,Abu Dhabi,United Arab Emirates,"12,962",70,0.54%,2.91,"4,454",90.73,1.3,7,,,,,,,,89.85%
23-Dec-25,DanubeH_Awareness_Sharjah_STATIC_CrashSale_PROS_Dec25,Awareness,Display,Sharjah,United Arab Emirates,"6,508",36,0.55%,2.94,"2,214",45.56,1.27,7,,,,,,,,91.88%
23-Dec-25,DanubeH_Awareness_RAK_STATIC_CrashSale_PROS_Dec25,Awareness,Display,Ras Al Khaimah,United Arab Emirates,"4,077",23,0.56%,2.97,"1,373",28.54,1.24,7,,,,,,,,89.02%
23-Dec-25,DanubeH_Awareness_FUJ_STATIC_CrashSale_PROS_Dec25,Awareness,Display,Fujairah,United Arab Emirates,"4,383",23,0.52%,2.93,"1,496",30.68,1.33,7,,,,,,,,90.76%
23-Dec-25,DanubeH_Awareness_UAQ_STATIC_CrashSale_PROS_Dec25,Awareness,Display,Umm Al Quwain,United Arab Emirates,"2,827",14,0.50%,2.99,945,19.79,1.41,7,,,,,,,,89.34%
23-Dec-25,DanubeH_Awareness_Ajman_STATIC_CrashSale_PROS_Dec25,Awareness,Display,Ajman,United Arab Emirates,"3,158",16,0.51%,2.95,"1,071",22.11,1.38,7,,,,,,,,89.02%
23-Dec-25,DanubeH_Awareness_Muscat_STATIC_CrashSale_PROS_Dec25,Awareness,Display,Muscat,Oman,"7,084",46,0.65%,2.92,"2,426",46.75,1.02,6.6,,,,,,,,89.50%
23-Dec-25,DanubeH_Awareness_Rest Of Oman_STATIC_CrashSale_PROS_Dec25,Awareness,Display,Rest Of Oman,Oman,"3,111",21,0.68%,2.94,"1,058",20.53,0.98,6.6,,,,,,,,89.73%
23-Dec-25,DanubeH_Awareness_Bahrain-EN_STATIC_CrashSale_PROS_Dec25,Awareness,Display,Bahrain EN,Bahrain,"2,373",13,0.55%,2.97,799,15.66,1.2,6.6,,,,,,,,89.12%
23-Dec-25,DanubeH_Awareness_Bahrain-AR_STATIC_CrashSale_PROS_Dec25,Awareness,Display,Bahrain AR,Bahrain,426,2,0.47%,2.94,145,2.81,1.41,6.6,,,,,,,,89.29%
23-Dec-25,DanubeH_Awareness_Dubai_STATIC_CrashSale_PROS_Dec25,Awareness,Native,Dubai,United Arab Emirates,"7,466",40,0.54%,2.98,"2,505",52.26,1.31,7,,,,,,,,90.31%
23-Dec-25,DanubeH_Awareness_Abu DhabiDhabi_STATIC_CrashSale_PROS_Dec25,Awareness,Native,Abu Dhabi,United Arab Emirates,"19,402",107,0.55%,2.91,"6,667",135.81,1.27,7,,,,,,,,89.05%
23-Dec-25,DanubeH_Awareness_Sharjah_STATIC_CrashSale_PROS_Dec25,Awareness,Native,Sharjah,United Arab Emirates,"9,742",55,0.56%,2.94,3314,68.19,1.24,7,,,,,,,,89.95%
23-Dec-25,DanubeH_Awareness_RAK_STATIC_CrashSale_PROS_Dec25,Awareness,Native,Ras Al Khaimah,United Arab Emirates,"6,102",34,0.56%,2.97,"2,055",42.71,1.26,7,,,,,,,,91.22%
23-Dec-25,DanubeH_Awareness_FUJ_STATIC_CrashSale_PROS_Dec25,Awareness,Native,Fujairah,United Arab Emirates,"6,560",35,0.53%,2.93,"2,239",45.92,1.31,7,,,,,,,,91.98%
23-Dec-25,DanubeH_Awareness_UAQ_STATIC_CrashSale_PROS_Dec25,Awareness,Native,Umm Al Quwain,United Arab Emirates,4232,22,0.52%,2.99,1415,29.62,1.35,7,,,,,,,,91.37%
23-Dec-25,DanubeH_Awareness_Ajman_STATIC_CrashSale_PROS_Dec25,Awareness,Native,Ajman,United Arab Emirates,4727,25,0.53%,2.95,1602,33.09,1.32,7,,,,,,,,91.02%
23-Dec-25,DanubeH_Awareness_Muscat_STATIC_CrashSale_PROS_Dec25,Awareness,Native,Muscat,Oman,10604,71,0.67%,2.92,3632,69.99,0.99,6.6,,,,,,,,90.46%
23-Dec-25,DanubeH_Awareness_Rest Of Oman_STATIC_CrashSale_PROS_Dec25,Awareness,Native,Rest Of Oman,Oman,4657,31,0.67%,2.94,1584,30.74,0.99,6.6,,,,,,,,89.05%
23-Dec-25,DanubeH_Awareness_Bahrain-EN_STATIC_CrashSale_PROS_Dec25,Awareness,Native,Bahrain EN,Bahrain,3553,19,0.53%,2.97,1196,23.45,1.23,6.6,,,,,,,,89.96%
23-Dec-25,DanubeH_Awareness_Bahrain-AR_STATIC_CrashSale_PROS_Dec25,Awareness,Native,Bahrain AR,Bahrain,637,3,0.47%,2.94,217,4.2,1.4,6.6,,,,,,,,90.27%
24-Dec-25,DanubeH_Awareness_Dubai_STATIC_CrashSale_PROS_Dec25,Awareness,Display,Dubai,United Arab Emirates,14642,81,0.55%,2.99,4895,102.49,1.27,7,,,,,,,,90.68%
24-Dec-25,DanubeH_Awareness_Abu DhabiDhabi_STATIC_CrashSale_PROS_Dec25,Awareness,Display,Abu Dhabi,United Arab Emirates,19832,107,0.54%,2.94,6756,138.82,1.3,7,,,,,,,,89.95%
24-Dec-25,DanubeH_Awareness_Sharjah_STATIC_CrashSale_PROS_Dec25,Awareness,Display,Sharjah,United Arab Emirates,3657,19,0.52%,2.87,1273,25.6,1.35,7,,,,,,,,89.67%
24-Dec-25,DanubeH_Awareness_RAK_STATIC_CrashSale_PROS_Dec25,Awareness,Display,Ras Al Khaimah,United Arab Emirates,6315,34,0.54%,2.95,2144,44.21,1.3,7,,,,,,,,90.07%
24-Dec-25,DanubeH_Awareness_FUJ_STATIC_CrashSale_PROS_Dec25,Awareness,Display,Fujairah,United Arab Emirates,4205,22,0.52%,3.02,1394,29.44,1.34,7,,,,,,,,89.06%
24-Dec-25,DanubeH_Awareness_UAQ_STATIC_CrashSale_PROS_Dec25,Awareness,Display,Umm Al Quwain,United Arab Emirates,3700,20,0.54%,2.85,1299,25.9,1.3,7,,,,,,,,91.08%
24-Dec-25,DanubeH_Awareness_Ajman_STATIC_CrashSale_PROS_Dec25,Awareness,Display,Ajman,United Arab Emirates,6523,32,0.49%,2.91,2238,45.66,1.43,7,,,,,,,,91.58%
24-Dec-25,DanubeH_Awareness_Muscat_STATIC_CrashSale_PROS_Dec25,Awareness,Display,Muscat,Oman,11834,76,0.64%,2.86,4138,78.1,1.03,6.6,,,,,,,,90.44%
24-Dec-25,DanubeH_Awareness_Rest Of Oman_STATIC_CrashSale_PROS_Dec25,Awareness,Display,Rest Of Oman,Oman,5911,33,0.56%,2.97,1991,39.01,1.18,6.6,,,,,,,,89.75%
24-Dec-25,DanubeH_Awareness_Bahrain-EN_STATIC_CrashSale_PROS_Dec25,Awareness,Display,Bahrain EN,Bahrain,4928,26,0.53%,2.99,1646,32.52,1.25,6.6,,,,,,,,89.69%
24-Dec-25,DanubeH_Awareness_Bahrain-AR_STATIC_CrashSale_PROS_Dec25,Awareness,Display,Bahrain AR,Bahrain,"4,631",23,0.50%,2.89,1603,30.56,1.33,6.6,,,,,,,,91.74%
24-Dec-25,DanubeH_Awareness_Dubai_STATIC_CrashSale_PROS_Dec25,Awareness,Native,Dubai,United Arab Emirates,21917,127,0.58%,2.99,7327,153.42,1.21,7,,,,,,,,91.52%
24-Dec-25,DanubeH_Awareness_Abu DhabiDhabi_STATIC_CrashSale_PROS_Dec25,Awareness,Native,Abu Dhabi,United Arab Emirates,29687,169,0.57%,2.94,10114,207.81,1.23,7,,,,,,,,89.61%
24-Dec-25,DanubeH_Awareness_Sharjah_STATIC_CrashSale_PROS_Dec25,Awareness,Native,Sharjah,United Arab Emirates,5474,30,0.55%,2.87,1906,38.32,1.28,7,,,,,,,,90.56%
24-Dec-25,DanubeH_Awareness_RAK_STATIC_CrashSale_PROS_Dec25,Awareness,Native,Ras Al Khaimah,United Arab Emirates,9453,54,0.57%,2.94,3210,66.17,1.23,7,,,,,,,,89.17%
24-Dec-25,DanubeH_Awareness_FUJ_STATIC_CrashSale_PROS_Dec25,Awareness,Native,Fujairah,United Arab Emirates,6294,34,0.54%,3.02,2087,44.06,1.3,7,,,,,,,,91.27%
24-Dec-25,DanubeH_Awareness_UAQ_STATIC_CrashSale_PROS_Dec25,Awareness,Native,Umm Al Quwain,United Arab Emirates,5538,31,0.56%,2.85,1945,38.77,1.25,7,,,,,,,,91.13%
24-Dec-25,DanubeH_Awareness_Ajman_STATIC_CrashSale_PROS_Dec25,Awareness,Native,Ajman,United Arab Emirates,9764,50,0.51%,2.91,3350,68.35,1.37,7,,,,,,,,90.32%
24-Dec-25,DanubeH_Awareness_Muscat_STATIC_CrashSale_PROS_Dec25,Awareness,Native,Muscat,Oman,17714,120,0.68%,2.86,6195,116.91,0.97,6.6,,,,,,,,90.48%
24-Dec-25,DanubeH_Awareness_Rest Of Oman_STATIC_CrashSale_PROS_Dec25,Awareness,Native,Rest Of Oman,Oman,8848,52,0.59%,2.97,2981,58.4,1.12,6.6,,,,,,,,91.46%
24-Dec-25,DanubeH_Awareness_Bahrain-EN_STATIC_CrashSale_PROS_Dec25,Awareness,Native,Bahrain EN,Bahrain,7377,40,0.54%,2.99,2464,48.69,1.22,6.6,,,,,,,,89.68%
24-Dec-25,DanubeH_Awareness_Bahrain-AR_STATIC_CrashSale_PROS_Dec25,Awareness,Native,Bahrain AR,Bahrain,"6,931",37,0.53%,2.89,2400,45.74,1.24,6.6,,,,,,,,91.39%
24-Dec-25,DanubeH_Awareness_Dubai_HTML_CrashSale_PROS_Dec25,Awareness,HTML - Product Scrolling,Dubai,United Arab Emirates,28113,164,0.58%,2.99,9398,196.79,1.2,7,,,,,,,,89.12%
24-Dec-25,DanubeH_Awareness_Abu DhabiDhabi_HTML_CrashSale_PROS_Dec25,Awareness,HTML - Product Scrolling,Abu Dhabi,United Arab Emirates,38078,218,0.57%,2.94,12972,266.55,1.22,7,,,,,,,,91.56%
24-Dec-25,DanubeH_Awareness_Sharjah_HTML_CrashSale_PROS_Dec25,Awareness,HTML - Product Scrolling,Sharjah,United Arab Emirates,7022,39,0.56%,2.87,2445,49.15,1.26,7,,,,,,,,90.40%
24-Dec-25,DanubeH_Awareness_RAK_HTML_CrashSale_PROS_Dec25,Awareness,HTML - Product Scrolling,Ras Al Khaimah,United Arab Emirates,12125,69,0.57%,2.95,4117,84.88,1.23,7,,,,,,,,90.34%
24-Dec-25,DanubeH_Awareness_FUJ_HTML_CrashSale_PROS_Dec25,Awareness,HTML - Product Scrolling,Fujairah,United Arab Emirates,8073,44,0.55%,3.02,2677,56.51,1.28,7,,,,,,,,89.33%
24-Dec-25,DanubeH_Awareness_UAQ_HTML_CrashSale_PROS_Dec25,Awareness,HTML - Product Scrolling,Umm Al Quwain,United Arab Emirates,7103,40,0.56%,2.85,2494,49.72,1.24,7,,,,,,,,91.90%
24-Dec-25,DanubeH_Awareness_Ajman_HTML_CrashSale_PROS_Dec25,Awareness,HTML - Product Scrolling,Ajman,United Arab Emirates,12524,65,0.52%,2.91,4297,87.67,1.35,7,,,,,,,,91.36%
24-Dec-25,DanubeH_Awareness_Muscat_HTML_CrashSale_PROS_Dec25,Awareness,HTML - Product Scrolling,Muscat,Oman,22722,154,0.68%,2.86,7946,149.97,0.97,6.6,,,,,,,,89.52%
24-Dec-25,DanubeH_Awareness_Rest Of Oman_HTML_CrashSale_PROS_Dec25,Awareness,HTML - Product Scrolling,Rest Of Oman,Oman,11350,68,0.60%,2.97,3824,74.91,1.1,6.6,,,,,,,,89.57%
24-Dec-25,DanubeH_Awareness_Bahrain-EN_HTML_CrashSale_PROS_Dec25,Awareness,HTML - Product Scrolling,Bahrain EN,Bahrain,9462,52,0.55%,2.99,3160,62.45,1.2,6.6,,,,,,,,90.33%
24-Dec-25,DanubeH_Awareness_Bahrain-AR_HTML_CrashSale_PROS_Dec25,Awareness,HTML - Product Scrolling,Bahrain AR,Bahrain,"8,889",48,0.54%,2.89,3077,58.67,1.22,6.6,,,,,,,,90.84%
24-Dec-25,DanubeH_Awareness_Dubai_HTML_CrashSale_PROS_Dec25,Awareness,HTML - Two Products,Dubai,United Arab Emirates,26841,165,0.61%,2.99,8973,187.89,1.14,7,,,,,,,,90.77%
24-Dec-25,DanubeH_Awareness_Abu DhabiDhabi_HTML_CrashSale_PROS_Dec25,Awareness,HTML - Two Products,Abu Dhabi,United Arab Emirates,36355,219,0.60%,2.94,12385,254.49,1.16,7,,,,,,,,90.09%
24-Dec-25,DanubeH_Awareness_Sharjah_HTML_CrashSale_PROS_Dec25,Awareness,HTML - Two Products,Sharjah,United Arab Emirates,6704,39,0.58%,2.87,2334,46.93,1.2,7,,,,,,,,91.70%
24-Dec-25,DanubeH_Awareness_RAK_HTML_CrashSale_PROS_Dec25,Awareness,HTML - Two Products,Ras Al Khaimah,United Arab Emirates,11577,69,0.60%,2.95,3931,81.04,1.17,7,,,,,,,,91.53%
24-Dec-25,DanubeH_Awareness_FUJ_HTML_CrashSale_PROS_Dec25,Awareness,HTML - Two Products,Fujairah,United Arab Emirates,7708,44,0.57%,3.02,2556,53.96,1.23,7,,,,,,,,91.58%
24-Dec-25,DanubeH_Awareness_UAQ_HTML_CrashSale_PROS_Dec25,Awareness,HTML - Two Products,Umm Al Quwain,United Arab Emirates,6782,40,0.59%,2.85,2381,47.47,1.19,7,,,,,,,,89.05%
24-Dec-25,DanubeH_Awareness_Ajman_HTML_CrashSale_PROS_Dec25,Awareness,HTML - Two Products,Ajman,United Arab Emirates,11958,65,0.54%,2.91,4103,83.71,1.29,7,,,,,,,,90.96%
24-Dec-25,DanubeH_Awareness_Muscat_HTML_CrashSale_PROS_Dec25,Awareness,HTML - Two Products,Muscat,Oman,21694,155,0.71%,2.86,7587,143.18,0.92,6.6,,,,,,,,91.95%
24-Dec-25,DanubeH_Awareness_Rest Of Oman_HTML_CrashSale_PROS_Dec25,Awareness,HTML - Two Products,Rest Of Oman,Oman,10836,68,0.63%,2.97,3650,71.52,1.05,6.6,,,,,,,,91.46%
24-Dec-25,DanubeH_Awareness_Bahrain-EN_HTML_CrashSale_PROS_Dec25,Awareness,HTML - Two Products,Bahrain EN,Bahrain,9034,52,0.58%,2.99,3017,59.62,1.15,6.6,,,,,,,,89.22%
24-Dec-25,DanubeH_Awareness_Bahrain-AR_HTML_CrashSale_PROS_Dec25,Awareness,HTML - Two Products,Bahrain AR,Bahrain,"8,485",49,0.58%,2.89,2938,56,1.14,6.6,,,,,,,,91.21%
25-Dec-25,DanubeH_Awareness_Dubai_STATIC_CrashSale_PROS_Dec25,Awareness,Display,Dubai,United Arab Emirates,21712,126,0.58%,2.95,7348,151.98,1.21,7,,,,,,,,91.10%
25-Dec-25,DanubeH_Awareness_Abu DhabiDhabi_STATIC_CrashSale_PROS_Dec25,Awareness,Display,Abu Dhabi,United Arab Emirates,27947,171,0.57%,2.97,9416,195.63,1.14,7,,,,,,,,90.30%
25-Dec-25,DanubeH_Awareness_Sharjah_STATIC_CrashSale_PROS_Dec25,Awareness,Display,Sharjah,United Arab Emirates,3062,17,0.56%,2.96,1034,21.43,1.26,7,,,,,,,,89.34%
25-Dec-25,DanubeH_Awareness_RAK_STATIC_CrashSale_PROS_Dec25,Awareness,Display,Ras Al Khaimah,United Arab Emirates,8913,47,0.57%,2.91,3060,62.39,1.33,7,,,,,,,,89.76%
25-Dec-25,DanubeH_Awareness_FUJ_STATIC_CrashSale_PROS_Dec25,Awareness,Display,Fujairah,United Arab Emirates,8415,44,0.55%,2.92,2880,58.91,1.34,7,,,,,,,,90.68%
25-Dec-25,DanubeH_Awareness_UAQ_STATIC_CrashSale_PROS_Dec25,Awareness,Display,Umm Al Quwain,United Arab Emirates,5542,30,0.56%,2.94,1887,38.79,1.29,7,,,,,,,,89.47%
25-Dec-25,DanubeH_Awareness_Ajman_STATIC_CrashSale_PROS_Dec25,Awareness,Display,Ajman,United Arab Emirates,4630,25,0.52%,2.87,1615,32.41,1.3,7,,,,,,,,89.41%
25-Dec-25,DanubeH_Awareness_Muscat_STATIC_CrashSale_PROS_Dec25,Awareness,Display,Muscat,Oman,30677,193,0.68%,2.94,10420,202.47,1.05,6.6,,,,,,,,89.31%
25-Dec-25,DanubeH_Awareness_Rest Of Oman_STATIC_CrashSale_PROS_Dec25,Awareness,Display,Rest Of Oman,Oman,10334,49,0.60%,2.9,3566,68.2,1.39,6.6,,,,,,,,89.19%
25-Dec-25,DanubeH_Awareness_Bahrain-EN_STATIC_CrashSale_PROS_Dec25,Awareness,Display,Bahrain EN,Bahrain,10910,60,0.55%,2.93,3725,72.01,1.2,6.6,,,,,,,,91.46%
25-Dec-25,DanubeH_Awareness_Bahrain-AR_STATIC_CrashSale_PROS_Dec25,Awareness,Display,Bahrain AR,Bahrain,8000,43,0.54%,2.95,2708,52.8,1.23,6.6,,,,,,,,89.30%
25-Dec-25,DanubeH_Awareness_Dubai_STATIC_CrashSale_PROS_Dec25,Awareness,Native,Dubai,United Arab Emirates,32500,200,0.58%,2.95,10999,227.5,1.14,7,,,,,,,,89.73%
25-Dec-25,DanubeH_Awareness_Abu DhabiDhabi_STATIC_CrashSale_PROS_Dec25,Awareness,Native,Abu Dhabi,United Arab Emirates,41833,270,0.57%,2.97,14094,292.83,1.08,7,,,,,,,,90.17%
25-Dec-25,DanubeH_Awareness_Sharjah_STATIC_CrashSale_PROS_Dec25,Awareness,Native,Sharjah,United Arab Emirates,4584,27,0.56%,2.96,1548,32.09,1.19,7,,,,,,,,89.69%
25-Dec-25,DanubeH_Awareness_RAK_STATIC_CrashSale_PROS_Dec25,Awareness,Native,Ras Al Khaimah,United Arab Emirates,13342,74,0.57%,2.91,4581,93.39,1.26,7,,,,,,,,89.36%
25-Dec-25,DanubeH_Awareness_FUJ_STATIC_CrashSale_PROS_Dec25,Awareness,Native,Fujairah,United Arab Emirates,12597,70,0.55%,2.92,4311,88.18,1.26,7,,,,,,,,91.07%
25-Dec-25,DanubeH_Awareness_UAQ_STATIC_CrashSale_PROS_Dec25,Awareness,Native,Umm Al Quwain,United Arab Emirates,8296,47,0.56%,2.94,2825,58.07,1.24,7,,,,,,,,91.86%
25-Dec-25,DanubeH_Awareness_Ajman_STATIC_CrashSale_PROS_Dec25,Awareness,Native,Ajman,United Arab Emirates,6931,40,0.52%,2.87,2418,48.52,1.21,7,,,,,,,,90.47%
25-Dec-25,DanubeH_Awareness_Muscat_STATIC_CrashSale_PROS_Dec25,Awareness,Native,Muscat,Oman,45919,306,0.68%,2.94,15597,303.07,0.99,6.6,,,,,,,,91.41%
25-Dec-25,DanubeH_Awareness_Rest Of Oman_STATIC_CrashSale_PROS_Dec25,Awareness,Native,Rest Of Oman,Oman,15469,78,0.60%,2.9,5337,102.1,1.31,6.6,,,,,,,,90.47%
25-Dec-25,DanubeH_Awareness_Bahrain-EN_STATIC_CrashSale_PROS_Dec25,Awareness,Native,Bahrain EN,Bahrain,16330,95,0.55%,2.93,5575,107.78,1.13,6.6,,,,,,,,90.58%
25-Dec-25,DanubeH_Awareness_Bahrain-AR_STATIC_CrashSale_PROS_Dec25,Awareness,Native,Bahrain AR,Bahrain,11975,69,0.54%,2.95,4053,79.04,1.15,6.6,,,,,,,,90.16%
25-Dec-25,DanubeH_Awareness_Dubai_HTML_CrashSale_PROS_Dec25,Awareness,HTML - Product Scrolling,Dubai,United Arab Emirates,41687,254,0.61%,2.95,14108,291.81,1.15,7,,,,,,,,90.17%
25-Dec-25,DanubeH_Awareness_Abu DhabiDhabi_HTML_CrashSale_PROS_Dec25,Awareness,HTML - Product Scrolling,Abu Dhabi,United Arab Emirates,53658,343,0.64%,2.97,18078,375.61,1.1,7,,,,,,,,91.20%
25-Dec-25,DanubeH_Awareness_Sharjah_HTML_CrashSale_PROS_Dec25,Awareness,HTML - Product Scrolling,Sharjah,United Arab Emirates,5879,34,0.58%,2.96,1985,41.15,1.21,7,,,,,,,,90.85%
25-Dec-25,DanubeH_Awareness_RAK_HTML_CrashSale_PROS_Dec25,Awareness,HTML - Product Scrolling,Ras Al Khaimah,United Arab Emirates,17113,93,0.54%,2.91,5876,119.79,1.29,7,,,,,,,,91.81%
25-Dec-25,DanubeH_Awareness_FUJ_HTML_CrashSale_PROS_Dec25,Awareness,HTML - Product Scrolling,Fujairah,United Arab Emirates,16157,89,0.55%,2.92,5529,113.1,1.27,7,,,,,,,,89.34%
25-Dec-25,DanubeH_Awareness_UAQ_HTML_CrashSale_PROS_Dec25,Awareness,HTML - Product Scrolling,Umm Al Quwain,United Arab Emirates,10641,60,0.56%,2.94,3623,74.49,1.24,7,,,,,,,,90.37%
25-Dec-25,DanubeH_Awareness_Ajman_HTML_CrashSale_PROS_Dec25,Awareness,HTML - Product Scrolling,Ajman,United Arab Emirates,8890,51,0.57%,2.87,3101,62.23,1.22,7,,,,,,,,91.37%
25-Dec-25,DanubeH_Awareness_Muscat_HTML_CrashSale_PROS_Dec25,Awareness,HTML - Product Scrolling,Muscat,Oman,58899,388,0.66%,2.94,20006,388.73,1,6.6,,,,,,,,89.53%
25-Dec-25,DanubeH_Awareness_Rest Of Oman_HTML_CrashSale_PROS_Dec25,Awareness,HTML - Product Scrolling,Rest Of Oman,Oman,19842,99,0.50%,2.9,6846,130.96,1.32,6.6,,,,,,,,91.59%
25-Dec-25,DanubeH_Awareness_Bahrain-EN_HTML_CrashSale_PROS_Dec25,Awareness,HTML - Product Scrolling,Bahrain EN,Bahrain,20946,120,0.57%,2.93,7151,138.24,1.15,6.6,,,,,,,,89.11%
25-Dec-25,DanubeH_Awareness_Bahrain-AR_HTML_CrashSale_PROS_Dec25,Awareness,HTML - Product Scrolling,Bahrain AR,Bahrain,15360,87,0.57%,2.95,5199,101.38,1.17,6.6,,,,,,,,91.63%
25-Dec-25,DanubeH_Awareness_Dubai_HTML_CrashSale_PROS_Dec25,Awareness,HTML - Two Products,Dubai,United Arab Emirates,39801,254,0.58%,2.95,13470,278.61,1.1,7,,,,,,,,91.86%
25-Dec-25,DanubeH_Awareness_Abu DhabiDhabi_HTML_CrashSale_PROS_Dec25,Awareness,HTML - Two Products,Abu Dhabi,United Arab Emirates,51230,343,0.57%,2.97,17260,358.61,1.05,7,,,,,,,,89.61%
25-Dec-25,DanubeH_Awareness_Sharjah_HTML_CrashSale_PROS_Dec25,Awareness,HTML - Two Products,Sharjah,United Arab Emirates,5613,34,0.56%,2.96,1895,39.29,1.16,7,,,,,,,,89.62%
25-Dec-25,DanubeH_Awareness_RAK_HTML_CrashSale_PROS_Dec25,Awareness,HTML - Two Products,Ras Al Khaimah,United Arab Emirates,16339,93,0.57%,2.91,5610,114.37,1.23,7,,,,,,,,89.96%
25-Dec-25,DanubeH_Awareness_FUJ_HTML_CrashSale_PROS_Dec25,Awareness,HTML - Two Products,Fujairah,United Arab Emirates,15426,89,0.55%,2.92,5279,107.98,1.21,7,,,,,,,,89.90%
25-Dec-25,DanubeH_Awareness_UAQ_HTML_CrashSale_PROS_Dec25,Awareness,HTML - Two Products,Umm Al Quwain,United Arab Emirates,10160,60,0.56%,2.94,3460,71.12,1.19,7,,,,,,,,91.14%
25-Dec-25,DanubeH_Awareness_Ajman_HTML_CrashSale_PROS_Dec25,Awareness,HTML - Two Products,Ajman,United Arab Emirates,8488,51,0.52%,2.87,2961,59.42,1.17,7,,,,,,,,90.12%
25-Dec-25,DanubeH_Awareness_Muscat_HTML_CrashSale_PROS_Dec25,Awareness,HTML - Two Products,Muscat,Oman,56234,388,0.68%,2.94,19101,371.14,0.96,6.6,,,,,,,,90.40%
25-Dec-25,DanubeH_Awareness_Rest Of Oman_HTML_CrashSale_PROS_Dec25,Awareness,HTML - Two Products,Rest Of Oman,Oman,18944,99,0.60%,2.9,6536,125.03,1.26,6.6,,,,,,,,89.96%
25-Dec-25,DanubeH_Awareness_Bahrain-EN_HTML_CrashSale_PROS_Dec25,Awareness,HTML - Two Products,Bahrain EN,Bahrain,19999,121,0.55%,2.93,6828,131.99,1.09,6.6,,,,,,,,89.34%
25-Dec-25,DanubeH_Awareness_Bahrain-AR_HTML_CrashSale_PROS_Dec25,Awareness,HTML - Two Products,Bahrain AR,Bahrain,14665,87,0.54%,2.95,4964,96.79,1.11,6.6,,,,,,,,89.81%
26-Dec-25,DanubeH_Awareness_Dubai_STATIC_CrashSale_PROS_Dec25,Awareness,Display,Dubai,United Arab Emirates,14775,85,0.58%,2.99,4936,103.43,1.22,7,,,,,,,,89.66%
26-Dec-25,DanubeH_Awareness_Abu DhabiDhabi_STATIC_CrashSale_PROS_Dec25,Awareness,Display,Abu Dhabi,United Arab Emirates,19947,121,0.57%,2.97,6708,139.63,1.15,7,,,,,,,,89.89%
26-Dec-25,DanubeH_Awareness_Sharjah_STATIC_CrashSale_PROS_Dec25,Awareness,Display,Sharjah,United Arab Emirates,4928,25,0.56%,3.04,1622,34.5,1.38,7,,,,,,,,90.83%
26-Dec-25,DanubeH_Awareness_RAK_STATIC_CrashSale_PROS_Dec25,Awareness,Display,Ras Al Khaimah,United Arab Emirates,5976,31,0.57%,2.98,2006,41.83,1.35,7,,,,,,,,90.27%
26-Dec-25,DanubeH_Awareness_FUJ_STATIC_CrashSale_PROS_Dec25,Awareness,Display,Fujairah,United Arab Emirates,5253,27,0.55%,3.05,1724,36.77,1.36,7,,,,,,,,90.13%
26-Dec-25,DanubeH_Awareness_UAQ_STATIC_CrashSale_PROS_Dec25,Awareness,Display,Umm Al Quwain,United Arab Emirates,2608,14,0.56%,3.03,860,18.26,1.3,7,,,,,,,,91.54%
26-Dec-25,DanubeH_Awareness_Ajman_STATIC_CrashSale_PROS_Dec25,Awareness,Display,Ajman,United Arab Emirates,4592,21,0.52%,3,1533,32.14,1.53,7,,,,,,,,91.64%
26-Dec-25,DanubeH_Awareness_Muscat_STATIC_CrashSale_PROS_Dec25,Awareness,Display,Muscat,Oman,15087,93,0.68%,3.16,4776,99.57,1.07,6.6,,,,,,,,91.89%
26-Dec-25,DanubeH_Awareness_Rest Of Oman_STATIC_CrashSale_PROS_Dec25,Awareness,Display,Rest Of Oman,Oman,7515,38,0.60%,2.99,2516,49.6,1.31,6.6,,,,,,,,91.53%
26-Dec-25,DanubeH_Awareness_Bahrain-EN_STATIC_CrashSale_PROS_Dec25,Awareness,Display,Bahrain EN,Bahrain,1577,8,0.55%,2.95,535,10.41,1.3,6.6,,,,,,,,90.47%
26-Dec-25,DanubeH_Awareness_Bahrain-AR_STATIC_CrashSale_PROS_Dec25,Awareness,Display,Bahrain AR,Bahrain,1906,10,0.54%,2.97,641,12.58,1.26,6.6,,,,,,,,90.04%
26-Dec-25,DanubeH_Awareness_Dubai_STATIC_CrashSale_PROS_Dec25,Awareness,Native,Dubai,United Arab Emirates,14731,80,0.58%,2.99,4922,103.12,1.29,7,,,,,,,,90.69%
26-Dec-25,DanubeH_Awareness_Abu DhabiDhabi_STATIC_CrashSale_PROS_Dec25,Awareness,Native,Abu Dhabi,United Arab Emirates,19887,114,0.57%,2.97,6688,139.21,1.22,7,,,,,,,,89.70%
26-Dec-25,DanubeH_Awareness_Sharjah_STATIC_CrashSale_PROS_Dec25,Awareness,Native,Sharjah,United Arab Emirates,4913,24,0.56%,3.04,1617,34.39,1.43,7,,,,,,,,91.92%
26-Dec-25,DanubeH_Awareness_RAK_STATIC_CrashSale_PROS_Dec25,Awareness,Native,Ras Al Khaimah,United Arab Emirates,5958,29,0.57%,2.98,2000,41.71,1.44,7,,,,,,,,90.96%
26-Dec-25,DanubeH_Awareness_FUJ_STATIC_CrashSale_PROS_Dec25,Awareness,Native,Fujairah,United Arab Emirates,5237,25,0.55%,3.05,1719,36.66,1.47,7,,,,,,,,89.93%
26-Dec-25,DanubeH_Awareness_UAQ_STATIC_CrashSale_PROS_Dec25,Awareness,Native,Umm Al Quwain,United Arab Emirates,2600,13,0.56%,3.03,857,18.2,1.4,7,,,,,,,,90.20%
26-Dec-25,DanubeH_Awareness_Ajman_STATIC_CrashSale_PROS_Dec25,Awareness,Native,Ajman,United Arab Emirates,4578,20,0.52%,3,1528,32.05,1.6,7,,,,,,,,89.22%
26-Dec-25,DanubeH_Awareness_Muscat_STATIC_CrashSale_PROS_Dec25,Awareness,Native,Muscat,Oman,15042,87,0.68%,3.16,4762,99.28,1.14,6.6,,,,,,,,91.66%
26-Dec-25,DanubeH_Awareness_Rest Of Oman_STATIC_CrashSale_PROS_Dec25,Awareness,Native,Rest Of Oman,Oman,7492,36,0.60%,2.99,2508,49.45,1.37,6.6,,,,,,,,89.49%
26-Dec-25,DanubeH_Awareness_Bahrain-EN_STATIC_CrashSale_PROS_Dec25,Awareness,Native,Bahrain EN,Bahrain,1572,8,0.55%,2.95,533,10.38,1.3,6.6,,,,,,,,89.54%
26-Dec-25,DanubeH_Awareness_Bahrain-AR_STATIC_CrashSale_PROS_Dec25,Awareness,Native,Bahrain AR,Bahrain,1900,9,0.54%,2.97,639,12.54,1.39,6.6,,,,,,,,89.96%
26-Dec-25,DanubeH_Awareness_Dubai_HTML_CrashSale_PROS_Dec25,Awareness,HTML - Product Scrolling,Dubai,United Arab Emirates,85918,574,0.67%,2.99,28705,601.43,1.05,7,,,,,,,,90.61%
26-Dec-25,DanubeH_Awareness_Abu DhabiDhabi_HTML_CrashSale_PROS_Dec25,Awareness,HTML - Product Scrolling,Abu Dhabi,United Arab Emirates,115990,816,0.70%,2.97,39009,811.93,1,7,,,,,,,,91.03%
26-Dec-25,DanubeH_Awareness_Sharjah_HTML_CrashSale_PROS_Dec25,Awareness,HTML - Product Scrolling,Sharjah,United Arab Emirates,28653,169,0.59%,3.04,9428,200.57,1.19,7,,,,,,,,91.99%
26-Dec-25,DanubeH_Awareness_RAK_HTML_CrashSale_PROS_Dec25,Awareness,HTML - Product Scrolling,Ras Al Khaimah,United Arab Emirates,34751,209,0.60%,2.98,11666,243.26,1.16,7,,,,,,,,89.93%
26-Dec-25,DanubeH_Awareness_FUJ_HTML_CrashSale_PROS_Dec25,Awareness,HTML - Product Scrolling,Fujairah,United Arab Emirates,30547,180,0.59%,3.05,10026,213.83,1.19,7,,,,,,,,89.72%
26-Dec-25,DanubeH_Awareness_UAQ_HTML_CrashSale_PROS_Dec25,Awareness,HTML - Product Scrolling,Umm Al Quwain,United Arab Emirates,15167,91,0.60%,3.03,5000,106.17,1.17,7,,,,,,,,89.63%
26-Dec-25,DanubeH_Awareness_Ajman_HTML_CrashSale_PROS_Dec25,Awareness,HTML - Product Scrolling,Ajman,United Arab Emirates,26701,141,0.53%,3,8912,186.91,1.33,7,,,,,,,,91.66%
26-Dec-25,DanubeH_Awareness_Muscat_HTML_CrashSale_PROS_Dec25,Awareness,HTML - Product Scrolling,Muscat,Oman,87732,623,0.71%,3.16,27775,579.03,0.93,6.6,,,,,,,,91.57%
26-Dec-25,DanubeH_Awareness_Rest Of Oman_HTML_CrashSale_PROS_Dec25,Awareness,HTML - Product Scrolling,Rest Of Oman,Oman,43699,258,0.59%,2.99,14631,288.41,1.12,6.6,,,,,,,,89.30%
26-Dec-25,DanubeH_Awareness_Bahrain-EN_HTML_CrashSale_PROS_Dec25,Awareness,HTML - Product Scrolling,Bahrain EN,Bahrain,9170,56,0.61%,2.95,3109,60.52,1.08,6.6,,,,,,,,91.05%
26-Dec-25,DanubeH_Awareness_Bahrain-AR_HTML_CrashSale_PROS_Dec25,Awareness,HTML - Product Scrolling,Bahrain AR,Bahrain,11084,67,0.60%,2.97,3727,73.15,1.09,6.6,,,,,,,,90.05%
26-Dec-25,DanubeH_Awareness_Dubai_HTML_CrashSale_PROS_Dec25,Awareness,HTML - Two Products,Dubai,United Arab Emirates,68678,408,0.58%,2.99,22945,480.75,1.18,7,,,,,,,,89.51%
26-Dec-25,DanubeH_Awareness_Abu DhabiDhabi_HTML_CrashSale_PROS_Dec25,Awareness,HTML - Two Products,Abu Dhabi,United Arab Emirates,92716,580,0.57%,2.97,31182,649.01,1.12,7,,,,,,,,90.99%
26-Dec-25,DanubeH_Awareness_Sharjah_HTML_CrashSale_PROS_Dec25,Awareness,HTML - Two Products,Sharjah,United Arab Emirates,22904,120,0.56%,3.04,7536,160.33,1.34,7,,,,,,,,90.25%
26-Dec-25,DanubeH_Awareness_RAK_HTML_CrashSale_PROS_Dec25,Awareness,HTML - Two Products,Ras Al Khaimah,United Arab Emirates,27778,148,0.57%,2.98,9325,194.45,1.31,7,,,,,,,,90.69%
26-Dec-25,DanubeH_Awareness_FUJ_HTML_CrashSale_PROS_Dec25,Awareness,HTML - Two Products,Fujairah,United Arab Emirates,24418,128,0.55%,3.05,8015,170.93,1.34,7,,,,,,,,91.04%
26-Dec-25,DanubeH_Awareness_UAQ_HTML_CrashSale_PROS_Dec25,Awareness,HTML - Two Products,Umm Al Quwain,United Arab Emirates,12124,65,0.56%,3.03,3997,84.87,1.31,7,,,,,,,,91.30%
26-Dec-25,DanubeH_Awareness_Ajman_HTML_CrashSale_PROS_Dec25,Awareness,HTML - Two Products,Ajman,United Arab Emirates,21344,100,0.52%,3,7124,149.41,1.49,7,,,,,,,,89.25%
26-Dec-25,DanubeH_Awareness_Muscat_HTML_CrashSale_PROS_Dec25,Awareness,HTML - Two Products,Muscat,Oman,70128,443,0.68%,3.16,22202,462.84,1.04,6.6,,,,,,,,90.95%
26-Dec-25,DanubeH_Awareness_Rest Of Oman_HTML_CrashSale_PROS_Dec25,Awareness,HTML - Two Products,Rest Of Oman,Oman,34931,183,0.60%,2.99,11695,230.54,1.26,6.6,,,,,,,,91.95%
26-Dec-25,DanubeH_Awareness_Bahrain-EN_HTML_CrashSale_PROS_Dec25,Awareness,HTML - Two Products,Bahrain EN,Bahrain,7330,40,0.55%,2.95,2485,48.38,1.21,6.6,,,,,,,,89.23%
26-Dec-25,DanubeH_Awareness_Bahrain-AR_HTML_CrashSale_PROS_Dec25,Awareness,HTML - Two Products,Bahrain AR,Bahrain,8860,47,0.54%,2.97,2979,58.48,1.24,6.6,,,,,,,,89.48%
27-Dec-25,DanubeH_Awareness_Dubai_STATIC_CrashSale_PROS_Dec25,Awareness,Display,Dubai,United Arab Emirates,29666,171,0.58%,2.9,10244,207.66,1.21,7,,,,,,,,89.47%
27-Dec-25,DanubeH_Awareness_Abu DhabiDhabi_STATIC_CrashSale_PROS_Dec25,Awareness,Display,Abu Dhabi,United Arab Emirates,41208,245,0.57%,2.9,14190,288.46,1.18,7,,,,,,,,90.40%
27-Dec-25,DanubeH_Awareness_Sharjah_STATIC_CrashSale_PROS_Dec25,Awareness,Display,Sharjah,United Arab Emirates,9170,48,0.56%,2.87,3190,64.19,1.34,7,,,,,,,,90.54%
27-Dec-25,DanubeH_Awareness_RAK_STATIC_CrashSale_PROS_Dec25,Awareness,Display,Ras Al Khaimah,United Arab Emirates,11886,63,0.57%,3.04,3909,83.2,1.32,7,,,,,,,,90.93%
27-Dec-25,DanubeH_Awareness_FUJ_STATIC_CrashSale_PROS_Dec25,Awareness,Display,Fujairah,United Arab Emirates,9525,49,0.55%,2.99,3186,66.68,1.36,7,,,,,,,,90.22%
27-Dec-25,DanubeH_Awareness_UAQ_STATIC_CrashSale_PROS_Dec25,Awareness,Display,Umm Al Quwain,United Arab Emirates,4805,25,0.56%,2.95,1629,33.64,1.35,7,,,,,,,,91.66%
27-Dec-25,DanubeH_Awareness_Ajman_STATIC_CrashSale_PROS_Dec25,Awareness,Display,Ajman,United Arab Emirates,6800,33,0.52%,3.09,2202,47.6,1.44,7,,,,,,,,91.28%
27-Dec-25,DanubeH_Awareness_Muscat_STATIC_CrashSale_PROS_Dec25,Awareness,Display,Muscat,Oman,18687,113,0.68%,2.99,6250,123.33,1.09,6.6,,,,,,,,91.50%
27-Dec-25,DanubeH_Awareness_Rest Of Oman_STATIC_CrashSale_PROS_Dec25,Awareness,Display,Rest Of Oman,Oman,6594,34,0.60%,2.95,2235,43.52,1.28,6.6,,,,,,,,89.24%
27-Dec-25,DanubeH_Awareness_Bahrain-EN_STATIC_CrashSale_PROS_Dec25,Awareness,Display,Bahrain EN,Bahrain,1528,8,0.55%,3.07,498,10.08,1.26,6.6,,,,,,,,89.48%
27-Dec-25,DanubeH_Awareness_Bahrain-AR_STATIC_CrashSale_PROS_Dec25,Awareness,Display,Bahrain AR,Bahrain,1021,5,0.54%,3.63,281,6.74,1.35,6.6,,,,,,,,90.95%
27-Dec-25,DanubeH_Awareness_Dubai_STATIC_CrashSale_PROS_Dec25,Awareness,Native,Dubai,United Arab Emirates,40961,243,0.58%,2.9,14145,286.73,1.18,7,,,,,,,,89.69%
27-Dec-25,DanubeH_Awareness_Abu DhabiDhabi_STATIC_CrashSale_PROS_Dec25,Awareness,Native,Abu Dhabi,United Arab Emirates,56899,349,0.57%,2.9,19593,398.29,1.14,7,,,,,,,,89.78%
27-Dec-25,DanubeH_Awareness_Sharjah_STATIC_CrashSale_PROS_Dec25,Awareness,Native,Sharjah,United Arab Emirates,12661,69,0.56%,2.87,4404,88.63,1.28,7,,,,,,,,89.25%
27-Dec-25,DanubeH_Awareness_RAK_STATIC_CrashSale_PROS_Dec25,Awareness,Native,Ras Al Khaimah,United Arab Emirates,16411,89,0.57%,3.04,5397,114.88,1.29,7,,,,,,,,90.99%
27-Dec-25,DanubeH_Awareness_FUJ_STATIC_CrashSale_PROS_Dec25,Awareness,Native,Fujairah,United Arab Emirates,13152,70,0.55%,2.99,4399,92.06,1.32,7,,,,,,,,90.59%
27-Dec-25,DanubeH_Awareness_UAQ_STATIC_CrashSale_PROS_Dec25,Awareness,Native,Umm Al Quwain,United Arab Emirates,6635,36,0.56%,2.95,2249,46.45,1.29,7,,,,,,,,89.53%
27-Dec-25,DanubeH_Awareness_Ajman_STATIC_CrashSale_PROS_Dec25,Awareness,Native,Ajman,United Arab Emirates,9389,48,0.52%,3.09,3040,65.72,1.37,7,,,,,,,,90.32%
27-Dec-25,DanubeH_Awareness_Muscat_STATIC_CrashSale_PROS_Dec25,Awareness,Native,Muscat,Oman,25803,161,0.68%,2.99,8630,170.3,1.06,6.6,,,,,,,,90.67%
27-Dec-25,DanubeH_Awareness_Rest Of Oman_STATIC_CrashSale_PROS_Dec25,Awareness,Native,Rest Of Oman,Oman,9105,49,0.60%,2.95,3087,60.09,1.23,6.6,,,,,,,,90.78%
27-Dec-25,DanubeH_Awareness_Bahrain-EN_STATIC_CrashSale_PROS_Dec25,Awareness,Native,Bahrain EN,Bahrain,2110,12,0.55%,3.07,687,13.93,1.16,6.6,,,,,,,,89.13%
27-Dec-25,DanubeH_Awareness_Bahrain-AR_STATIC_CrashSale_PROS_Dec25,Awareness,Native,Bahrain AR,Bahrain,1410,8,0.54%,3.63,388,9.31,1.16,6.6,,,,,,,,89.92%
27-Dec-25,DanubeH_Awareness_Dubai_HTML_CrashSale_PROS_Dec25,Awareness,HTML - Product Scrolling,Dubai,United Arab Emirates,83794,528,0.63%,2.9,28936,586.56,1.11,7,,,,,,,,91.73%
27-Dec-25,DanubeH_Awareness_Abu DhabiDhabi_HTML_CrashSale_PROS_Dec25,Awareness,HTML - Product Scrolling,Abu Dhabi,United Arab Emirates,116396,757,0.65%,2.9,40080,814.77,1.08,7,,,,,,,,89.42%
27-Dec-25,DanubeH_Awareness_Sharjah_HTML_CrashSale_PROS_Dec25,Awareness,HTML - Product Scrolling,Sharjah,United Arab Emirates,25901,150,0.58%,2.87,9010,181.31,1.21,7,,,,,,,,91.26%
27-Dec-25,DanubeH_Awareness_RAK_HTML_CrashSale_PROS_Dec25,Awareness,HTML - Product Scrolling,Ras Al Khaimah,United Arab Emirates,33573,194,0.58%,3.04,11041,235.01,1.21,7,,,,,,,,91.94%
27-Dec-25,DanubeH_Awareness_FUJ_HTML_CrashSale_PROS_Dec25,Awareness,HTML - Product Scrolling,Fujairah,United Arab Emirates,26905,153,0.57%,2.99,8998,188.34,1.23,7,,,,,,,,90.92%
27-Dec-25,DanubeH_Awareness_UAQ_HTML_CrashSale_PROS_Dec25,Awareness,HTML - Product Scrolling,Umm Al Quwain,United Arab Emirates,13574,78,0.57%,2.95,4602,95.02,1.22,7,,,,,,,,90.81%
27-Dec-25,DanubeH_Awareness_Ajman_HTML_CrashSale_PROS_Dec25,Awareness,HTML - Product Scrolling,Ajman,United Arab Emirates,19207,103,0.54%,3.09,6219,134.45,1.31,7,,,,,,,,90.78%
27-Dec-25,DanubeH_Awareness_Muscat_HTML_CrashSale_PROS_Dec25,Awareness,HTML - Product Scrolling,Muscat,Oman,52785,349,0.66%,2.99,17654,348.38,1,6.6,,,,,,,,91.74%
27-Dec-25,DanubeH_Awareness_Rest Of Oman_HTML_CrashSale_PROS_Dec25,Awareness,HTML - Product Scrolling,Rest Of Oman,Oman,18627,106,0.57%,2.95,6314,122.94,1.16,6.6,,,,,,,,89.95%
27-Dec-25,DanubeH_Awareness_Bahrain-EN_HTML_CrashSale_PROS_Dec25,Awareness,HTML - Product Scrolling,Bahrain EN,Bahrain,4316,25,0.58%,3.07,1406,28.49,1.14,6.6,,,,,,,,89.62%
27-Dec-25,DanubeH_Awareness_Bahrain-AR_HTML_CrashSale_PROS_Dec25,Awareness,HTML - Product Scrolling,Bahrain AR,Bahrain,2885,17,0.59%,3.63,794,19.04,1.12,6.6,,,,,,,,91.64%
27-Dec-25,DanubeH_Awareness_Dubai_HTML_CrashSale_PROS_Dec25,Awareness,HTML - Two Products,Dubai,United Arab Emirates,73776,450,0.58%,2.9,25476,516.43,1.15,7,,,,,,,,90.99%
27-Dec-25,DanubeH_Awareness_Abu DhabiDhabi_HTML_CrashSale_PROS_Dec25,Awareness,HTML - Two Products,Abu Dhabi,United Arab Emirates,102481,646,0.57%,2.9,35288,717.37,1.11,7,,,,,,,,91.89%
27-Dec-25,DanubeH_Awareness_Sharjah_HTML_CrashSale_PROS_Dec25,Awareness,HTML - Two Products,Sharjah,United Arab Emirates,22804,128,0.56%,2.87,7933,159.63,1.25,7,,,,,,,,91.73%
27-Dec-25,DanubeH_Awareness_RAK_HTML_CrashSale_PROS_Dec25,Awareness,HTML - Two Products,Ras Al Khaimah,United Arab Emirates,29559,166,0.57%,3.04,9721,206.91,1.25,7,,,,,,,,89.34%
27-Dec-25,DanubeH_Awareness_FUJ_HTML_CrashSale_PROS_Dec25,Awareness,HTML - Two Products,Fujairah,United Arab Emirates,23689,130,0.55%,2.99,7923,165.82,1.28,7,,,,,,,,90.64%
27-Dec-25,DanubeH_Awareness_UAQ_HTML_CrashSale_PROS_Dec25,Awareness,HTML - Two Products,Umm Al Quwain,United Arab Emirates,11951,67,0.56%,2.95,4051,83.66,1.25,7,,,,,,,,89.07%
27-Dec-25,DanubeH_Awareness_Ajman_HTML_CrashSale_PROS_Dec25,Awareness,HTML - Two Products,Ajman,United Arab Emirates,16911,88,0.52%,3.09,5476,118.38,1.35,7,,,,,,,,89.63%
27-Dec-25,DanubeH_Awareness_Muscat_HTML_CrashSale_PROS_Dec25,Awareness,HTML - Two Products,Muscat,Oman,46474,297,0.68%,2.99,15543,306.73,1.03,6.6,,,,,,,,89.89%
27-Dec-25,DanubeH_Awareness_Rest Of Oman_HTML_CrashSale_PROS_Dec25,Awareness,HTML - Two Products,Rest Of Oman,Oman,16400,90,0.60%,2.95,5559,108.24,1.2,6.6,,,,,,,,89.42%
27-Dec-25,DanubeH_Awareness_Bahrain-EN_HTML_CrashSale_PROS_Dec25,Awareness,HTML - Two Products,Bahrain EN,Bahrain,3800,22,0.55%,3.07,1238,25.08,1.14,6.6,,,,,,,,89.68%
27-Dec-25,DanubeH_Awareness_Bahrain-AR_HTML_CrashSale_PROS_Dec25,Awareness,HTML - Two Products,Bahrain AR,Bahrain,2540,14,0.54%,3.63,699,16.76,1.2,6.6,,,,,,,,89.86%
28-Dec-25,DanubeH_Awareness_Dubai_STATIC_CrashSale_PROS_Dec25,Awareness,Display,Dubai,United Arab Emirates,29128,177,0.58%,2.99,9743,192.24,1.09,6.6,,,,,,,,89.19%
28-Dec-25,DanubeH_Awareness_Abu DhabiDhabi_STATIC_CrashSale_PROS_Dec25,Awareness,Display,Abu Dhabi,United Arab Emirates,47380,249,0.57%,3.05,15552,312.71,1.26,6.6,,,,,,,,89.85%
28-Dec-25,DanubeH_Awareness_Sharjah_STATIC_CrashSale_PROS_Dec25,Awareness,Display,Sharjah,United Arab Emirates,9936,49,0.56%,2.94,3380,65.58,1.34,6.6,,,,,,,,90.79%
28-Dec-25,DanubeH_Awareness_RAK_STATIC_CrashSale_PROS_Dec25,Awareness,Display,Ras Al Khaimah,United Arab Emirates,13405,62,0.57%,2.87,4664,88.47,1.43,6.6,,,,,,,,89.21%
28-Dec-25,DanubeH_Awareness_FUJ_STATIC_CrashSale_PROS_Dec25,Awareness,Display,Fujairah,United Arab Emirates,7496,46,0.55%,2.76,2719,49.47,1.08,6.6,,,,,,,,90.89%
28-Dec-25,DanubeH_Awareness_UAQ_STATIC_CrashSale_PROS_Dec25,Awareness,Display,Umm Al Quwain,United Arab Emirates,5269,22,0.56%,2.87,1839,34.78,1.58,6.6,,,,,,,,90.30%
28-Dec-25,DanubeH_Awareness_Ajman_STATIC_CrashSale_PROS_Dec25,Awareness,Display,Ajman,United Arab Emirates,4866,30,0.52%,2.56,1903,32.12,1.07,6.6,,,,,,,,89.23%
28-Dec-25,DanubeH_Awareness_Muscat_STATIC_CrashSale_PROS_Dec25,Awareness,Display,Muscat,Oman,34544,183,0.68%,2.74,12612,227.99,1.25,6.6,,,,,,,,89.32%
28-Dec-25,DanubeH_Awareness_Rest Of Oman_STATIC_CrashSale_PROS_Dec25,Awareness,Display,Rest Of Oman,Oman,11739,62,0.60%,2.91,4040,77.48,1.25,6.6,,,,,,,,91.72%
28-Dec-25,DanubeH_Awareness_Bahrain-EN_STATIC_CrashSale_PROS_Dec25,Awareness,Display,Bahrain EN,Bahrain,787,7,0.55%,2.74,287,5.19,0.74,6.6,,,,,,,,91.03%
28-Dec-25,DanubeH_Awareness_Bahrain-AR_STATIC_CrashSale_PROS_Dec25,Awareness,Display,Bahrain AR,Bahrain,1509,7,0.54%,2.45,617,9.96,1.42,6.6,,,,,,,,89.29%
28-Dec-25,DanubeH_Awareness_Dubai_STATIC_CrashSale_PROS_Dec25,Awareness,Native,Dubai,United Arab Emirates,31188,216,0.58%,2.99,10433,205.84,0.95,6.6,,,,,,,,89.18%
28-Dec-25,DanubeH_Awareness_Abu DhabiDhabi_STATIC_CrashSale_PROS_Dec25,Awareness,Native,Abu Dhabi,United Arab Emirates,50730,304,0.57%,3.05,16652,334.82,1.1,6.6,,,,,,,,91.32%
28-Dec-25,DanubeH_Awareness_Sharjah_STATIC_CrashSale_PROS_Dec25,Awareness,Native,Sharjah,United Arab Emirates,10638,60,0.56%,2.94,3618,70.21,1.17,6.6,,,,,,,,90.61%
28-Dec-25,DanubeH_Awareness_RAK_STATIC_CrashSale_PROS_Dec25,Awareness,Native,Ras Al Khaimah,United Arab Emirates,14353,76,0.57%,2.87,4994,94.73,1.25,6.6,,,,,,,,91.85%
28-Dec-25,DanubeH_Awareness_FUJ_STATIC_CrashSale_PROS_Dec25,Awareness,Native,Fujairah,United Arab Emirates,8026,56,0.55%,2.76,2911,52.97,0.95,6.6,,,,,,,,91.24%
28-Dec-25,DanubeH_Awareness_UAQ_STATIC_CrashSale_PROS_Dec25,Awareness,Native,Umm Al Quwain,United Arab Emirates,5641,27,0.56%,2.87,1968,37.23,1.38,6.6,,,,,,,,89.50%
28-Dec-25,DanubeH_Awareness_Ajman_STATIC_CrashSale_PROS_Dec25,Awareness,Native,Ajman,United Arab Emirates,5210,37,0.52%,2.56,2038,34.39,0.93,6.6,,,,,,,,89.53%
28-Dec-25,DanubeH_Awareness_Muscat_STATIC_CrashSale_PROS_Dec25,Awareness,Native,Muscat,Oman,36987,224,0.68%,2.74,13504,244.11,1.09,6.6,,,,,,,,89.14%
28-Dec-25,DanubeH_Awareness_Rest Of Oman_STATIC_CrashSale_PROS_Dec25,Awareness,Native,Rest Of Oman,Oman,12569,75,0.60%,2.91,4325,82.96,1.11,6.6,,,,,,,,90.26%
28-Dec-25,DanubeH_Awareness_Bahrain-EN_STATIC_CrashSale_PROS_Dec25,Awareness,Native,Bahrain EN,Bahrain,843,9,0.55%,2.75,307,5.56,0.62,6.6,,,,,,,,90.75%
28-Dec-25,DanubeH_Awareness_Bahrain-AR_STATIC_CrashSale_PROS_Dec25,Awareness,Native,Bahrain AR,Bahrain,1616,9,0.54%,2.44,661,10.67,1.19,6.6,,,,,,,,89.33%
28-Dec-25,DanubeH_Awareness_Dubai_HTML_CrashSale_PROS_Dec25,Awareness,HTML - Product Scrolling,Dubai,United Arab Emirates,91308,648,0.71%,2.99,30543,602.63,0.93,6.6,,,,,,,,91.72%
28-Dec-25,DanubeH_Awareness_Abu DhabiDhabi_HTML_CrashSale_PROS_Dec25,Awareness,HTML - Product Scrolling,Abu Dhabi,United Arab Emirates,148520,912,0.61%,3.05,48751,980.23,1.07,6.6,,,,,,,,91.52%
28-Dec-25,DanubeH_Awareness_Sharjah_HTML_CrashSale_PROS_Dec25,Awareness,HTML - Product Scrolling,Sharjah,United Arab Emirates,31145,180,0.58%,2.94,10594,205.56,1.14,6.6,,,,,,,,90.83%
28-Dec-25,DanubeH_Awareness_RAK_HTML_CrashSale_PROS_Dec25,Awareness,HTML - Product Scrolling,Ras Al Khaimah,United Arab Emirates,42020,227,0.54%,2.87,14621,277.33,1.22,6.6,,,,,,,,91.30%
28-Dec-25,DanubeH_Awareness_FUJ_HTML_CrashSale_PROS_Dec25,Awareness,HTML - Product Scrolling,Fujairah,United Arab Emirates,23498,169,0.72%,2.76,8522,155.09,0.92,6.6,,,,,,,,89.95%
28-Dec-25,DanubeH_Awareness_UAQ_HTML_CrashSale_PROS_Dec25,Awareness,HTML - Product Scrolling,Umm Al Quwain,United Arab Emirates,16516,81,0.49%,2.87,5763,109.01,1.35,6.6,,,,,,,,89.99%
28-Dec-25,DanubeH_Awareness_Ajman_HTML_CrashSale_PROS_Dec25,Awareness,HTML - Product Scrolling,Ajman,United Arab Emirates,15253,110,0.72%,2.56,5966,100.67,0.92,6.6,,,,,,,,89.89%
28-Dec-25,DanubeH_Awareness_Muscat_HTML_CrashSale_PROS_Dec25,Awareness,HTML - Product Scrolling,Muscat,Oman,108283,672,0.62%,2.74,39535,714.67,1.06,6.6,,,,,,,,91.40%
28-Dec-25,DanubeH_Awareness_Rest Of Oman_HTML_CrashSale_PROS_Dec25,Awareness,HTML - Product Scrolling,Rest Of Oman,Oman,36799,226,0.61%,2.91,12664,242.87,1.07,6.6,,,,,,,,89.48%
28-Dec-25,DanubeH_Awareness_Bahrain-EN_HTML_CrashSale_PROS_Dec25,Awareness,HTML - Product Scrolling,Bahrain EN,Bahrain,2468,26,1.05%,2.74,900,16.29,0.63,6.6,,,,,,,,91.03%
28-Dec-25,DanubeH_Awareness_Bahrain-AR_HTML_CrashSale_PROS_Dec25,Awareness,HTML - Product Scrolling,Bahrain AR,Bahrain,4730,27,0.57%,2.45,1934,31.22,1.16,6.6,,,,,,,,90.67%
28-Dec-25,DanubeH_Awareness_Dubai_HTML_CrashSale_PROS_Dec25,Awareness,HTML - Two Products,Dubai,United Arab Emirates,72440,502,0.58%,2.99,24232,478.1,0.95,6.6,,,,,,,,91.50%
28-Dec-25,DanubeH_Awareness_Abu DhabiDhabi_HTML_CrashSale_PROS_Dec25,Awareness,HTML - Two Products,Abu Dhabi,United Arab Emirates,117830,706,0.57%,3.05,38677,777.68,1.1,6.6,,,,,,,,89.86%
28-Dec-25,DanubeH_Awareness_Sharjah_HTML_CrashSale_PROS_Dec25,Awareness,HTML - Two Products,Sharjah,United Arab Emirates,24709,139,0.56%,2.94,8404,163.08,1.17,6.6,,,,,,,,89.33%
28-Dec-25,DanubeH_Awareness_RAK_HTML_CrashSale_PROS_Dec25,Awareness,HTML - Two Products,Ras Al Khaimah,United Arab Emirates,33337,176,0.57%,2.87,11600,220.02,1.25,6.6,,,,,,,,89.90%
28-Dec-25,DanubeH_Awareness_FUJ_HTML_CrashSale_PROS_Dec25,Awareness,HTML - Two Products,Fujairah,United Arab Emirates,18642,131,0.55%,2.76,6761,123.04,0.94,6.6,,,,,,,,91.34%
28-Dec-25,DanubeH_Awareness_UAQ_HTML_CrashSale_PROS_Dec25,Awareness,HTML - Two Products,Umm Al Quwain,United Arab Emirates,13103,62,0.56%,2.87,4572,86.48,1.39,6.6,,,,,,,,89.76%
28-Dec-25,DanubeH_Awareness_Ajman_HTML_CrashSale_PROS_Dec25,Awareness,HTML - Two Products,Ajman,United Arab Emirates,12101,85,0.52%,2.56,4733,79.87,0.94,6.6,,,,,,,,89.64%
28-Dec-25,DanubeH_Awareness_Muscat_HTML_CrashSale_PROS_Dec25,Awareness,HTML - Two Products,Muscat,Oman,85908,520,0.68%,2.74,31366,566.99,1.09,6.6,,,,,,,,90.79%
28-Dec-25,DanubeH_Awareness_Rest Of Oman_HTML_CrashSale_PROS_Dec25,Awareness,HTML - Two Products,Rest Of Oman,Oman,29195,175,0.60%,2.91,10047,192.69,1.1,6.6,,,,,,,,90.80%
28-Dec-25,DanubeH_Awareness_Bahrain-EN_HTML_CrashSale_PROS_Dec25,Awareness,HTML - Two Products,Bahrain EN,Bahrain,1958,20,0.55%,2.74,714,12.92,0.65,6.6,,,,,,,,91.54%
28-Dec-25,DanubeH_Awareness_Bahrain-AR_HTML_CrashSale_PROS_Dec25,Awareness,HTML - Two Products,Bahrain AR,Bahrain,3753,21,0.54%,2.45,1534,24.77,1.18,6.6,,,,,,,,91.11%
29-Dec-25,DanubeH_Awareness_Dubai_STATIC_CrashSale_PROS_Dec25,Awareness,Display,Dubai,United Arab Emirates,15414,90,0.58%,2.78,5553,104.82,1.16,6.8,,,,,,,,89.49%
29-Dec-25,DanubeH_Awareness_Abu DhabiDhabi_STATIC_CrashSale_PROS_Dec25,Awareness,Display,Abu Dhabi,United Arab Emirates,33999,232,0.68%,2.98,11408,231.19,1,6.8,,,,,,,,90.32%
29-Dec-25,DanubeH_Awareness_Sharjah_STATIC_CrashSale_PROS_Dec25,Awareness,Display,Sharjah,United Arab Emirates,11143,58,0.52%,2.96,3767,76.89,1.33,6.9,,,,,,,,89.34%
29-Dec-25,DanubeH_Awareness_RAK_STATIC_CrashSale_PROS_Dec25,Awareness,Display,Ras Al Khaimah,United Arab Emirates,10093,52,0.52%,2.79,3618,69.64,1.34,6.9,,,,,,,,90.25%
29-Dec-25,DanubeH_Awareness_FUJ_STATIC_CrashSale_PROS_Dec25,Awareness,Display,Fujairah,United Arab Emirates,6657,36,0.54%,3.19,2089,45.93,1.28,6.9,,,,,,,,89.64%
29-Dec-25,DanubeH_Awareness_UAQ_STATIC_CrashSale_PROS_Dec25,Awareness,Display,Umm Al Quwain,United Arab Emirates,5730,29,0.51%,2.92,1959,39.54,1.36,6.9,,,,,,,,91.05%
29-Dec-25,DanubeH_Awareness_Ajman_STATIC_CrashSale_PROS_Dec25,Awareness,Display,Ajman,United Arab Emirates,3077,19,0.62%,3.26,943,19.69,1.04,6.4,,,,,,,,89.26%
29-Dec-25,DanubeH_Awareness_Muscat_STATIC_CrashSale_PROS_Dec25,Awareness,Display,Muscat,Oman,31330,198,0.63%,2.92,10731,200.51,1.01,6.4,,,,,,,,91.67%
29-Dec-25,DanubeH_Awareness_Rest Of Oman_STATIC_CrashSale_PROS_Dec25,Awareness,Display,Rest Of Oman,Oman,21476,119,0.55%,2.9,7398,141.74,1.19,6.6,,,,,,,,89.22%
29-Dec-25,DanubeH_Awareness_Bahrain-EN_STATIC_CrashSale_PROS_Dec25,Awareness,Display,Bahrain EN,Bahrain,1058,6,0.57%,3.26,325,6.77,1.13,6.4,,,,,,,,90.43%
29-Dec-25,DanubeH_Awareness_Bahrain-AR_STATIC_CrashSale_PROS_Dec25,Awareness,Display,Bahrain AR,Bahrain,1161,6,0.52%,2.97,391,7.43,1.24,6.4,,,,,,,,90.18%
29-Dec-25,DanubeH_Awareness_Dubai_STATIC_CrashSale_PROS_Dec25,Awareness,Native,Dubai,United Arab Emirates,21461,116,0.54%,2.89,7415,145.93,1.26,6.8,,,,,,,,91.88%
29-Dec-25,DanubeH_Awareness_Abu DhabiDhabi_STATIC_CrashSale_PROS_Dec25,Awareness,Native,Abu Dhabi,United Arab Emirates,47337,299,0.63%,3.11,15233,321.89,1.08,6.8,,,,,,,,89.32%
29-Dec-25,DanubeH_Awareness_Sharjah_STATIC_CrashSale_PROS_Dec25,Awareness,Native,Sharjah,United Arab Emirates,15514,74,0.48%,3.08,5030,107.05,1.45,6.9,,,,,,,,90.52%
29-Dec-25,DanubeH_Awareness_RAK_STATIC_CrashSale_PROS_Dec25,Awareness,Native,Ras Al Khaimah,United Arab Emirates,14052,66,0.47%,2.91,4831,96.96,1.47,6.9,,,,,,,,91.30%
29-Dec-25,DanubeH_Awareness_FUJ_STATIC_CrashSale_PROS_Dec25,Awareness,Native,Fujairah,United Arab Emirates,9268,46,0.50%,3.32,2790,63.95,1.39,6.9,,,,,,,,91.34%
29-Dec-25,DanubeH_Awareness_UAQ_STATIC_CrashSale_PROS_Dec25,Awareness,Native,Umm Al Quwain,United Arab Emirates,7977,37,0.46%,3.05,2616,55.04,1.49,6.9,,,,,,,,89.09%
29-Dec-25,DanubeH_Awareness_Ajman_STATIC_CrashSale_PROS_Dec25,Awareness,Native,Ajman,United Arab Emirates,4284,24,0.56%,3.4,1260,27.42,1.14,6.4,,,,,,,,91.14%
29-Dec-25,DanubeH_Awareness_Muscat_STATIC_CrashSale_PROS_Dec25,Awareness,Native,Muscat,Oman,43621,255,0.58%,3.04,14329,279.17,1.09,6.4,,,,,,,,91.60%
29-Dec-25,DanubeH_Awareness_Rest Of Oman_STATIC_CrashSale_PROS_Dec25,Awareness,Native,Rest Of Oman,Oman,29902,152,0.51%,3.03,9879,197.35,1.3,6.6,,,,,,,,90.45%
29-Dec-25,DanubeH_Awareness_Bahrain-EN_STATIC_CrashSale_PROS_Dec25,Awareness,Native,Bahrain EN,Bahrain,1472,7,0.48%,3.38,435,9.42,1.35,6.4,,,,,,,,89.68%
29-Dec-25,DanubeH_Awareness_Bahrain-AR_STATIC_CrashSale_PROS_Dec25,Awareness,Native,Bahrain AR,Bahrain,1616,8,0.50%,3.09,523,10.34,1.29,6.4,,,,,,,,91.17%
29-Dec-25,DanubeH_Awareness_Dubai_HTML_CrashSale_PROS_Dec25,Awareness,HTML - Product Scrolling,Dubai,United Arab Emirates,44725,291,0.65%,2.89,15457,304.13,1.05,6.8,,,,,,,,91.52%
29-Dec-25,DanubeH_Awareness_Abu DhabiDhabi_HTML_CrashSale_PROS_Dec25,Awareness,HTML - Product Scrolling,Abu Dhabi,United Arab Emirates,98650,750,0.76%,3.11,31753,670.82,0.89,6.8,,,,,,,,90.38%
29-Dec-25,DanubeH_Awareness_Sharjah_HTML_CrashSale_PROS_Dec25,Awareness,HTML - Product Scrolling,Sharjah,United Arab Emirates,32331,187,0.58%,3.08,10485,223.08,1.19,6.9,,,,,,,,90.59%
29-Dec-25,DanubeH_Awareness_RAK_HTML_CrashSale_PROS_Dec25,Awareness,HTML - Product Scrolling,Ras Al Khaimah,United Arab Emirates,29284,166,0.57%,2.91,10070,202.06,1.22,6.9,,,,,,,,90.18%
29-Dec-25,DanubeH_Awareness_FUJ_HTML_CrashSale_PROS_Dec25,Awareness,HTML - Product Scrolling,Fujairah,United Arab Emirates,19315,116,0.60%,3.32,5815,133.27,1.15,6.9,,,,,,,,91.36%
29-Dec-25,DanubeH_Awareness_UAQ_HTML_CrashSale_PROS_Dec25,Awareness,HTML - Product Scrolling,Umm Al Quwain,United Arab Emirates,16625,93,0.56%,3.05,5454,114.71,1.23,6.9,,,,,,,,91.76%
29-Dec-25,DanubeH_Awareness_Ajman_HTML_CrashSale_PROS_Dec25,Awareness,HTML - Product Scrolling,Ajman,United Arab Emirates,8928,60,0.67%,3.4,2626,57.14,0.95,6.4,,,,,,,,91.32%
29-Dec-25,DanubeH_Awareness_Muscat_HTML_CrashSale_PROS_Dec25,Awareness,HTML - Product Scrolling,Muscat,Oman,90904,640,0.70%,3.04,29868,581.79,0.91,6.4,,,,,,,,91.56%
29-Dec-25,DanubeH_Awareness_Rest Of Oman_HTML_CrashSale_PROS_Dec25,Awareness,HTML - Product Scrolling,Rest Of Oman,Oman,62315,382,0.61%,3.03,20593,411.28,1.08,6.6,,,,,,,,91.12%
29-Dec-25,DanubeH_Awareness_Bahrain-EN_HTML_CrashSale_PROS_Dec25,Awareness,HTML - Product Scrolling,Bahrain EN,Bahrain,3069,19,0.62%,3.39,906,19.64,1.03,6.4,,,,,,,,91.80%
29-Dec-25,DanubeH_Awareness_Bahrain-AR_HTML_CrashSale_PROS_Dec25,Awareness,HTML - Product Scrolling,Bahrain AR,Bahrain,3368,19,0.56%,3.09,1089,21.56,1.13,6.4,,,,,,,,90.60%
29-Dec-25,DanubeH_Awareness_Dubai_HTML_CrashSale_PROS_Dec25,Awareness,HTML - Two Products,Dubai,United Arab Emirates,36970,250,0.68%,2.89,12771,251.4,1.01,6.8,,,,,,,,91.47%
29-Dec-25,DanubeH_Awareness_Abu DhabiDhabi_HTML_CrashSale_PROS_Dec25,Awareness,HTML - Two Products,Abu Dhabi,United Arab Emirates,81546,644,0.79%,3.11,26235,554.51,0.86,6.8,,,,,,,,90.35%
29-Dec-25,DanubeH_Awareness_Sharjah_HTML_CrashSale_PROS_Dec25,Awareness,HTML - Two Products,Sharjah,United Arab Emirates,26726,161,0.60%,3.09,8663,184.41,1.15,6.9,,,,,,,,90.92%
29-Dec-25,DanubeH_Awareness_RAK_HTML_CrashSale_PROS_Dec25,Awareness,HTML - Two Products,Ras Al Khaimah,United Arab Emirates,24207,143,0.59%,2.91,8320,167.03,1.17,6.9,,,,,,,,91.12%
29-Dec-25,DanubeH_Awareness_FUJ_HTML_CrashSale_PROS_Dec25,Awareness,HTML - Two Products,Fujairah,United Arab Emirates,15966,99,0.62%,3.32,4804,110.17,1.11,6.9,,,,,,,,91.26%
29-Dec-25,DanubeH_Awareness_UAQ_HTML_CrashSale_PROS_Dec25,Awareness,HTML - Two Products,Umm Al Quwain,United Arab Emirates,13742,80,0.58%,3.05,4506,94.82,1.19,6.9,,,,,,,,91.86%
29-Dec-25,DanubeH_Awareness_Ajman_HTML_CrashSale_PROS_Dec25,Awareness,HTML - Two Products,Ajman,United Arab Emirates,7380,52,0.70%,3.4,2169,47.23,0.91,6.4,,,,,,,,91.12%
29-Dec-25,DanubeH_Awareness_Muscat_HTML_CrashSale_PROS_Dec25,Awareness,HTML - Two Products,Muscat,Oman,75143,550,0.73%,3.05,24677,480.92,0.87,6.4,,,,,,,,91.83%
29-Dec-25,DanubeH_Awareness_Rest Of Oman_HTML_CrashSale_PROS_Dec25,Awareness,HTML - Two Products,Rest Of Oman,Oman,51510,329,0.64%,3.03,17014,339.97,1.03,6.6,,,,,,,,90.83%
29-Dec-25,DanubeH_Awareness_Bahrain-EN_HTML_CrashSale_PROS_Dec25,Awareness,HTML - Two Products,Bahrain EN,Bahrain,2536,16,0.63%,3.39,748,16.23,1.01,6.4,,,,,,,,90.12%
29-Dec-25,DanubeH_Awareness_Bahrain-AR_HTML_CrashSale_PROS_Dec25,Awareness,HTML - Two Products,Bahrain AR,Bahrain,2784,17,0.61%,3.09,900,17.82,1.05,6.4,,,,,,,,90.09%
30-Dec-25,DanubeH_Awareness_Dubai_STATIC_CrashSale_PROS_Dec25,Awareness,Display,Dubai,United Arab Emirates,15245,33,0.22%,3.05,4998,103.67,3.14,6.8,,,,,,,,90.56%
30-Dec-25,DanubeH_Awareness_Abu DhabiDhabi_STATIC_CrashSale_PROS_Dec25,Awareness,Display,Abu Dhabi,United Arab Emirates,36890,92,0.25%,2.93,12590,250.85,2.73,6.8,,,,,,,,91.05%
30-Dec-25,DanubeH_Awareness_Sharjah_STATIC_CrashSale_PROS_Dec25,Awareness,Display,Sharjah,United Arab Emirates,2368,4,0.17%,2.61,907,16.34,4.08,6.9,,,,,,,,90.98%
30-Dec-25,DanubeH_Awareness_RAK_STATIC_CrashSale_PROS_Dec25,Awareness,Display,Ras Al Khaimah,United Arab Emirates,10353,17,0.16%,3.01,3440,71.44,4.2,6.9,,,,,,,,90.78%
30-Dec-25,DanubeH_Awareness_FUJ_STATIC_CrashSale_PROS_Dec25,Awareness,Display,Fujairah,United Arab Emirates,6119,11,0.18%,2.83,2162,42.22,3.84,6.9,,,,,,,,91.78%
30-Dec-25,DanubeH_Awareness_UAQ_STATIC_CrashSale_PROS_Dec25,Awareness,Display,Umm Al Quwain,United Arab Emirates,4839,8,0.17%,3.33,1453,33.39,4.17,6.9,,,,,,,,91.49%
30-Dec-25,DanubeH_Awareness_Ajman_STATIC_CrashSale_PROS_Dec25,Awareness,Display,Ajman,United Arab Emirates,3320,6,0.18%,2.94,1129,21.25,3.54,6.4,,,,,,,,91.59%
30-Dec-25,DanubeH_Awareness_Muscat_STATIC_CrashSale_PROS_Dec25,Awareness,Display,Muscat,Oman,6073,12,0.20%,3.25,1869,38.87,3.24,6.4,,,,,,,,89.31%
30-Dec-25,DanubeH_Awareness_Rest Of Oman_STATIC_CrashSale_PROS_Dec25,Awareness,Display,Rest Of Oman,Oman,5428,9,0.17%,2.96,1834,35.82,3.98,6.6,,,,,,,,89.87%
30-Dec-25,DanubeH_Awareness_Bahrain-EN_STATIC_CrashSale_PROS_Dec25,Awareness,Display,Bahrain EN,Bahrain,4098,7,0.17%,3.09,1326,26.23,3.75,6.4,,,,,,,,89.08%
30-Dec-25,DanubeH_Awareness_Bahrain-AR_STATIC_CrashSale_PROS_Dec25,Awareness,Display,Bahrain AR,Bahrain,4527,8,0.18%,2.93,1545,28.97,3.62,6.4,,,,,,,,91.08%
30-Dec-25,DanubeH_Awareness_Dubai_STATIC_CrashSale_PROS_Dec25,Awareness,Native,Dubai,United Arab Emirates,20112,132,0.66%,3.05,6594,136.76,1.04,6.8,,,,,,,,91.06%
30-Dec-25,DanubeH_Awareness_Abu DhabiDhabi_STATIC_CrashSale_PROS_Dec25,Awareness,Native,Abu Dhabi,United Arab Emirates,48666,367,0.75%,2.93,16610,330.93,0.9,6.8,,,,,,,,91.34%
30-Dec-25,DanubeH_Awareness_Sharjah_STATIC_CrashSale_PROS_Dec25,Awareness,Native,Sharjah,United Arab Emirates,3124,16,0.51%,2.61,1197,21.56,1.35,6.9,,,,,,,,91.62%
30-Dec-25,DanubeH_Awareness_RAK_STATIC_CrashSale_PROS_Dec25,Awareness,Native,Ras Al Khaimah,United Arab Emirates,13658,68,0.50%,3.01,4538,94.24,1.39,6.9,,,,,,,,91.63%
30-Dec-25,DanubeH_Awareness_FUJ_STATIC_CrashSale_PROS_Dec25,Awareness,Native,Fujairah,United Arab Emirates,8072,43,0.53%,2.83,2852,55.7,1.3,6.9,,,,,,,,90.94%
30-Dec-25,DanubeH_Awareness_UAQ_STATIC_CrashSale_PROS_Dec25,Awareness,Native,Umm Al Quwain,United Arab Emirates,6384,31,0.49%,3.33,1917,44.05,1.42,6.9,,,,,,,,89.93%
30-Dec-25,DanubeH_Awareness_Ajman_STATIC_CrashSale_PROS_Dec25,Awareness,Native,Ajman,United Arab Emirates,4379,22,0.50%,2.94,1489,28.03,1.27,6.4,,,,,,,,91.97%
30-Dec-25,DanubeH_Awareness_Muscat_STATIC_CrashSale_PROS_Dec25,Awareness,Native,Muscat,Oman,8012,47,0.59%,3.25,2465,51.28,1.09,6.4,,,,,,,,90.33%
30-Dec-25,DanubeH_Awareness_Rest Of Oman_STATIC_CrashSale_PROS_Dec25,Awareness,Native,Rest Of Oman,Oman,7161,37,0.52%,2.96,2419,47.26,1.28,6.6,,,,,,,,90.53%
30-Dec-25,DanubeH_Awareness_Bahrain-EN_STATIC_CrashSale_PROS_Dec25,Awareness,Native,Bahrain EN,Bahrain,5407,29,0.54%,3.09,1750,34.6,1.19,6.4,,,,,,,,89.55%
30-Dec-25,DanubeH_Awareness_Bahrain-AR_STATIC_CrashSale_PROS_Dec25,Awareness,Native,Bahrain AR,Bahrain,5972,30,0.50%,2.93,2038,38.22,1.27,6.4,,,,,,,,91.60%
30-Dec-25,DanubeH_Awareness_Dubai_HTML_CrashSale_PROS_Dec25,Awareness,HTML - Product Scrolling,Dubai,United Arab Emirates,44235,310,0.70%,3.05,14503,300.8,0.97,6.8,,,,,,,,90.12%
30-Dec-25,DanubeH_Awareness_Abu DhabiDhabi_HTML_CrashSale_PROS_Dec25,Awareness,HTML - Product Scrolling,Abu Dhabi,United Arab Emirates,107038,861,0.80%,2.93,36532,727.86,0.85,6.8,,,,,,,,89.81%
30-Dec-25,DanubeH_Awareness_Sharjah_HTML_CrashSale_PROS_Dec25,Awareness,HTML - Product Scrolling,Sharjah,United Arab Emirates,6871,37,0.54%,2.61,2633,47.41,1.28,6.9,,,,,,,,91.31%
30-Dec-25,DanubeH_Awareness_RAK_HTML_CrashSale_PROS_Dec25,Awareness,HTML - Product Scrolling,Ras Al Khaimah,United Arab Emirates,30039,160,0.53%,3.01,9980,207.27,1.3,6.9,,,,,,,,91.35%
30-Dec-25,DanubeH_Awareness_FUJ_HTML_CrashSale_PROS_Dec25,Awareness,HTML - Product Scrolling,Fujairah,United Arab Emirates,17754,100,0.56%,2.83,6273,122.5,1.23,6.9,,,,,,,,91.82%
30-Dec-25,DanubeH_Awareness_UAQ_HTML_CrashSale_PROS_Dec25,Awareness,HTML - Product Scrolling,Umm Al Quwain,United Arab Emirates,14040,73,0.52%,3.33,4216,96.88,1.33,6.9,,,,,,,,91.38%
30-Dec-25,DanubeH_Awareness_Ajman_HTML_CrashSale_PROS_Dec25,Awareness,HTML - Product Scrolling,Ajman,United Arab Emirates,9632,52,0.54%,2.94,3276,61.64,1.19,6.4,,,,,,,,89.04%
30-Dec-25,DanubeH_Awareness_Muscat_HTML_CrashSale_PROS_Dec25,Awareness,HTML - Product Scrolling,Muscat,Oman,17622,109,0.62%,3.25,5422,112.78,1.03,6.4,,,,,,,,91.54%
30-Dec-25,DanubeH_Awareness_Rest Of Oman_HTML_CrashSale_PROS_Dec25,Awareness,HTML - Product Scrolling,Rest Of Oman,Oman,15750,87,0.55%,2.96,5321,103.95,1.19,6.6,,,,,,,,91.10%
30-Dec-25,DanubeH_Awareness_Bahrain-EN_HTML_CrashSale_PROS_Dec25,Awareness,HTML - Product Scrolling,Bahrain EN,Bahrain,11892,68,0.57%,3.09,3849,76.11,1.12,6.4,,,,,,,,91.11%
30-Dec-25,DanubeH_Awareness_Bahrain-AR_HTML_CrashSale_PROS_Dec25,Awareness,HTML - Product Scrolling,Bahrain AR,Bahrain,13134,71,0.54%,2.93,4483,84.06,1.18,6.4,,,,,,,,89.87%
30-Dec-25,DanubeH_Awareness_Dubai_HTML_CrashSale_PROS_Dec25,Awareness,HTML - Two Products,Dubai,United Arab Emirates,37679,374,0.99%,3.05,12354,256.22,0.69,6.8,,,,,,,,89.42%
30-Dec-25,DanubeH_Awareness_Abu DhabiDhabi_HTML_CrashSale_PROS_Dec25,Awareness,HTML - Two Products,Abu Dhabi,United Arab Emirates,91175,1038,1.14%,2.93,31118,619.99,0.6,6.8,,,,,,,,90.10%
30-Dec-25,DanubeH_Awareness_Sharjah_HTML_CrashSale_PROS_Dec25,Awareness,HTML - Two Products,Sharjah,United Arab Emirates,5852,45,0.77%,2.61,2242,40.38,0.9,6.9,,,,,,,,90.34%
30-Dec-25,DanubeH_Awareness_RAK_HTML_CrashSale_PROS_Dec25,Awareness,HTML - Two Products,Ras Al Khaimah,United Arab Emirates,25587,193,0.75%,3.01,8501,176.55,0.91,6.9,,,,,,,,89.35%
30-Dec-25,DanubeH_Awareness_FUJ_HTML_CrashSale_PROS_Dec25,Awareness,HTML - Two Products,Fujairah,United Arab Emirates,15123,120,0.79%,2.83,5344,104.35,0.87,6.9,,,,,,,,89.34%
30-Dec-25,DanubeH_Awareness_UAQ_HTML_CrashSale_PROS_Dec25,Awareness,HTML - Two Products,Umm Al Quwain,United Arab Emirates,11959,88,0.74%,3.33,3591,82.52,0.94,6.9,,,,,,,,90.76%
30-Dec-25,DanubeH_Awareness_Ajman_HTML_CrashSale_PROS_Dec25,Awareness,HTML - Two Products,Ajman,United Arab Emirates,8205,63,0.77%,2.94,2791,52.51,0.83,6.4,,,,,,,,90.74%
30-Dec-25,DanubeH_Awareness_Muscat_HTML_CrashSale_PROS_Dec25,Awareness,HTML - Two Products,Muscat,Oman,15010,132,0.88%,3.25,4618,96.06,0.73,6.4,,,,,,,,90.01%
30-Dec-25,DanubeH_Awareness_Rest Of Oman_HTML_CrashSale_PROS_Dec25,Awareness,HTML - Two Products,Rest Of Oman,Oman,13416,105,0.78%,2.96,4532,88.55,0.84,6.6,,,,,,,,89.54%
30-Dec-25,DanubeH_Awareness_Bahrain-EN_HTML_CrashSale_PROS_Dec25,Awareness,HTML - Two Products,Bahrain EN,Bahrain,10129,82,0.81%,3.09,3278,64.83,0.79,6.4,,,,,,,,90.05%
30-Dec-25,DanubeH_Awareness_Bahrain-AR_HTML_CrashSale_PROS_Dec25,Awareness,HTML - Two Products,Bahrain AR,Bahrain,11188,86,0.77%,2.93,3818,71.6,0.83,6.4,,,,,,,,90.83%
31-Dec-25,DanubeH_Awareness_Dubai_STATIC_CrashSale_PROS_Dec25,Awareness,Display,Dubai,United Arab Emirates,9059,49,0.54%,3.14,2885,63.41,1.29,,,,,,,,,90.96%
31-Dec-25,DanubeH_Awareness_Abu DhabiDhabi_STATIC_CrashSale_PROS_Dec25,Awareness,Display,Abu Dhabi,United Arab Emirates,5336,30,0.56%,3.51,1520,36.82,1.23,,,,,,,,,90.30%
31-Dec-25,DanubeH_Awareness_Sharjah_STATIC_CrashSale_PROS_Dec25,Awareness,Display,Sharjah,United Arab Emirates,2786,13,0.47%,3.14,887,19.17,1.47,,,,,,,,,91.53%
31-Dec-25,DanubeH_Awareness_RAK_STATIC_CrashSale_PROS_Dec25,Awareness,Display,Ras Al Khaimah,United Arab Emirates,8135,51,0.63%,3.05,2667,56.13,1.1,,,,,,,,,91.57%
31-Dec-25,DanubeH_Awareness_FUJ_STATIC_CrashSale_PROS_Dec25,Awareness,Display,Fujairah,United Arab Emirates,3780,23,0.61%,2.71,1395,26.08,1.13,,,,,,,,,91.26%
31-Dec-25,DanubeH_Awareness_UAQ_STATIC_CrashSale_PROS_Dec25,Awareness,Display,Umm Al Quwain,United Arab Emirates,5609,26,0.46%,2.68,2093,38.7,1.49,,,,,,,,,91.83%
31-Dec-25,DanubeH_Awareness_Ajman_STATIC_CrashSale_PROS_Dec25,Awareness,Display,Ajman,United Arab Emirates,2830,20,0.71%,3.08,919,19.53,0.98,,,,,,,,,90.67%
31-Dec-25,DanubeH_Awareness_Muscat_STATIC_CrashSale_PROS_Dec25,Awareness,Display,Muscat,Oman,19956,88,0.44%,2.77,7204,131.71,1.5,,,,,,,,,91.61%
31-Dec-25,DanubeH_Awareness_Rest Of Oman_STATIC_CrashSale_PROS_Dec25,Awareness,Display,Rest Of Oman,Oman,2098,10,0.48%,2.34,897,13.22,1.32,,,,,,,,,91.87%
31-Dec-25,DanubeH_Awareness_Bahrain-EN_STATIC_CrashSale_PROS_Dec25,Awareness,Display,Bahrain EN,Bahrain,4190,26,0.62%,2.92,1435,26.4,1.02,,,,,,,,,89.11%
31-Dec-25,DanubeH_Awareness_Bahrain-AR_STATIC_CrashSale_PROS_Dec25,Awareness,Display,Bahrain AR,Bahrain,5479,26,0.47%,2.79,1964,34.52,1.33,,,,,,,,,91.55%
31-Dec-25,DanubeH_Awareness_Dubai_STATIC_CrashSale_PROS_Dec25,Awareness,Native,Dubai,United Arab Emirates,11952,73,0.61%,3.14,3806,83.66,1.15,,,,,,,,,91.80%
31-Dec-25,DanubeH_Awareness_Abu DhabiDhabi_STATIC_CrashSale_PROS_Dec25,Awareness,Native,Abu Dhabi,United Arab Emirates,7039,45,0.64%,3.51,2005,48.57,1.08,,,,,,,,,91.82%
31-Dec-25,DanubeH_Awareness_Sharjah_STATIC_CrashSale_PROS_Dec25,Awareness,Native,Sharjah,United Arab Emirates,3675,20,0.54%,3.14,1170,25.28,1.26,,,,,,,,,89.39%
31-Dec-25,DanubeH_Awareness_RAK_STATIC_CrashSale_PROS_Dec25,Awareness,Native,Ras Al Khaimah,United Arab Emirates,10732,75,0.70%,3.05,3519,74.05,0.99,,,,,,,,,90.45%
31-Dec-25,DanubeH_Awareness_FUJ_STATIC_CrashSale_PROS_Dec25,Awareness,Native,Fujairah,United Arab Emirates,4987,34,0.68%,2.71,1840,34.41,1.01,,,,,,,,,89.09%
31-Dec-25,DanubeH_Awareness_UAQ_STATIC_CrashSale_PROS_Dec25,Awareness,Native,Umm Al Quwain,United Arab Emirates,7400,38,0.51%,2.68,2761,51.06,1.34,,,,,,,,,89.03%
31-Dec-25,DanubeH_Awareness_Ajman_STATIC_CrashSale_PROS_Dec25,Awareness,Native,Ajman,United Arab Emirates,3733,30,0.80%,3.08,1212,25.76,0.86,,,,,,,,,90.70%
31-Dec-25,DanubeH_Awareness_Muscat_STATIC_CrashSale_PROS_Dec25,Awareness,Native,Muscat,Oman,26327,129,0.49%,2.77,9504,173.76,1.35,,,,,,,,,90.16%
31-Dec-25,DanubeH_Awareness_Rest Of Oman_STATIC_CrashSale_PROS_Dec25,Awareness,Native,Rest Of Oman,Oman,2768,15,0.54%,2.34,1183,17.44,1.16,,,,,,,,,90.43%
31-Dec-25,DanubeH_Awareness_Bahrain-EN_STATIC_CrashSale_PROS_Dec25,Awareness,Native,Bahrain EN,Bahrain,5527,38,0.69%,2.92,1893,34.82,0.92,,,,,,,,,90.48%
31-Dec-25,DanubeH_Awareness_Bahrain-AR_STATIC_CrashSale_PROS_Dec25,Awareness,Native,Bahrain AR,Bahrain,7228,38,0.53%,2.79,2591,45.54,1.2,,,,,,,,,91.59%
31-Dec-25,DanubeH_Awareness_Dubai_HTML_CrashSale_PROS_Dec25,Awareness,HTML - Product Scrolling,Dubai,United Arab Emirates,26286,172,0.65%,3.14,8371,184,1.07,,,,,,,,,90.43%
31-Dec-25,DanubeH_Awareness_Abu DhabiDhabi_HTML_CrashSale_PROS_Dec25,Awareness,HTML - Product Scrolling,Abu Dhabi,United Arab Emirates,15482,106,0.68%,3.51,4411,106.83,1.01,,,,,,,,,89.16%
31-Dec-25,DanubeH_Awareness_Sharjah_HTML_CrashSale_PROS_Dec25,Awareness,HTML - Product Scrolling,Sharjah,United Arab Emirates,8083,46,0.57%,3.14,2574,55.61,1.21,,,,,,,,,91.82%
31-Dec-25,DanubeH_Awareness_RAK_HTML_CrashSale_PROS_Dec25,Awareness,HTML - Product Scrolling,Ras Al Khaimah,United Arab Emirates,23603,179,0.76%,3.05,7739,162.86,0.91,,,,,,,,,90.22%
31-Dec-25,DanubeH_Awareness_FUJ_HTML_CrashSale_PROS_Dec25,Awareness,HTML - Product Scrolling,Fujairah,United Arab Emirates,10967,81,0.74%,2.71,4047,75.67,0.93,,,,,,,,,90.34%
31-Dec-25,DanubeH_Awareness_UAQ_HTML_CrashSale_PROS_Dec25,Awareness,HTML - Product Scrolling,Umm Al Quwain,United Arab Emirates,16275,90,0.55%,2.68,6073,112.3,1.25,,,,,,,,,89.54%
31-Dec-25,DanubeH_Awareness_Ajman_HTML_CrashSale_PROS_Dec25,Awareness,HTML - Product Scrolling,Ajman,United Arab Emirates,8211,70,0.85%,3.08,2666,56.66,0.81,,,,,,,,,89.72%
31-Dec-25,DanubeH_Awareness_Muscat_HTML_CrashSale_PROS_Dec25,Awareness,HTML - Product Scrolling,Muscat,Oman,57904,307,0.53%,2.77,20904,382.17,1.24,,,,,,,,,90.53%
31-Dec-25,DanubeH_Awareness_Rest Of Oman_HTML_CrashSale_PROS_Dec25,Awareness,HTML - Product Scrolling,Rest Of Oman,Oman,6088,36,0.59%,2.34,2602,38.35,1.07,,,,,,,,,90.00%
31-Dec-25,DanubeH_Awareness_Bahrain-EN_HTML_CrashSale_PROS_Dec25,Awareness,HTML - Product Scrolling,Bahrain EN,Bahrain,12156,90,0.74%,2.92,4163,76.58,0.85,,,,,,,,,89.04%
31-Dec-25,DanubeH_Awareness_Bahrain-AR_HTML_CrashSale_PROS_Dec25,Awareness,HTML - Product Scrolling,Bahrain AR,Bahrain,15896,91,0.57%,2.79,5697,100.14,1.1,,,,,,,,,89.65%
31-Dec-25,DanubeH_Awareness_Dubai_HTML_CrashSale_PROS_Dec25,Awareness,HTML - Two Products,Dubai,United Arab Emirates,22391,152,0.68%,3.14,7131,156.74,1.03,,,,,,,,,89.22%
31-Dec-25,DanubeH_Awareness_Abu DhabiDhabi_HTML_CrashSale_PROS_Dec25,Awareness,HTML - Two Products,Abu Dhabi,United Arab Emirates,13187,93,0.71%,3.51,3757,90.99,0.98,,,,,,,,,89.06%
31-Dec-25,DanubeH_Awareness_Sharjah_HTML_CrashSale_PROS_Dec25,Awareness,HTML - Two Products,Sharjah,United Arab Emirates,6885,41,0.60%,3.14,2193,47.37,1.16,,,,,,,,,91.85%
31-Dec-25,DanubeH_Awareness_RAK_HTML_CrashSale_PROS_Dec25,Awareness,HTML - Two Products,Ras Al Khaimah,United Arab Emirates,20105,157,0.78%,3.05,6592,138.72,0.88,,,,,,,,,89.07%
31-Dec-25,DanubeH_Awareness_FUJ_HTML_CrashSale_PROS_Dec25,Awareness,HTML - Two Products,Fujairah,United Arab Emirates,9342,71,0.76%,2.71,3447,64.46,0.91,,,,,,,,,91.61%
31-Dec-25,DanubeH_Awareness_UAQ_HTML_CrashSale_PROS_Dec25,Awareness,HTML - Two Products,Umm Al Quwain,United Arab Emirates,13863,79,0.57%,2.68,5173,95.65,1.21,,,,,,,,,89.26%
31-Dec-25,DanubeH_Awareness_Ajman_HTML_CrashSale_PROS_Dec25,Awareness,HTML - Two Products,Ajman,United Arab Emirates,6994,61,0.87%,3.08,2271,48.26,0.79,,,,,,,,,89.54%
31-Dec-25,DanubeH_Awareness_Muscat_HTML_CrashSale_PROS_Dec25,Awareness,HTML - Two Products,Muscat,Oman,49323,269,0.55%,2.77,17806,325.53,1.21,,,,,,,,,90.11%
31-Dec-25,DanubeH_Awareness_Rest Of Oman_HTML_CrashSale_PROS_Dec25,Awareness,HTML - Two Products,Rest Of Oman,Oman,5186,31,0.60%,2.34,2216,32.67,1.05,,,,,,,,,90.75%
31-Dec-25,DanubeH_Awareness_Bahrain-EN_HTML_CrashSale_PROS_Dec25,Awareness,HTML - Two Products,Bahrain EN,Bahrain,10355,79,0.76%,2.92,3546,65.24,0.83,,,,,,,,,89.22%
31-Dec-25,DanubeH_Awareness_Bahrain-AR_HTML_CrashSale_PROS_Dec25,Awareness,HTML - Two Products,Bahrain AR,Bahrain,13541,80,0.59%,2.79,4853,85.31,1.07,,,,,,,,,89.70%
22-Jan-26,DanubeH_Awareness_Dubai_STATIC_Ramadan_PROS_Jan26,Awareness,Display,Dubai,United Arab Emirates,4036,22,0.55%,2.84,1421,27.85,1.27,6.9,,,,,,,,91.10%
22-Jan-26,DanubeH_Awareness_Abu DhabiDhabi_STATIC_Ramadan_PROS_Jan26,Awareness,Display,Abu Dhabi,United Arab Emirates,21835,131,0.60%,2.91,7501,150.66,1.15,6.9,,,,,,,,89.85%
22-Jan-26,DanubeH_Awareness_Rest Of United Arab Emirates_STATIC_Ramadan_PROS_Jan26,Awareness,Display,Rest Of United Arab Emirates,United Arab Emirates,"4,246",21,0.49%,2.83,1500,29.3,1.4,6.9,,,,,,,,91.29%
22-Jan-26,DanubeH_Awareness_Dubai_STATIC_Ramadan_PROS_Jan26,Awareness,Native,Dubai,United Arab Emirates,6998,42,0.60%,2.84,2463,48.29,1.15,6.9,,,,,,,,90.83%
22-Jan-26,DanubeH_Awareness_Abu DhabiDhabi_STATIC_Ramadan_PROS_Jan26,Awareness,Native,Abu Dhabi,United Arab Emirates,37857,257,0.68%,2.91,13005,261.21,1.02,6.9,,,,,,,,90.42%
22-Jan-26,DanubeH_Awareness_Rest Of United Arab Emirates_STATIC_Ramadan_PROS_Jan26,Awareness,Native,Rest Of United Arab Emirates,United Arab Emirates,"7,361",44,0.60%,2.83,2600,50.79,1.15,6.9,,,,,,,,89.01%
23-Jan-26,DanubeH_Awareness_Dubai_STATIC_Ramadan_PROS_Jan26,Awareness,Display,Dubai,United Arab Emirates,9315,58,0.62%,2.84,3284,64.27,1.11,6.9,,,,,,,,89.35%
23-Jan-26,DanubeH_Awareness_Abu DhabiDhabi_STATIC_Ramadan_PROS_Jan26,Awareness,Display,Abu Dhabi,United Arab Emirates,14250,94,0.66%,2.91,4903,98.33,1.05,6.9,,,,,,,,90.56%
23-Jan-26,DanubeH_Awareness_Rest Of United Arab Emirates_STATIC_Ramadan_PROS_Jan26,Awareness,Display,Rest Of United Arab Emirates,United Arab Emirates,"12,633",95,0.75%,2.83,4470,87.17,0.92,6.9,,,,,,,,89.43%
23-Jan-26,DanubeH_Awareness_Dubai_STATIC_Ramadan_PROS_Jan26,Awareness,Native,Dubai,United Arab Emirates,20151,121,0.60%,2.84,7105,139.04,1.15,6.9,,,,,,,,90.34%
23-Jan-26,DanubeH_Awareness_Abu DhabiDhabi_STATIC_Ramadan_PROS_Jan26,Awareness,Native,Abu Dhabi,United Arab Emirates,30827,199,0.65%,2.91,10606,212.71,1.07,6.9,,,,,,,,89.68%
23-Jan-26,DanubeH_Awareness_Rest Of United Arab Emirates_STATIC_Ramadan_PROS_Jan26,Awareness,Native,Rest Of United Arab Emirates,United Arab Emirates,"27,331",201,0.74%,2.83,9670,188.58,0.94,6.9,,,,,,,,91.56%
24-Jan-26,DanubeH_Awareness_Dubai_STATIC_Ramadan_PROS_Jan26,Awareness,Display,Dubai,United Arab Emirates,6322,40,0.63%,2.84,2224,43.62,1.09,6.9,,,,,,,,91.04%
24-Jan-26,DanubeH_Awareness_Abu DhabiDhabi_STATIC_Ramadan_PROS_Jan26,Awareness,Display,Abu Dhabi,United Arab Emirates,8104,56,0.69%,2.91,2782,55.92,1,6.9,,,,,,,,90.68%
24-Jan-26,DanubeH_Awareness_Rest Of United Arab Emirates_STATIC_Ramadan_PROS_Jan26,Awareness,Display,Rest Of United Arab Emirates,United Arab Emirates,"4,754",34,0.72%,2.83,1677,32.8,0.96,6.9,,,,,,,,89.45%
24-Jan-26,DanubeH_Awareness_Dubai_STATIC_Ramadan_PROS_Jan26,Awareness,Native,Dubai,United Arab Emirates,7395,43,0.58%,2.84,2601,51.03,1.19,6.9,,,,,,,,89.64%
24-Jan-26,DanubeH_Awareness_Abu DhabiDhabi_STATIC_Ramadan_PROS_Jan26,Awareness,Native,Abu Dhabi,United Arab Emirates,9479,60,0.63%,2.91,3254,65.41,1.09,6.9,,,,,,,,89.83%
24-Jan-26,DanubeH_Awareness_Rest Of United Arab Emirates_STATIC_Ramadan_PROS_Jan26,Awareness,Native,Rest Of United Arab Emirates,United Arab Emirates,"5,561",36,0.65%,2.83,1962,38.37,1.07,6.9,,,,,,,,89.03%
24-Jan-26,DanubeH_Awareness_Dubai_HTML-Slider_Ramadan_PROS_Jan26,Awareness,HTML-Slider,Dubai,United Arab Emirates,43061,276,0.64%,2.84,15144,297.12,1.08,6.9,,,,,,,,90.27%
24-Jan-26,DanubeH_Awareness_Abu DhabiDhabi_HTML-Slider_Ramadan_PROS_Jan26,Awareness,HTML-Slider,Abu Dhabi,United Arab Emirates,55193,385,0.70%,2.91,18944,380.83,0.99,6.9,,,,,,,,90.92%
24-Jan-26,DanubeH_Awareness_Rest Of United Arab Emirates_HTML-Slider_Ramadan_PROS_Jan26,Awareness,HTML-Slider,Rest Of United Arab Emirates,United Arab Emirates,"32,378",225,0.69%,2.83,11428,223.41,0.99,6.9,,,,,,,,90.63%
24-Jan-26,DanubeH_Awareness_Dubai_HTML-ProductCollect_Ramadan_PROS_Jan26,Awareness,HTML-Collect,Dubai,United Arab Emirates,40098,235,0.59%,2.84,14102,276.68,1.18,6.9,,,,,,,,89.08%
24-Jan-26,DanubeH_Awareness_Abu DhabiDhabi_HTML-ProductCollect_Ramadan_PROS_Jan26,Awareness,HTML-Collect,Abu Dhabi,United Arab Emirates,51394,328,0.64%,2.91,17641,354.62,1.08,6.9,,,,,,,,91.61%
24-Jan-26,DanubeH_Awareness_Rest Of United Arab Emirates_HTML-ProductCollect_Ramadan_PROS_Jan26,Awareness,HTML-Collect,Rest Of United Arab Emirates,United Arab Emirates,"30,149",192,0.64%,2.83,10641,208.03,1.08,6.9,,,,,,,,90.20%
25-Jan-26,DanubeH_Awareness_Dubai_STATIC_Ramadan_PROS_Jan26,Awareness,Display,Dubai,United Arab Emirates,10605,33,0.31%,2.82,3761,73.17,2.22,6.9,,,,,,,,90.15%
25-Jan-26,DanubeH_Awareness_Abu DhabiDhabi_STATIC_Ramadan_PROS_Jan26,Awareness,Display,Abu Dhabi,United Arab Emirates,9287,30,0.32%,2.93,3170,64.08,2.14,6.9,,,,,,,,89.69%
25-Jan-26,DanubeH_Awareness_Rest Of United Arab Emirates_STATIC_Ramadan_PROS_Jan26,Awareness,Display,Rest Of United Arab Emirates,United Arab Emirates,"7,108",20,0.28%,3.03,"2,347",49.05,2.45,6.9,,,,,,,,90.90%
25-Jan-26,DanubeH_Awareness_Dubai_STATIC_Ramadan_PROS_Jan26,Awareness,Native,Dubai,United Arab Emirates,10211,39,0.38%,2.82,3622,70.46,1.81,6.9,,,,,,,,90.88%
25-Jan-26,DanubeH_Awareness_Abu DhabiDhabi_STATIC_Ramadan_PROS_Jan26,Awareness,Native,Abu Dhabi,United Arab Emirates,8942,36,0.40%,2.93,3052,61.7,1.71,6.9,,,,,,,,91.90%
25-Jan-26,DanubeH_Awareness_Rest Of United Arab Emirates_STATIC_Ramadan_PROS_Jan26,Awareness,Native,Rest Of United Arab Emirates,United Arab Emirates,"6,843",23,0.34%,3.03,"2,259",47.22,2.05,6.9,,,,,,,,89.89%
25-Jan-26,DanubeH_Awareness_Dubai_HTML-Slider_Ramadan_PROS_Jan26,Awareness,HTML-Slider,Dubai,United Arab Emirates,131320,861,0.66%,2.82,46579,906.11,1.05,6.9,,,,,,,,90.21%
25-Jan-26,DanubeH_Awareness_Abu DhabiDhabi_HTML-Slider_Ramadan_PROS_Jan26,Awareness,HTML-Slider,Abu Dhabi,United Arab Emirates,115005,787,0.68%,2.93,39254,793.53,1.01,6.9,,,,,,,,89.62%
25-Jan-26,DanubeH_Awareness_Rest Of United Arab Emirates_HTML-Slider_Ramadan_PROS_Jan26,Awareness,HTML-Slider,Rest Of United Arab Emirates,United Arab Emirates,"88,013",495,0.56%,3.03,"29,060",607.29,1.23,6.9,,,,,,,,89.71%
25-Jan-26,DanubeH_Awareness_Dubai_HTML-ProductCollect_Ramadan_PROS_Jan26,Awareness,HTML-Collect,Dubai,United Arab Emirates,42923,253,0.59%,2.88,14884,296.17,1.17,6.9,,,,,,,,89.76%
25-Jan-26,DanubeH_Awareness_Abu DhabiDhabi_HTML-ProductCollect_Ramadan_PROS_Jan26,Awareness,HTML-Collect,Abu Dhabi,United Arab Emirates,39225,213,0.54%,3.13,12543,270.65,1.27,6.9,,,,,,,,90.60%
25-Jan-26,DanubeH_Awareness_Rest Of United Arab Emirates_HTML-ProductCollect_Ramadan_PROS_Jan26,Awareness,HTML-Collect,Rest Of United Arab Emirates,United Arab Emirates,"24,688",157,0.64%,2.66,"9,286",170.35,1.09,6.9,,,,,,,,90.89%
27-Jan-26,DanubeH_Awareness_Dubai_STATIC_Ramadan_SFF_PROS_Jan26,Awareness,Display,Dubai,United Arab Emirates,28221,170,0.60%,2.75,10259,194.72,1.15,6.9,,,,,,,,91.88%
27-Jan-26,DanubeH_Awareness_Abu DhabiDhabi_STATIC_Ramadan_SFF_PROS_Jan26,Awareness,Display,Abu Dhabi,United Arab Emirates,41685,279,0.67%,2.83,14726,287.63,1.03,6.9,,,,,,,,89.93%
27-Jan-26,DanubeH_Awareness_Rest Of United Arab Emirates_STATIC_Ramadan_SFF_PROS_Jan26,Awareness,Display,Rest Of United Arab Emirates,United Arab Emirates,29031,184,0.63%,2.69,10790,200.31,1.09,6.9,,,,,,,,91.94%
27-Jan-26,DanubeH_Awareness_Bahrain_EN_STATIC_Ramadan_SAF_PROS_Jan26,Awareness,Display,Bahrain EN,United Arab Emirates,15416,102,0.66%,2.84,5427,97.12,0.95,6.3,,,,,,,,91.35%
27-Jan-26,DanubeH_Awareness_Bahrain_AR_STATIC_Ramadan_SAF_PROS_Jan26,Awareness,Display,Bahrain AR,United Arab Emirates,"17,437",104,0.60%,2.81,"6,204",109.85,1.06,6.3,,,,,,,,91.40%
27-Jan-26,DanubeH_Awareness_Dubai_STATIC_Ramadan_SFF_PROS_Jan26,Awareness,Native,Dubai,United Arab Emirates,59123,389,0.66%,2.75,21494,407.95,1.05,6.9,,,,,,,,91.42%
27-Jan-26,DanubeH_Awareness_Abu DhabiDhabi_STATIC_Ramadan_SFF_PROS_Jan26,Awareness,Native,Abu Dhabi,United Arab Emirates,87329,637,0.73%,2.83,30851,602.57,0.95,6.9,,,,,,,,89.48%
27-Jan-26,DanubeH_Awareness_Rest Of United Arab Emirates_STATIC_Ramadan_SFF_PROS_Jan26,Awareness,Native,Rest Of United Arab Emirates,United Arab Emirates,60820,418,0.69%,2.69,22604,419.66,1,6.9,,,,,,,,91.76%
27-Jan-26,DanubeH_Awareness_Bahrain_EN_STATIC_Ramadan_SAF_PROS_Jan26,Awareness,Native,Bahrain EN,United Arab Emirates,32298,232,0.72%,2.84,11370,203.48,0.88,6.3,,,,,,,,90.63%
27-Jan-26,DanubeH_Awareness_Bahrain_AR_STATIC_Ramadan_SAF_PROS_Jan26,Awareness,Native,Bahrain AR,United Arab Emirates,"36,531",236,0.65%,2.81,"12,998",230.15,0.98,6.3,,,,,,,,91.39%
28-Jan-26,DanubeH_Awareness_Dubai_STATIC_Ramadan_SFF_PROS_Jan26,Awareness,Display,Dubai,United Arab Emirates,57259,397,0.69%,2.71,21145,395.09,1,6.9,,,,,,,,89.82%
28-Jan-26,DanubeH_Awareness_Abu DhabiDhabi_STATIC_Ramadan_SFF_PROS_Jan26,Awareness,Display,Abu Dhabi,United Arab Emirates,103459,743,0.72%,2.85,36355,713.87,0.96,6.9,,,,,,,,89.32%
28-Jan-26,DanubeH_Awareness_Rest Of United Arab Emirates_STATIC_Ramadan_SFF_PROS_Jan26,Awareness,Display,Rest Of United Arab Emirates,United Arab Emirates,150052,944,0.63%,2.62,57303,1035.36,1.1,6.9,,,,,,,,90.66%
28-Jan-26,DanubeH_Awareness_Bahrain_EN_STATIC_Ramadan_SAF_PROS_Jan26,Awareness,Display,Bahrain EN,United Arab Emirates,15482,106,0.68%,2.79,5554,97.54,0.92,6.3,,,,,,,,90.12%
28-Jan-26,DanubeH_Awareness_Bahrain_AR_STATIC_Ramadan_SAF_PROS_Jan26,Awareness,Display,Bahrain AR,United Arab Emirates,"24,529",143,0.58%,2.85,"8,607",154.53,1.08,6.3,,,,,,,,89.39%
28-Jan-26,DanubeH_Awareness_Muscat_STATIC_Ramadan_Fullback_PROS_Jan26,Awareness,Display,Muscat,United Arab Emirates,"62,105",401,0.65%,2.75,"22,584",391.26,0.98,6.3,,,,,,,,90.25%
28-Jan-26,DanubeH_Awareness_Rest Of Oman_STATIC_Ramadan_Fullback_PROS_Jan26,Awareness,Display,Rest Of Oman,United Arab Emirates,"28,973",179,0.62%,2.75,"10,536",182.53,1.02,6.3,,,,,,,,90.55%
28-Jan-26,DanubeH_Awareness_Dubai_STATIC_Ramadan_SFF_PROS_Jan26,Awareness,Native,Dubai,United Arab Emirates,66350,453,0.68%,2.71,24503,457.82,1.01,6.9,,,,,,,,90.34%
28-Jan-26,DanubeH_Awareness_Abu DhabiDhabi_STATIC_Ramadan_SFF_PROS_Jan26,Awareness,Native,Abu Dhabi,United Arab Emirates,119887,848,0.71%,2.85,42127,827.22,0.98,6.9,,,,,,,,90.12%
28-Jan-26,DanubeH_Awareness_Rest Of United Arab Emirates_STATIC_Ramadan_SFF_PROS_Jan26,Awareness,Native,Rest Of United Arab Emirates,United Arab Emirates,173878,1078,0.62%,2.62,66401,1199.76,1.11,6.9,,,,,,,,89.40%
28-Jan-26,DanubeH_Awareness_Bahrain_EN_STATIC_Ramadan_SAF_PROS_Jan26,Awareness,Native,Bahrain EN,United Arab Emirates,17940,122,0.68%,2.79,6436,113.02,0.93,6.3,,,,,,,,90.93%
28-Jan-26,DanubeH_Awareness_Bahrain_AR_STATIC_Ramadan_SAF_PROS_Jan26,Awareness,Native,Bahrain AR,United Arab Emirates,"28,425",164,0.58%,2.85,"9,974",179.08,1.09,6.3,,,,,,,,89.41%
28-Jan-26,DanubeH_Awareness_Muscat_STATIC_Ramadan_Fullback_PROS_Jan26,Awareness,Native,Muscat,United Arab Emirates,127298,868,0.68%,2.67,47677,801.98,0.92,6.3,,,,,,,,90.97%
28-Jan-26,DanubeH_Awareness_Rest Of Oman_STATIC_Ramadan_Fullback_PROS_Jan26,Awareness,Native,Rest Of Oman,United Arab Emirates,54308,354,0.65%,2.67,20340,342.14,0.97,6.3,,,,,,,,91.88%
28-Jan-26,DanubeH_Awareness_Dubai_HTML_Vertical_Ramadan_SFF_PROS_Jan26,Awareness,HTML-Vertical,Dubai,United Arab Emirates,29380,204,0.69%,2.71,10850,202.72,0.99,6.9,,,,,,,,91.80%
28-Jan-26,DanubeH_Awareness_Abu DhabiDhabi_HTML_Vertical_Ramadan_SFF_PROS_Jan26,Awareness,HTML-Vertical,Abu Dhabi,United Arab Emirates,53086,382,0.72%,2.85,18654,366.29,0.96,6.9,,,,,,,,90.47%
28-Jan-26,DanubeH_Awareness_Rest Of United Arab Emirates_HTML_Vertical_Ramadan_SFF_PROS_Jan26,Awareness,HTML-Vertical,Rest Of United Arab Emirates,United Arab Emirates,76993,485,0.63%,2.62,29402,531.25,1.1,6.9,,,,,,,,90.76%
28-Jan-26,DanubeH_Awareness_Bahrain_EN_HTML_Vertical_Ramadan_SAF_PROS_Jan26,Awareness,HTML-Vertical,Bahrain EN,United Arab Emirates,7944,55,0.69%,2.79,2850,50.05,0.91,6.3,,,,,,,,89.03%
28-Jan-26,DanubeH_Awareness_Bahrain_AR_HTML_Vertical_Ramadan_SAF_PROS_Jan26,Awareness,HTML-Vertical,Bahrain AR,United Arab Emirates,"12,586",74,0.59%,2.85,"4,416",79.29,1.07,6.3,,,,,,,,90.41%
28-Jan-26,DanubeH_Awareness_Dubai_HTML_ProductCollect_Ramadan_SFF_PROS_Jan26,Awareness,HTML-ProductCollect,Dubai,United Arab Emirates,17876,117,0.65%,2.71,6601,123.34,1.05,6.9,,,,,,,,89.70%
28-Jan-26,DanubeH_Awareness_Abu DhabiDhabi_HTMLProductCollect_Ramadan_SFF_PROS_Jan26,Awareness,HTML-ProductCollect,Abu Dhabi,United Arab Emirates,32300,219,0.68%,2.85,11350,222.87,1.02,6.9,,,,,,,,89.69%
28-Jan-26,DanubeH_Awareness_Rest Of United Arab Emirates_HTML_ProductCollect_Ramadan_SFF_PROS_Jan26,Awareness,HTML-ProductCollect,Rest Of United Arab Emirates,United Arab Emirates,46846,278,0.59%,2.62,17890,323.24,1.16,6.9,,,,,,,,91.91%
28-Jan-26,DanubeH_Awareness_Bahrain_EN_HTML_ProductCollect_Ramadan_SAF_PROS_Jan26,Awareness,HTML-ProductCollect,Bahrain EN,United Arab Emirates,4833,31,0.64%,2.79,1734,30.45,0.98,6.3,,,,,,,,90.34%
28-Jan-26,DanubeH_Awareness_Bahrain_AR_HTML_ProductCollect_Ramadan_SAF_PROS_Jan26,Awareness,HTML-ProductCollect,Bahrain AR,United Arab Emirates,"7,658",42,0.55%,2.85,"2,687",48.25,1.15,6.3,,,,,,,,91.60%
29-Jan-26,DanubeH_Awareness_Dubai_STATIC_Ramadan_SFF_PROS_Jan26,Awareness,Display,Dubai,United Arab Emirates,44933,251,0.56%,2.71,16580,310.04,1.24,6.9,,,,,,,,90.50%
29-Jan-26,DanubeH_Awareness_Abu DhabiDhabi_STATIC_Ramadan_SFF_PROS_Jan26,Awareness,Display,Abu Dhabi,United Arab Emirates,152100,921,0.61%,2.89,52719,1049.49,1.14,6.9,,,,,,,,90.01%
29-Jan-26,DanubeH_Awareness_Rest Of United Arab Emirates_STATIC_Ramadan_SFF_PROS_Jan26,Awareness,Display,Rest Of United Arab Emirates,United Arab Emirates,32902,199,0.60%,2.74,12028,227.02,1.14,6.9,,,,,,,,90.16%
29-Jan-26,DanubeH_Awareness_Bahrain_EN_STATIC_Ramadan_SAF_PROS_Jan26,Awareness,Display,Bahrain EN,United Arab Emirates,32146,194,0.60%,2.81,11456,202.52,1.04,6.3,,,,,,,,89.45%
29-Jan-26,DanubeH_Awareness_Bahrain_AR_STATIC_Ramadan_SAF_PROS_Jan26,Awareness,Display,Bahrain AR,United Arab Emirates,"31,160",172,0.55%,2.86,10888,196.31,1.14,6.3,,,,,,,,89.11%
29-Jan-26,DanubeH_Awareness_Muscat_STATIC_Ramadan_Fullback_PROS_Jan26,Awareness,Display,Muscat,United Arab Emirates,183089,1117,0.61%,2.65,69145,1153.46,1.03,6.3,,,,,,,,89.38%
29-Jan-26,DanubeH_Awareness_Rest Of Oman_STATIC_Ramadan_Fullback_PROS_Jan26,Awareness,Display,Rest Of Oman,United Arab Emirates,55705,312,0.56%,2.79,19950,350.94,1.12,6.3,,,,,,,,91.73%
29-Jan-26,DanubeH_Awareness_Dubai_STATIC_Ramadan_SFF_PROS_Jan26,Awareness,Native,Dubai,United Arab Emirates,20537,107,0.52%,2.71,7578,141.71,1.32,6.9,,,,,,,,90.03%
29-Jan-26,DanubeH_Awareness_Abu DhabiDhabi_STATIC_Ramadan_SFF_PROS_Jan26,Awareness,Native,Abu Dhabi,United Arab Emirates,69520,392,0.56%,2.89,24096,479.69,1.22,6.9,,,,,,,,89.23%
29-Jan-26,DanubeH_Awareness_Rest Of United Arab Emirates_STATIC_Ramadan_SFF_PROS_Jan26,Awareness,Native,Rest Of United Arab Emirates,United Arab Emirates,15038,85,0.57%,2.74,5497,103.76,1.22,6.9,,,,,,,,91.20%
29-Jan-26,DanubeH_Awareness_Bahrain_EN_STATIC_Ramadan_SAF_PROS_Jan26,Awareness,Native,Bahrain EN,United Arab Emirates,14693,82,0.56%,2.81,5236,92.57,1.13,6.3,,,,,,,,90.87%
29-Jan-26,DanubeH_Awareness_Bahrain_AR_STATIC_Ramadan_SAF_PROS_Jan26,Awareness,Native,Bahrain AR,United Arab Emirates,"14,241",73,0.51%,2.86,4978,89.72,1.23,6.3,,,,,,,,89.83%
29-Jan-26,DanubeH_Awareness_Muscat_STATIC_Ramadan_Fullback_PROS_Jan26,Awareness,Native,Muscat,United Arab Emirates,83684,475,0.57%,2.65,31604,527.21,1.11,6.3,,,,,,,,90.24%
29-Jan-26,DanubeH_Awareness_Rest Of Oman_STATIC_Ramadan_Fullback_PROS_Jan26,Awareness,Native,Rest Of Oman,United Arab Emirates,25461,133,0.52%,2.79,9118,160.4,1.21,6.3,,,,,,,,91.81%
29-Jan-26,DanubeH_Awareness_Dubai_HTML_Vertical_Ramadan_SFF_PROS_Jan26,Awareness,HTML-Vertical,Dubai,United Arab Emirates,82533,561,0.68%,2.71,30454,569.48,1.02,6.9,,,,,,,,91.65%
29-Jan-26,DanubeH_Awareness_Abu DhabiDhabi_HTML_Vertical_Ramadan_SFF_PROS_Jan26,Awareness,HTML-Vertical,Abu Dhabi,United Arab Emirates,279380,2060,0.74%,2.89,96835,1927.72,0.94,6.9,,,,,,,,89.97%
29-Jan-26,DanubeH_Awareness_Rest Of United Arab Emirates_HTML_Vertical_Ramadan_SFF_PROS_Jan26,Awareness,HTML-Vertical,Rest Of United Arab Emirates,United Arab Emirates,60435,444,0.73%,2.74,22093,417,0.94,6.9,,,,,,,,90.98%
29-Jan-26,DanubeH_Awareness_Muscat_HTML_Vertical_Ramadan_SFF_PROS_Jan26,Awareness,HTML-Vertical,Muscat,United Arab Emirates,336301,2496,0.74%,2.65,127007,2118.7,0.85,6.3,,,,,,,,89.53%
29-Jan-26,DanubeH_Awareness_Rest Of Oman_HTML_Vertical_Ramadan_SFF_PROS_Jan26,Awareness,HTML-Vertical,Rest Of Oman,United Arab Emirates,102320,698,0.68%,2.79,36644,644.62,0.92,6.3,,,,,,,,90.84%
29-Jan-26,DanubeH_Awareness_Bahrain_EN_HTML_Vertical_Ramadan_SAF_PROS_Jan26,Awareness,HTML-Vertical,Bahrain EN,United Arab Emirates,59047,433,0.73%,2.81,21042,372,0.86,6.3,,,,,,,,91.84%
29-Jan-26,DanubeH_Awareness_Bahrain_AR_HTML_Vertical_Ramadan_SAF_PROS_Jan26,Awareness,HTML-Vertical,Bahrain AR,United Arab Emirates,"57,233",385,0.67%,2.86,20001,360.57,0.94,6.3,,,,,,,,89.01%
29-Jan-26,DanubeH_Awareness_Dubai_HTML_ProductCollect_Ramadan_SFF_PROS_Jan26,Awareness,HTML-ProductCollect,Dubai,United Arab Emirates,60096,382,0.64%,2.71,22175,414.66,1.09,6.9,,,,,,,,89.87%
29-Jan-26,DanubeH_Awareness_Abu DhabiDhabi_HTML_ProductCollect_Ramadan_SFF_PROS_Jan26,Awareness,HTML-ProductCollect,Abu Dhabi,United Arab Emirates,203428,1400,0.69%,2.89,70510,1403.65,1,6.9,,,,,,,,91.89%
29-Jan-26,DanubeH_Awareness_Rest Of United Arab Emirates_HTML_ProductCollect_Ramadan_SFF_PROS_Jan26,Awareness,HTML-ProductCollect,Rest Of United Arab Emirates,United Arab Emirates,44005,302,0.69%,2.74,16087,303.63,1.01,6.9,,,,,,,,89.80%
29-Jan-26,DanubeH_Awareness_Muscat_HTML_ProductCollect_Ramadan_SFF_PROS_Jan26,Awareness,HTML-ProductCollect,Muscat,United Arab Emirates,244875,1697,0.69%,2.65,92479,1542.71,0.91,6.3,,,,,,,,89.50%
29-Jan-26,DanubeH_Awareness_Rest Of Oman_HTML_ProductCollect_Ramadan_SFF_PROS_Jan26,Awareness,HTML-ProductCollect,Rest Of Oman,United Arab Emirates,74503,474,0.64%,2.79,26682,469.37,0.99,6.3,,,,,,,,91.63%
29-Jan-26,DanubeH_Awareness_Bahrain_EN_HTML_ProductCollect_Ramadan_SAF_PROS_Jan26,Awareness,HTML-ProductCollect,Bahrain EN,United Arab Emirates,42995,294,0.68%,2.81,15322,270.87,0.92,6.3,,,,,,,,89.96%
29-Jan-26,DanubeH_Awareness_Bahrain_AR_HTML_ProductCollect_Ramadan_SAF_PROS_Jan26,Awareness,HTML-ProductCollect,Bahrain AR,United Arab Emirates,"41,675",262,0.63%,2.86,14563,262.55,1,6.3,,,,,,,,90.52%
30-Jan-26,DanubeH_Awareness_Dubai_STATIC_Ramadan_SFF_PROS_Jan26,Awareness,Display,Dubai,United Arab Emirates,15718,86,0.55%,2.72,5787,108.45,1.26,6.9,,,,,,,,90.00%
30-Jan-26,DanubeH_Awareness_Abu DhabiDhabi_STATIC_Ramadan_SFF_PROS_Jan26,Awareness,Display,Abu Dhabi,United Arab Emirates,83459,502,0.60%,2.89,28832,575.87,1.15,6.9,,,,,,,,90.13%
30-Jan-26,DanubeH_Awareness_Rest Of United Arab Emirates_STATIC_Ramadan_SFF_PROS_Jan26,Awareness,Display,Rest Of United Arab Emirates,United Arab Emirates,8829,51,0.58%,2.66,3324,60.92,1.19,6.9,,,,,,,,89.07%
30-Jan-26,DanubeH_Awareness_Bahrain_EN_STATIC_Ramadan_SAF_PROS_Jan26,Awareness,Display,Bahrain EN,United Arab Emirates,13483,83,0.62%,2.84,4746,84.94,1.02,6.3,,,,,,,,91.51%
30-Jan-26,DanubeH_Awareness_Bahrain_AR_STATIC_Ramadan_SAF_PROS_Jan26,Awareness,Display,Bahrain AR,United Arab Emirates,"32,377",180,0.56%,2.85,11376,203.98,1.13,6.3,,,,,,,,91.64%
30-Jan-26,DanubeH_Awareness_Muscat_STATIC_Ramadan_Fullback_PROS_Jan26,Awareness,Display,Muscat,United Arab Emirates,10107,63,0.62%,2.65,3820,63.67,1.01,6.3,,,,,,,,90.92%
30-Jan-26,DanubeH_Awareness_Rest Of Oman_STATIC_Ramadan_Fullback_PROS_Jan26,Awareness,Display,Rest Of Oman,United Arab Emirates,8085,46,0.57%,2.78,2913,50.94,1.11,6.3,,,,,,,,89.83%
30-Jan-26,DanubeH_Awareness_Dubai_STATIC_Ramadan_SFF_PROS_Jan26,Awareness,Native,Dubai,United Arab Emirates,17959,122,0.68%,2.72,6612,123.92,1.02,6.9,,,,,,,,89.57%
30-Jan-26,DanubeH_Awareness_Abu DhabiDhabi_STATIC_Ramadan_SFF_PROS_Jan26,Awareness,Native,Abu Dhabi,United Arab Emirates,95354,716,0.75%,2.89,32941,657.94,0.92,6.9,,,,,,,,91.96%
30-Jan-26,DanubeH_Awareness_Rest Of United Arab Emirates_STATIC_Ramadan_SFF_PROS_Jan26,Awareness,Native,Rest Of United Arab Emirates,United Arab Emirates,10087,73,0.72%,2.66,3798,69.6,0.95,6.9,,,,,,,,90.74%
30-Jan-26,DanubeH_Awareness_Bahrain_EN_STATIC_Ramadan_SAF_PROS_Jan26,Awareness,Native,Bahrain EN,United Arab Emirates,15405,119,0.77%,2.84,5423,97.05,0.82,6.3,,,,,,,,91.45%
30-Jan-26,DanubeH_Awareness_Bahrain_AR_STATIC_Ramadan_SAF_PROS_Jan26,Awareness,Native,Bahrain AR,United Arab Emirates,"36,990",257,0.69%,2.85,12997,233.04,0.91,6.3,,,,,,,,89.86%
30-Jan-26,DanubeH_Awareness_Muscat_STATIC_Ramadan_Fullback_PROS_Jan26,Awareness,Native,Muscat,United Arab Emirates,11548,89,0.77%,2.65,4364,72.75,0.82,6.3,,,,,,,,90.71%
30-Jan-26,DanubeH_Awareness_Rest Of Oman_STATIC_Ramadan_Fullback_PROS_Jan26,Awareness,Native,Rest Of Oman,United Arab Emirates,9237,66,0.71%,2.78,3328,58.19,0.88,6.3,,,,,,,,91.98%
30-Jan-26,DanubeH_Awareness_Dubai_HTML_Vertical_Ramadan_SFF_PROS_Jan26,Awareness,HTML-Vertical,Dubai,United Arab Emirates,34594,196,0.57%,2.72,12736,238.7,1.22,6.9,,,,,,,,90.20%
30-Jan-26,DanubeH_Awareness_Abu DhabiDhabi_HTML_Vertical_Ramadan_SFF_PROS_Jan26,Awareness,HTML-Vertical,Abu Dhabi,United Arab Emirates,183680,1151,0.63%,2.89,63455,1267.39,1.1,6.9,,,,,,,,91.66%
30-Jan-26,DanubeH_Awareness_Rest Of United Arab Emirates_HTML_Vertical_Ramadan_SFF_PROS_Jan26,Awareness,HTML-Vertical,Rest Of United Arab Emirates,United Arab Emirates,19431,118,0.61%,2.66,7316,134.07,1.14,6.9,,,,,,,,90.98%
30-Jan-26,DanubeH_Awareness_Muscat_HTML_Vertical_Ramadan_SFF_PROS_Jan26,Awareness,HTML-Vertical,Muscat,United Arab Emirates,22244,143,0.64%,2.65,8406,140.14,0.98,6.3,,,,,,,,89.60%
30-Jan-26,DanubeH_Awareness_Rest Of Oman_HTML_Vertical_Ramadan_SFF_PROS_Jan26,Awareness,HTML-Vertical,Rest Of Oman,United Arab Emirates,17794,106,0.60%,2.78,6410,112.1,1.06,6.3,,,,,,,,90.67%
30-Jan-26,DanubeH_Awareness_Bahrain_EN_HTML_Vertical_Ramadan_SAF_PROS_Jan26,Awareness,HTML-Vertical,Bahrain EN,United Arab Emirates,29674,191,0.64%,2.84,10446,186.95,0.98,6.3,,,,,,,,91.08%
30-Jan-26,DanubeH_Awareness_Bahrain_AR_HTML_Vertical_Ramadan_SAF_PROS_Jan26,Awareness,HTML-Vertical,Bahrain AR,United Arab Emirates,"71,255",412,0.58%,2.85,25037,448.91,1.09,6.3,,,,,,,,91.62%
30-Jan-26,DanubeH_Awareness_Dubai_HTML_ProductCollect_Ramadan_SFF_PROS_Jan26,Awareness,HTML-ProductCollect,Dubai,United Arab Emirates,47452,290,0.61%,2.72,17470,327.42,1.13,6.9,,,,,,,,90.64%
30-Jan-26,DanubeH_Awareness_Abu DhabiDhabi_HTML_ProductCollect_Ramadan_SFF_PROS_Jan26,Awareness,HTML-ProductCollect,Abu Dhabi,United Arab Emirates,251952,1695,0.67%,2.89,87041,1738.47,1.03,6.9,,,,,,,,91.45%
30-Jan-26,DanubeH_Awareness_Rest Of United Arab Emirates_HTML_ProductCollect_Ramadan_SFF_PROS_Jan26,Awareness,HTML-ProductCollect,Rest Of United Arab Emirates,United Arab Emirates,26653,174,0.65%,2.66,10035,183.91,1.06,6.9,,,,,,,,89.28%
30-Jan-26,DanubeH_Awareness_Muscat_HTML_ProductCollect_Ramadan_SFF_PROS_Jan26,Awareness,HTML-ProductCollect,Muscat,United Arab Emirates,30513,211,0.69%,2.65,11531,192.23,0.91,6.3,,,,,,,,91.11%
30-Jan-26,DanubeH_Awareness_Rest Of Oman_HTML_ProductCollect_Ramadan_SFF_PROS_Jan26,Awareness,HTML-ProductCollect,Rest Of Oman,United Arab Emirates,24408,156,0.64%,2.78,8792,153.77,0.99,6.3,,,,,,,,89.39%
30-Jan-26,DanubeH_Awareness_Bahrain_EN_HTML_ProductCollect_Ramadan_SAF_PROS_Jan26,Awareness,HTML-ProductCollect,Bahrain EN,United Arab Emirates,40703,282,0.69%,2.84,14329,256.43,0.91,6.3,,,,,,,,90.13%
30-Jan-26,DanubeH_Awareness_Bahrain_AR_HTML_ProductCollect_Ramadan_SAF_PROS_Jan26,Awareness,HTML-ProductCollect,Bahrain AR,United Arab Emirates,"97,739",606,0.62%,2.85,34343,615.76,1.02,6.3,,,,,,,,91.97%
31-Jan-26,DanubeH_Awareness_Dubai_STATIC_Ramadan_SFF_PROS_Jan26,Awareness,Display,Dubai,United Arab Emirates,37476,135,0.36%,2.66,14074,258.58,1.92,6.9,,,,,,,,89.58%
31-Jan-26,DanubeH_Awareness_Abu DhabiDhabi_STATIC_Ramadan_SFF_PROS_Jan26,Awareness,Display,Abu Dhabi,United Arab Emirates,111348,427,0.38%,2.74,40687,768.3,1.8,6.9,,,,,,,,89.97%
31-Jan-26,DanubeH_Awareness_Rest Of United Arab Emirates_STATIC_Ramadan_SFF_PROS_Jan26,Awareness,Display,Rest Of United Arab Emirates,United Arab Emirates,26298,88,0.33%,2.82,9333,181.46,2.06,6.9,,,,,,,,89.69%
31-Jan-26,DanubeH_Awareness_Bahrain_EN_STATIC_Ramadan_SAF_PROS_Jan26,Awareness,Display,Bahrain EN,United Arab Emirates,5600,13,0.23%,2.94,1904,35.28,2.71,6.3,,,,,,,,90.76%
31-Jan-26,DanubeH_Awareness_Bahrain_AR_STATIC_Ramadan_SAF_PROS_Jan26,Awareness,Display,Bahrain AR,United Arab Emirates,"21,649",66,0.30%,2.77,7805,136.39,2.07,6.3,,,,,,,,91.83%
31-Jan-26,DanubeH_Awareness_Muscat_STATIC_Ramadan_Fullback_PROS_Jan26,Awareness,Display,Muscat,United Arab Emirates,11875,25,0.21%,5.20,2283,74.81,2.99,6.3,,,,,,,,91.50%
31-Jan-26,DanubeH_Awareness_Rest Of Oman_STATIC_Ramadan_Fullback_PROS_Jan26,Awareness,Display,Rest Of Oman,United Arab Emirates,2064,3,0.15%,5.91,349,13,4.33,6.3,,,,,,,,91.44%
31-Jan-26,DanubeH_Awareness_Dubai_STATIC_Ramadan_SFF_PROS_Jan26,Awareness,Native,Dubai,United Arab Emirates,77360,447,0.58%,2.66,29053,533.78,1.19,6.9,,,,,,,,91.91%
31-Jan-26,DanubeH_Awareness_Abu DhabiDhabi_STATIC_Ramadan_SFF_PROS_Jan26,Awareness,Native,Abu Dhabi,United Arab Emirates,229850,1417,0.62%,2.74,83989,1585.97,1.12,6.9,,,,,,,,90.51%
31-Jan-26,DanubeH_Awareness_Rest Of United Arab Emirates_STATIC_Ramadan_SFF_PROS_Jan26,Awareness,Native,Rest Of United Arab Emirates,United Arab Emirates,54286,292,0.54%,2.82,19265,374.57,1.28,6.9,,,,,,,,89.12%
31-Jan-26,DanubeH_Awareness_Bahrain_EN_STATIC_Ramadan_SAF_PROS_Jan26,Awareness,Native,Bahrain EN,United Arab Emirates,11561,44,0.38%,2.94,3931,72.83,1.66,6.3,,,,,,,,90.89%
31-Jan-26,DanubeH_Awareness_Bahrain_AR_STATIC_Ramadan_SAF_PROS_Jan26,Awareness,Native,Bahrain AR,United Arab Emirates,"44,688",222,0.50%,2.77,16110,281.53,1.27,6.3,,,,,,,,90.82%
31-Jan-26,DanubeH_Awareness_Muscat_STATIC_Ramadan_Fullback_PROS_Jan26,Awareness,Native,Muscat,United Arab Emirates,24513,82,0.33%,5.20,4713,154.43,1.88,6.3,,,,,,,,91.81%
31-Jan-26,DanubeH_Awareness_Rest Of Oman_STATIC_Ramadan_Fullback_PROS_Jan26,Awareness,Native,Rest Of Oman,United Arab Emirates,4261,10,0.23%,5.92,720,26.84,2.68,6.3,,,,,,,,89.81%
31-Jan-26,DanubeH_Awareness_Dubai_HTML_Vertical_Ramadan_SFF_PROS_Jan26,Awareness,HTML-Vertical,Dubai,United Arab Emirates,332594,2162,0.65%,2.66,124908,2294.9,1.06,6.9,,,,,,,,91.12%
31-Jan-26,DanubeH_Awareness_Abu DhabiDhabi_HTML_Vertical_Ramadan_SFF_PROS_Jan26,Awareness,HTML-Vertical,Abu Dhabi,United Arab Emirates,988187,6847,0.69%,2.74,361091,6818.49,1,6.9,,,,,,,,91.15%
31-Jan-26,DanubeH_Awareness_Rest Of United Arab Emirates_HTML_Vertical_Ramadan_SFF_PROS_Jan26,Awareness,HTML-Vertical,Rest Of United Arab Emirates,United Arab Emirates,233393,1408,0.60%,2.82,82827,1610.41,1.14,6.9,,,,,,,,91.49%
31-Jan-26,DanubeH_Awareness_Muscat_HTML_Vertical_Ramadan_SFF_PROS_Jan26,Awareness,HTML-Vertical,Muscat,United Arab Emirates,105390,397,0.38%,5.20,20260,663.96,1.67,6.3,,,,,,,,90.87%
31-Jan-26,DanubeH_Awareness_Rest Of Oman_HTML_Vertical_Ramadan_SFF_PROS_Jan26,Awareness,HTML-Vertical,Rest Of Oman,United Arab Emirates,18318,50,0.27%,5.92,3095,115.4,2.31,6.3,,,,,,,,89.90%
31-Jan-26,DanubeH_Awareness_Bahrain_EN_HTML_Vertical_Ramadan_SAF_PROS_Jan26,Awareness,HTML-Vertical,Bahrain EN,United Arab Emirates,49702,215,0.43%,2.94,16902,313.12,1.46,6.3,,,,,,,,90.99%
31-Jan-26,DanubeH_Awareness_Bahrain_AR_HTML_Vertical_Ramadan_SAF_PROS_Jan26,Awareness,HTML-Vertical,Bahrain AR,United Arab Emirates,"192,125","1,067",0.56%,2.77,69259,1210.39,1.13,6.3,,,,,,,,91.71%
31-Jan-26,DanubeH_Awareness_Dubai_HTML_ProductCollect_Ramadan_SFF_PROS_Jan26,Awareness,HTML-ProductCollect,Dubai,United Arab Emirates,176667,1009,0.57%,2.66,66349,1219,1.21,6.9,,,,,,,,90.74%
31-Jan-26,DanubeH_Awareness_Abu DhabiDhabi_HTML_ProductCollect_Ramadan_SFF_PROS_Jan26,Awareness,HTML-ProductCollect,Abu Dhabi,United Arab Emirates,524906,3195,0.61%,2.74,191805,3621.85,1.13,6.9,,,,,,,,89.48%
31-Jan-26,DanubeH_Awareness_Rest Of United Arab Emirates_HTML_ProductCollect_Ramadan_SFF_PROS_Jan26,Awareness,HTML-ProductCollect,Rest Of United Arab Emirates,United Arab Emirates,123974,657,0.53%,2.82,43996,855.42,1.3,6.9,,,,,,,,89.16%
31-Jan-26,DanubeH_Awareness_Muscat_HTML_ProductCollect_Ramadan_SFF_PROS_Jan26,Awareness,HTML-ProductCollect,Muscat,United Arab Emirates,55981,185,0.33%,5.20,10762,352.68,1.91,6.3,,,,,,,,89.98%
31-Jan-26,DanubeH_Awareness_Rest Of Oman_HTML_ProductCollect_Ramadan_SFF_PROS_Jan26,Awareness,HTML-ProductCollect,Rest Of Oman,United Arab Emirates,9730,23,0.24%,5.92,1644,61.3,2.67,6.3,,,,,,,,90.13%
31-Jan-26,DanubeH_Awareness_Bahrain_EN_HTML_ProductCollect_Ramadan_SAF_PROS_Jan26,Awareness,HTML-ProductCollect,Bahrain EN,United Arab Emirates,26401,100,0.38%,2.94,8978,166.33,1.66,6.3,,,,,,,,90.32%
31-Jan-26,DanubeH_Awareness_Bahrain_AR_HTML_ProductCollect_Ramadan_SAF_PROS_Jan26,Awareness,HTML-ProductCollect,Bahrain AR,United Arab Emirates,"102,053",499,0.49%,2.77,36788,642.93,1.29,6.3,,,,,,,,89.56%
18-Feb-26,DanubeH_Awareness_STATIC_Dubai_SD_PROS_(FA)_(7pmto7am)_Feb26-DAN003,Awareness,Display,Dubai,United Arab Emirates,11935,74,0.62%,2.94,4060,82.35,1.11,6.9,,,,,,,,91.96%
18-Feb-26,DanubeH_Awareness_STATIC_Abu DhabiDhabi&AlAin_SD_PROS_(FA)_(7pmto7am)_Feb26-DAN003,Awareness,Display,Abu Dhabi,United Arab Emirates,10000,63,0.63%,2.94,3401,69,1.10,6.9,,,,,,,,91.06%
18-Feb-26,DanubeH_Awareness_HTML_Sharjah_SD_PROS_(FA)_(7pmto7am)_Feb26-DAN003,Awareness,Display,Sharjah,United Arab Emirates,11897,69,0.58%,2.99,3979,82.09,1.19,6.9,,,,,,,,90.42%
18-Feb-26,DanubeH_Awareness_STATIC_Rest Of United Arab Emirates_SD_PROS_(FA)_(7pmto7am)_Feb26-DAN003,Awareness,Display,Rest Of United Arab Emirates,United Arab Emirates,9833,59,0.60%,3.10,3172,67.85,1.15,6.9,,,,,,,,89.16%
18-Feb-26,DanubeH_Awareness_STATIC_BH_SD_EN_PROS_(FA)_(8pmto8am)_Feb26-DAN003,Awareness,Display,Bahrain EN,Bahrain,9344,57,0.61%,3.20,2920,58.87,1.03,6.3,,,,,,,,89.49%
18-Feb-26,DanubeH_Awareness_STATIC_BH_SD_AR_PROS_(FA)_(8pmto8am)_Feb26-DAN003,Awareness,Display,Bahrain AR,Bahrain,5088,29,0.57%,2.94,1731,32.05,1.11,6.3,,,,,,,,90.75%
19-Feb-26,DanubeH_Awareness_STATIC_Dubai_SD_PROS_(FA)_(7pmto7am)_Feb26-DAN003,Awareness,Native,Dubai,United Arab Emirates,32995,199,0.60%,2.96,11133,227.67,1.14,6.9,,,,,,,,91.80%
19-Feb-26,DanubeH_Awareness_STATIC_Abu DhabiDhabi&AlAin_SD_PROS_(FA)_(7pmto7am)_Feb26-DAN003,Awareness,Native,Abu Dhabi,United Arab Emirates,13273,83,0.63%,2.82,4711,91.58,1.10,6.9,,,,,,,,90.88%
19-Feb-26,DanubeH_Awareness_Static_Sharjah_SD_PROS_(FA)_(7pmto7am)_Feb26-DAN003,Awareness,Native,Sharjah,United Arab Emirates,17428,94,0.54%,2.94,5935,120.25,1.28,6.9,,,,,,,,90.93%
19-Feb-26,DanubeH_Awareness_STATIC_Rest Of United Arab Emirates_SD_PROS_(FA)_(7pmto7am)_Feb26-DAN003,Awareness,Native,Rest Of United Arab Emirates,United Arab Emirates,9973,56,0.56%,2.95,3377,68.81,1.23,6.9,,,,,,,,89.51%
19-Feb-26,DanubeH_Awareness_Static_Muscat_Hayakum_Ramadan_PROS_(FA)_Feb26-DAN003,Awareness,Native,Muscat,Oman,37854,221,0.58%,2.97,12745,238.48,1.08,6.3,,,,,,,,89.43%
19-Feb-26,DanubeH_Awareness_Static_Rest Of Oman_Hayakum_Ramadan_PROS_(FA)_Feb26-DAN003,Awareness,Native,Rest Of Oman,Oman,9100,50,0.55%,3.10,2935,57.33,1.15,6.3,,,,,,,,91.06%
19-Feb-26,DanubeH_Awareness_STATIC_BH_SD_EN_PROS_(FA)_(8pmto8am)_Feb26-DAN003,Awareness,Native,Bahrain EN,Bahrain,6377,37,0.58%,2.85,2235,40.18,1.09,6.3,,,,,,,,91.06%
19-Feb-26,DanubeH_Awareness_STATIC_BH_SD_AR_PROS_(FA)_(8pmto8am)_Feb26-DAN003,Awareness,Native,Bahrain AR,Bahrain,10849,59,0.54%,2.82,3850,68.35,1.16,6.3,,,,,,,,90.67%
19-Feb-26,DanubeH_Awareness_STATIC_Dubai_SD_PROS_(FA)_(7pmto7am)_Feb26-DAN003,Awareness,Display,Dubai,United Arab Emirates,33165,219,0.66%,2.96,11190,228.84,1.04,6.9,,,,,,,,91.92%
19-Feb-26,DanubeH_Awareness_STATIC_Abu DhabiDhabi&AlAin_SD_PROS_(FA)_(7pmto7am)_Feb26-DAN003,Awareness,Display,Abu Dhabi,United Arab Emirates,13342,92,0.69%,2.82,4735,92.06,1.00,6.9,,,,,,,,91.32%
19-Feb-26,DanubeH_Awareness_Static_Sharjah_SD_PROS_(FA)_(7pmto7am)_Feb26-DAN003,Awareness,Display,Sharjah,United Arab Emirates,17517,104,0.59%,2.94,5965,120.87,1.16,6.9,,,,,,,,89.78%
19-Feb-26,DanubeH_Awareness_STATIC_Rest Of United Arab Emirates_SD_PROS_(FA)_(7pmto7am)_Feb26-DAN003,Awareness,Display,Rest Of United Arab Emirates,United Arab Emirates,10025,61,0.61%,2.95,3395,69.17,1.13,6.9,,,,,,,,89.03%
19-Feb-26,DanubeH_Awareness_Static_Muscat_Hayakum_Ramadan_PROS_(FA)_Feb26-DAN003,Awareness,Display,Muscat,Oman,38048,242,0.64%,2.97,12811,239.7,0.99,6.3,,,,,,,,90.19%
19-Feb-26,DanubeH_Awareness_Static_Rest Of Oman_Hayakum_Ramadan_PROS_(FA)_Feb26-DAN003,Awareness,Display,Rest Of Oman,Oman,9146,54,0.59%,3.10,2951,57.62,1.07,6.3,,,,,,,,89.23%
19-Feb-26,DanubeH_Awareness_STATIC_BH_SD_EN_PROS_(FA)_(8pmto8am)_Feb26-DAN003,Awareness,Display,Bahrain EN,Bahrain,6410,41,0.64%,2.85,2247,40.38,0.98,6.3,,,,,,,,90.70%
19-Feb-26,DanubeH_Awareness_STATIC_BH_SD_AR_PROS_(FA)_(8pmto8am)_Feb26-DAN003,Awareness,Display,Bahrain AR,Bahrain,10905,65,0.60%,2.82,3870,68.7,1.06,6.3,,,,,,,,89.88%
20-Feb-26,DanubeH_Awareness_STATIC_Dubai_SD_PROS_(FA)_(7pmto7am)_Feb26-DAN003,Awareness,Native,Dubai,United Arab Emirates,40798,263,0.64%,3.00,13588,281.51,1.07,6.9,,,,,,,,90.88%
20-Feb-26,DanubeH_Awareness_STATIC_Abu DhabiDhabi&AlAin_SD_PROS_(FA)_(7pmto7am)_Feb26-DAN003,Awareness,Native,Abu Dhabi,United Arab Emirates,8655,56,0.65%,3.40,2546,59.72,1.07,6.9,,,,,,,,90.13%
20-Feb-26,DanubeH_Awareness_Static_Sharjah_SD_PROS_(FA)_(7pmto7am)_Feb26-DAN003,Awareness,Native,Sharjah,United Arab Emirates,13737,77,0.56%,2.78,4944,94.79,1.23,6.9,,,,,,,,89.89%
20-Feb-26,DanubeH_Awareness_STATIC_Rest Of United Arab Emirates_SD_PROS_(FA)_(7pmto7am)_Feb26-DAN003,Awareness,Native,Rest Of United Arab Emirates,United Arab Emirates,11992,70,0.58%,2.66,4507,82.74,1.18,6.9,,,,,,,,89.19%
20-Feb-26,DanubeH_Awareness_Static_Muscat_Hayakum_Ramadan_PROS_(FA)_Feb26-DAN003,Awareness,Native,Muscat,Oman,22631,150,0.66%,2.91,7772,142.58,0.95,6.3,,,,,,,,91.52%
20-Feb-26,DanubeH_Awareness_Static_Rest Of Oman_Hayakum_Ramadan_PROS_(FA)_Feb26-DAN003,Awareness,Native,Rest Of Oman,Oman,24708,146,0.59%,2.96,8350,155.66,1.07,6.3,,,,,,,,89.15%
20-Feb-26,DanubeH_Awareness_STATIC_BH_SD_EN_PROS_(FA)_(8pmto8am)_Feb26-DAN003,Awareness,Native,Bahrain EN,Bahrain,11837,76,0.64%,2.89,4099,74.57,0.98,6.3,,,,,,,,91.57%
20-Feb-26,DanubeH_Awareness_STATIC_BH_SD_AR_PROS_(FA)_(8pmto8am)_Feb26-DAN003,Awareness,Native,Bahrain AR,Bahrain,4375,25,0.57%,3.42,1279,27.56,1.10,6.3,,,,,,,,89.92%
20-Feb-26,DanubeH_Awareness_STATIC_Dubai_SD_PROS_(FA)_(7pmto7am)_Feb26-DAN003,Awareness,Display,Dubai,United Arab Emirates,29545,195,0.66%,3.00,9840,203.86,1.05,6.9,,,,,,,,90.67%
20-Feb-26,DanubeH_Awareness_STATIC_Abu DhabiDhabi&AlAin_SD_PROS_(FA)_(7pmto7am)_Feb26-DAN003,Awareness,Display,Abu Dhabi,United Arab Emirates,6268,41,0.65%,3.40,1844,43.25,1.05,6.9,,,,,,,,90.05%
20-Feb-26,DanubeH_Awareness_Static_Sharjah_SD_PROS_(FA)_(7pmto7am)_Feb26-DAN003,Awareness,Display,Sharjah,United Arab Emirates,9947,58,0.58%,2.78,3580,68.63,1.18,6.9,,,,,,,,90.77%
20-Feb-26,DanubeH_Awareness_STATIC_Rest Of United Arab Emirates_SD_PROS_(FA)_(7pmto7am)_Feb26-DAN003,Awareness,Display,Rest Of United Arab Emirates,United Arab Emirates,8685,52,0.60%,2.66,3264,59.93,1.15,6.9,,,,,,,,90.23%
20-Feb-26,DanubeH_Awareness_Static_Muscat_Hayakum_Ramadan_PROS_(FA)_Feb26-DAN003,Awareness,Display,Muscat,Oman,16388,111,0.68%,2.91,5628,103.24,0.93,6.3,,,,,,,,89.48%
20-Feb-26,DanubeH_Awareness_Static_Rest Of Oman_Hayakum_Ramadan_PROS_(FA)_Feb26-DAN003,Awareness,Display,Rest Of Oman,Oman,17893,109,0.61%,2.96,6046,112.73,1.03,6.3,,,,,,,,91.61%
20-Feb-26,DanubeH_Awareness_STATIC_BH_SD_EN_PROS_(FA)_(8pmto8am)_Feb26-DAN003,Awareness,Display,Bahrain EN,Bahrain,8572,57,0.66%,2.89,2968,54,0.95,6.3,,,,,,,,89.63%
20-Feb-26,DanubeH_Awareness_STATIC_BH_SD_AR_PROS_(FA)_(8pmto8am)_Feb26-DAN003,Awareness,Display,Bahrain AR,Bahrain,3169,18,0.57%,3.42,926,19.96,1.11,6.3,,,,,,,,89.99%
21-Feb-26,DanubeH_Awareness_STATIC_Dubai_SD_PROS_(FA)_(7pmto7am)_Feb26-DAN003,Awareness,Native,Dubai,United Arab Emirates,18680,119,0.64%,2.98,6268,128.89,1.08,6.9,,,,,,,,90.43%
21-Feb-26,DanubeH_Awareness_STATIC_Abu DhabiDhabi&AlAin_SD_PROS_(FA)_(7pmto7am)_Feb26-DAN003,Awareness,Native,Abu Dhabi,United Arab Emirates,11191,73,0.65%,2.99,3743,77.22,1.06,6.9,,,,,,,,89.24%
21-Feb-26,DanubeH_Awareness_Static_Sharjah_SD_PROS_(FA)_(7pmto7am)_Feb26-DAN003,Awareness,Native,Sharjah,United Arab Emirates,13500,77,0.57%,2.89,4671,93.15,1.21,6.9,,,,,,,,90.78%
21-Feb-26,DanubeH_Awareness_STATIC_Rest Of United Arab Emirates_SD_PROS_(FA)_(7pmto7am)_Feb26-DAN003,Awareness,Native,Rest Of United Arab Emirates,United Arab Emirates,7934,47,0.59%,2.94,2698,54.74,1.16,6.9,,,,,,,,91.72%
21-Feb-26,DanubeH_Awareness_Static_Muscat_Hayakum_Ramadan_PROS_(FA)_Feb26-DAN003,Awareness,Native,Muscat,Oman,19751,124,0.63%,2.95,6695,124.43,1.00,6.3,,,,,,,,91.96%
21-Feb-26,DanubeH_Awareness_Static_Rest Of Oman_Hayakum_Ramadan_PROS_(FA)_Feb26-DAN003,Awareness,Native,Rest Of Oman,Oman,10160,60,0.59%,3.00,3387,64.01,1.07,6.3,,,,,,,,90.06%
21-Feb-26,DanubeH_Awareness_STATIC_BH_SD_EN_PROS_(FA)_(8pmto8am)_Feb26-DAN003,Awareness,Native,Bahrain EN,Bahrain,4757,30,0.63%,2.94,1618,29.97,1.00,6.3,,,,,,,,91.12%
21-Feb-26,DanubeH_Awareness_STATIC_BH_SD_AR_PROS_(FA)_(8pmto8am)_Feb26-DAN003,Awareness,Native,Bahrain AR,Bahrain,11048,63,0.57%,2.95,3745,69.6,1.10,6.3,,,,,,,,91.61%
21-Feb-26,DanubeH_Awareness_STATIC_Dubai_SD_PROS_(FA)_(7pmto7am)_Feb26-DAN003,Awareness,Display,Dubai,United Arab Emirates,24998,163,0.65%,2.98,8389,172.49,1.06,6.9,,,,,,,,89.10%
21-Feb-26,DanubeH_Awareness_STATIC_Abu DhabiDhabi&AlAin_SD_PROS_(FA)_(7pmto7am)_Feb26-DAN003,Awareness,Display,Abu Dhabi,United Arab Emirates,14976,99,0.66%,2.99,5009,103.33,1.04,6.9,,,,,,,,91.12%
21-Feb-26,DanubeH_Awareness_Static_Sharjah_SD_PROS_(FA)_(7pmto7am)_Feb26-DAN003,Awareness,Display,Sharjah,United Arab Emirates,18067,105,0.58%,2.89,6251,124.66,1.19,6.9,,,,,,,,91.05%
21-Feb-26,DanubeH_Awareness_STATIC_Rest Of United Arab Emirates_SD_PROS_(FA)_(7pmto7am)_Feb26-DAN003,Awareness,Display,Rest Of United Arab Emirates,United Arab Emirates,10618,64,0.60%,2.94,3611,73.26,1.14,6.9,,,,,,,,90.76%
21-Feb-26,DanubeH_Awareness_Static_Muscat_Hayakum_Ramadan_PROS_(FA)_Feb26-DAN003,Awareness,Display,Muscat,Oman,26432,169,0.64%,2.95,8960,166.52,0.99,6.3,,,,,,,,90.02%
21-Feb-26,DanubeH_Awareness_Static_Rest Of Oman_Hayakum_Ramadan_PROS_(FA)_Feb26-DAN003,Awareness,Display,Rest Of Oman,Oman,13597,82,0.60%,3.00,4532,85.66,1.04,6.3,,,,,,,,91.42%
21-Feb-26,DanubeH_Awareness_STATIC_BH_SD_EN_PROS_(FA)_(8pmto8am)_Feb26-DAN003,Awareness,Display,Bahrain EN,Bahrain,6367,41,0.64%,2.94,2166,40.11,0.98,6.3,,,,,,,,91.85%
21-Feb-26,DanubeH_Awareness_STATIC_BH_SD_AR_PROS_(FA)_(8pmto8am)_Feb26-DAN003,Awareness,Display,Bahrain AR,Bahrain,14785,86,0.58%,2.95,5012,93.15,1.08,6.3,,,,,,,,91.72%
21-Feb-26,DanubeH_Awareness_HTML_Dubai_SD_PROS_(FA)_(7pmto7am)_Feb26-DAN003,Awareness,HTML-Horizontal Product Slider,Dubai,United Arab Emirates,67259,428,0.64%,2.98,22571,464.09,1.08,6.9,,,,,,,,89.70%
21-Feb-26,DanubeH_Awareness_HTML_Abu DhabiDhabi&AlAin_SD_PROS_(FA)_(7pmto7am)_Feb26-DAN003,Awareness,HTML-Horizontal Product Slider,Abu Dhabi,United Arab Emirates,40295,260,0.65%,2.99,13476,278.04,1.07,6.9,,,,,,,,90.16%
21-Feb-26,DanubeH_Awareness_HTML_Sharjah_SD_PROS_(FA)_(7pmto7am)_Feb26-DAN003,Awareness,HTML-Horizontal Product Slider,Sharjah,United Arab Emirates,48609,276,0.57%,2.89,16820,335.4,1.22,6.9,,,,,,,,91.53%
21-Feb-26,DanubeH_Awareness_HTML_Rest Of United Arab Emirates_SD_PROS_(FA)_(7pmto7am)_Feb26-DAN003,Awareness,HTML-Horizontal Product Slider,Rest Of United Arab Emirates,United Arab Emirates,28567,168,0.59%,2.94,9716,197.11,1.17,6.9,,,,,,,,91.21%
21-Feb-26,DanubeH_Awareness_HTML_Muscat_Hayakum_Ramadan_PROS_(FA)_Feb26-DAN003,Awareness,HTML-Horizontal Product Slider,Muscat,Oman,71118,446,0.63%,2.95,24108,448.04,1.00,6.3,,,,,,,,89.92%
21-Feb-26,DanubeH_Awareness_HTML_Rest Of Oman_Haayakum_Ramadan_PROS_(FA)_Feb26-DAN003,Awareness,HTML-Horizontal Product Slider,Rest Of Oman,Oman,36582,215,0.59%,3.00,12194,230.47,1.07,6.3,,,,,,,,90.28%
21-Feb-26,DanubeH_Awareness_HTML_BH_SD_EN_PROS_(FA)_(8pmto8am)_Feb26-DAN003,Awareness,HTML-Horizontal Product Slider,Bahrain EN,Bahrain,17130,107,0.62%,2.94,5827,107.92,1.01,6.3,,,,,,,,90.40%
21-Feb-26,DanubeH_Awareness_HTML_BH_SD_AR_PROS_(FA)_(8pmto8am)_Feb26-DAN003,Awareness,HTML-Horizontal Product Slider,Bahrain AR,Bahrain,39781,226,0.57%,2.95,13485,250.62,1.11,6.3,,,,,,,,89.41%
22-Feb-26,DanubeH_Awareness_STATIC_Dubai_SD_PROS_(FA)_(7pmto7am)_Feb26-DAN003,Awareness,Native,Dubai,United Arab Emirates,62313,334,0.54%,3.00,20746,429.96,1.29,6.9,,,,,,,,90.72%
22-Feb-26,DanubeH_Awareness_STATIC_Abu DhabiDhabi&AlAin_SD_PROS_(FA)_(7pmto7am)_Feb26-DAN003,Awareness,Native,Abu Dhabi,United Arab Emirates,33873,195,0.58%,3.23,10472,233.72,1.20,6.9,,,,,,,,91.42%
22-Feb-26,DanubeH_Awareness_Static_Sharjah_SD_PROS_(FA)_(7pmto7am)_Feb26-DAN003,Awareness,Native,Sharjah,United Arab Emirates,43129,251,0.58%,3.02,14275,297.59,1.19,6.9,,,,,,,,89.85%
22-Feb-26,DanubeH_Awareness_STATIC_Rest Of United Arab Emirates_SD_PROS_(FA)_(7pmto7am)_Feb26-DAN003,Awareness,Native,Rest Of United Arab Emirates,United Arab Emirates,29896,155,0.52%,3.31,9023,206.28,1.33,6.9,,,,,,,,91.35%
22-Feb-26,DanubeH_Awareness_Static_Muscat_Hayakum_Ramadan_PROS_(FA)_Feb26-DAN003,Awareness,Native,Muscat,Oman,49150,268,0.55%,2.98,16519,309.65,1.16,6.3,,,,,,,,91.41%
22-Feb-26,DanubeH_Awareness_Static_Rest Of Oman_Hayakum_Ramadan_PROS_(FA)_Feb26-DAN003,Awareness,Native,Rest Of Oman,Oman,12497,62,0.50%,3.00,4166,78.73,1.27,6.3,,,,,,,,89.35%
22-Feb-26,DanubeH_Awareness_STATIC_BH_SD_EN_PROS_(FA)_(8pmto8am)_Feb26-DAN003,Awareness,Native,Bahrain EN,Bahrain,11566,65,0.56%,3.00,3855,72.87,1.12,6.3,,,,,,,,90.64%
22-Feb-26,DanubeH_Awareness_STATIC_BH_SD_AR_PROS_(FA)_(8pmto8am)_Feb26-DAN003,Awareness,Native,Bahrain AR,Bahrain,15903,89,0.56%,3.08,5171,100.19,1.13,6.3,,,,,,,,90.82%
22-Feb-26,DanubeH_Awareness_STATIC_Dubai_SD_PROS_(FA)_(7pmto7am)_Feb26-DAN003,Awareness,Display,Dubai,United Arab Emirates,71212,397,0.56%,3.00,23709,491.36,1.24,6.9,,,,,,,,90.45%
22-Feb-26,DanubeH_Awareness_STATIC_Abu DhabiDhabi&AlAin_SD_PROS_(FA)_(7pmto7am)_Feb26-DAN003,Awareness,Display,Abu Dhabi,United Arab Emirates,38711,232,0.60%,3.23,11967,267.11,1.15,6.9,,,,,,,,90.78%
22-Feb-26,DanubeH_Awareness_Static_Sharjah_SD_PROS_(FA)_(7pmto7am)_Feb26-DAN003,Awareness,Display,Sharjah,United Arab Emirates,49289,298,0.60%,3.02,16314,340.09,1.14,6.9,,,,,,,,91.63%
22-Feb-26,DanubeH_Awareness_STATIC_Rest Of United Arab Emirates_SD_PROS_(FA)_(7pmto7am)_Feb26-DAN003,Awareness,Display,Rest Of United Arab Emirates,United Arab Emirates,34166,184,0.54%,3.31,10312,235.75,1.28,6.9,,,,,,,,90.10%
22-Feb-26,DanubeH_Awareness_Static_Muscat_Hayakum_Ramadan_PROS_(FA)_Feb26-DAN003,Awareness,Display,Muscat,Oman,56169,318,0.57%,2.98,18878,353.86,1.11,6.3,,,,,,,,90.86%
22-Feb-26,DanubeH_Awareness_Static_Rest Of Oman_Hayakum_Ramadan_PROS_(FA)_Feb26-DAN003,Awareness,Display,Rest Of Oman,Oman,14281,74,0.52%,3.00,4760,89.97,1.22,6.3,,,,,,,,91.61%
22-Feb-26,DanubeH_Awareness_STATIC_BH_SD_EN_PROS_(FA)_(8pmto8am)_Feb26-DAN003,Awareness,Display,Bahrain EN,Bahrain,13218,77,0.58%,3.00,4405,83.27,1.08,6.3,,,,,,,,89.05%
22-Feb-26,DanubeH_Awareness_STATIC_BH_SD_AR_PROS_(FA)_(8pmto8am)_Feb26-DAN003,Awareness,Display,Bahrain AR,Bahrain,18174,106,0.58%,3.08,5910,114.5,1.08,6.3,,,,,,,,90.83%
22-Feb-26,DanubeH_Awareness_HTML_Dubai_SD_PROS_(FA)_(7pmto7am)_Feb26-DAN003,Awareness,HTML-Horizontal Product Slider,Dubai,United Arab Emirates,58267,315,0.54%,3.00,19399,402.04,1.28,6.9,,,,,,,,91.46%
22-Feb-26,DanubeH_Awareness_HTML_Abu DhabiDhabi&AlAin_SD_PROS_(FA)_(7pmto7am)_Feb26-DAN003,Awareness,HTML-Horizontal Product Slider,Abu Dhabi,United Arab Emirates,31674,184,0.58%,3.23,9792,218.55,1.19,6.9,,,,,,,,89.92%
22-Feb-26,DanubeH_Awareness_HTML_Sharjah_SD_PROS_(FA)_(7pmto7am)_Feb26-DAN003,Awareness,HTML-Horizontal Product Slider,Sharjah,United Arab Emirates,40328,237,0.59%,3.02,13348,278.26,1.17,6.9,,,,,,,,90.40%
22-Feb-26,DanubeH_Awareness_HTML_Rest Of United Arab Emirates_SD_PROS_(FA)_(7pmto7am)_Feb26-DAN003,Awareness,HTML-Horizontal Product Slider,Rest Of United Arab Emirates,United Arab Emirates,27955,146,0.52%,3.31,8437,192.89,1.32,6.9,,,,,,,,89.57%
22-Feb-26,DanubeH_Awareness_HTML_Muscat_Hayakum_Ramadan_PROS_(FA)_Feb26-DAN003,Awareness,HTML-Horizontal Product Slider,Muscat,Oman,45958,252,0.55%,2.98,15446,289.54,1.15,6.3,,,,,,,,89.31%
22-Feb-26,DanubeH_Awareness_HTML_Rest Of Oman_Haayakum_Ramadan_PROS_(FA)_Feb26-DAN003,Awareness,HTML-Horizontal Product Slider,Rest Of Oman,Oman,11685,59,0.50%,3.00,3895,73.62,1.25,6.3,,,,,,,,89.59%
22-Feb-26,DanubeH_Awareness_HTML_BH_SD_EN_PROS_(FA)_(8pmto8am)_Feb26-DAN003,Awareness,HTML-Horizontal Product Slider,Bahrain EN,Bahrain,10815,61,0.56%,3.00,3604,68.13,1.12,6.3,,,,,,,,90.98%
22-Feb-26,DanubeH_Awareness_HTML_BH_SD_AR_PROS_(FA)_(8pmto8am)_Feb26-DAN003,Awareness,HTML-Horizontal Product Slider,Bahrain AR,Bahrain,14870,84,0.56%,3.07,4836,93.68,1.12,6.3,,,,,,,,89.59%
23-Feb-26,DanubeH_Awareness_STATIC_Dubai_SD_PROS_(FA)_(7pmto7am)_Feb26-DAN003,Awareness,Native,Dubai,United Arab Emirates,7600,18,0.24%,2.96,2564,52.44,2.91,6.9,,,,,,,,90.23%
23-Feb-26,DanubeH_Awareness_STATIC_Abu DhabiDhabi&AlAin_SD_PROS_(FA)_(7pmto7am)_Feb26-DAN003,Awareness,Native,Abu Dhabi,United Arab Emirates,3947,10,0.25%,2.75,1436,27.23,2.72,6.9,,,,,,,,89.49%
23-Feb-26,DanubeH_Awareness_Static_Sharjah_SD_PROS_(FA)_(7pmto7am)_Feb26-DAN003,Awareness,Native,Sharjah,United Arab Emirates,2903,7,0.24%,3.02,960,20.03,2.86,6.9,,,,,,,,90.09%
23-Feb-26,DanubeH_Awareness_STATIC_Rest Of United Arab Emirates_SD_PROS_(FA)_(7pmto7am)_Feb26-DAN003,Awareness,Native,Rest Of United Arab Emirates,United Arab Emirates,514,2,0.39%,2.56,201,3.55,1.78,6.9,,,,,,,,90.51%
23-Feb-26,DanubeH_Awareness_Static_Muscat_Hayakum_Ramadan_PROS_(FA)_Feb26-DAN003,Awareness,Native,Muscat,Oman,2945,7,0.24%,3.05,965,18.55,2.65,6.3,,,,,,,,89.44%
23-Feb-26,DanubeH_Awareness_Static_Rest Of Oman_Hayakum_Ramadan_PROS_(FA)_Feb26-DAN003,Awareness,Native,Rest Of Oman,Oman,1152,3,0.26%,2.78,415,7.26,2.42,6.3,,,,,,,,89.57%
23-Feb-26,DanubeH_Awareness_STATIC_BH_SD_EN_PROS_(FA)_(8pmto8am)_Feb26-DAN003,Awareness,Native,Bahrain EN,Bahrain,1355,3,0.22%,3.06,443,8.54,2.85,6.3,,,,,,,,89.64%
23-Feb-26,DanubeH_Awareness_STATIC_BH_SD_AR_PROS_(FA)_(8pmto8am)_Feb26-DAN003,Awareness,Native,Bahrain AR,Bahrain,2156,5,0.23%,2.91,742,13.58,2.72,6.3,,,,,,,,91.08%
23-Feb-26,DanubeH_Awareness_STATIC_Dubai_SD_PROS_(FA)_(7pmto7am)_Feb26-DAN003,Awareness,Display,Dubai,United Arab Emirates,11362,114,1.00%,2.96,3833,78.4,0.69,6.9,,,,,,,,91.80%
23-Feb-26,DanubeH_Awareness_STATIC_Abu DhabiDhabi&AlAin_SD_PROS_(FA)_(7pmto7am)_Feb26-DAN003,Awareness,Display,Abu Dhabi,United Arab Emirates,5901,61,1.03%,2.75,2146,40.72,0.67,6.9,,,,,,,,91.19%
23-Feb-26,DanubeH_Awareness_Static_Sharjah_SD_PROS_(FA)_(7pmto7am)_Feb26-DAN003,Awareness,Display,Sharjah,United Arab Emirates,4341,45,1.04%,3.02,1436,29.95,0.67,6.9,,,,,,,,90.97%
23-Feb-26,DanubeH_Awareness_STATIC_Rest Of United Arab Emirates_SD_PROS_(FA)_(7pmto7am)_Feb26-DAN003,Awareness,Display,Rest Of United Arab Emirates,United Arab Emirates,768,10,1.30%,2.56,300,5.3,0.53,6.9,,,,,,,,90.10%
23-Feb-26,DanubeH_Awareness_Static_Muscat_Hayakum_Ramadan_PROS_(FA)_Feb26-DAN003,Awareness,Display,Muscat,Oman,4403,45,1.02%,3.05,1443,27.74,0.62,6.3,,,,,,,,90.07%
23-Feb-26,DanubeH_Awareness_Static_Rest Of Oman_Hayakum_Ramadan_PROS_(FA)_Feb26-DAN003,Awareness,Display,Rest Of Oman,Oman,1722,17,0.99%,2.78,620,10.85,0.64,6.3,,,,,,,,89.69%
23-Feb-26,DanubeH_Awareness_STATIC_BH_SD_EN_PROS_(FA)_(8pmto8am)_Feb26-DAN003,Awareness,Display,Bahrain EN,Bahrain,2025,20,0.99%,3.05,663,12.76,0.64,6.3,,,,,,,,89.48%
23-Feb-26,DanubeH_Awareness_STATIC_BH_SD_AR_PROS_(FA)_(8pmto8am)_Feb26-DAN003,Awareness,Display,Bahrain AR,Bahrain,3223,31,0.96%,2.91,1109,20.3,0.65,6.3,,,,,,,,89.10%
23-Feb-26,DanubeH_Awareness_HTML_Dubai_SD_PROS_(FA)_(7pmto7am)_Feb26-DAN003,Awareness,HTML-Horizontal Product Slider,Dubai,United Arab Emirates,264297,1641,0.62%,2.96,89163,1823.65,1.11,6.9,,,,,,,,91.07%
23-Feb-26,DanubeH_Awareness_HTML_Abu DhabiDhabi&AlAin_SD_PROS_(FA)_(7pmto7am)_Feb26-DAN003,Awareness,HTML-Horizontal Product Slider,Abu Dhabi,United Arab Emirates,137259,878,0.64%,2.75,49930,947.09,1.08,6.9,,,,,,,,89.49%
23-Feb-26,DanubeH_Awareness_HTML_Sharjah_SD_PROS_(FA)_(7pmto7am)_Feb26-DAN003,Awareness,HTML-Horizontal Product Slider,Sharjah,United Arab Emirates,100975,654,0.65%,3.02,33394,696.73,1.07,6.9,,,,,,,,89.32%
23-Feb-26,DanubeH_Awareness_HTML_Rest Of United Arab Emirates_SD_PROS_(FA)_(7pmto7am)_Feb26-DAN003,Awareness,HTML-Horizontal Product Slider,Rest Of United Arab Emirates,United Arab Emirates,17868,138,0.77%,2.56,6978,123.29,0.89,6.9,,,,,,,,89.11%
23-Feb-26,DanubeH_Awareness_HTML_Muscat_Hayakum_Ramadan_PROS_(FA)_Feb26-DAN003,Awareness,HTML-Horizontal Product Slider,Muscat,Oman,102430,655,0.64%,3.05,33561,645.31,0.99,6.3,,,,,,,,90.72%
23-Feb-26,DanubeH_Awareness_HTML_Rest Of Oman_Haayakum_Ramadan_PROS_(FA)_Feb26-DAN003,Awareness,HTML-Horizontal Product Slider,Rest Of Oman,Oman,40063,245,0.61%,2.78,14422,252.4,1.03,6.3,,,,,,,,90.41%
23-Feb-26,DanubeH_Awareness_HTML_BH_SD_EN_PROS_(FA)_(8pmto8am)_Feb26-DAN003,Awareness,HTML-Horizontal Product Slider,Bahrain EN,Bahrain,47112,285,0.60%,3.06,15420,296.81,1.04,6.3,,,,,,,,91.38%
23-Feb-26,DanubeH_Awareness_HTML_BH_SD_AR_PROS_(FA)_(8pmto8am)_Feb26-DAN003,Awareness,HTML-Horizontal Product Slider,Bahrain AR,Bahrain,74983,445,0.59%,2.91,25804,472.39,1.06,6.3,,,,,,,,91.51%
24-Feb-26,DanubeH_Awareness_STATIC_Dubai_SD_PROS_(FA)_(7pmto7am)_Feb26-DAN003,Awareness,Native,Dubai,United Arab Emirates,36166,217,0.60%,2.91,12424,249.55,1.15,6.9,,,,,,,,91.88%
24-Feb-26,DanubeH_Awareness_STATIC_Abu DhabiDhabi&AlAin_SD_PROS_(FA)_(7pmto7am)_Feb26-DAN003,Awareness,Native,Abu Dhabi,United Arab Emirates,13191,83,0.63%,2.89,4558,91.02,1.10,6.9,,,,,,,,91.37%
24-Feb-26,DanubeH_Awareness_Static_Sharjah_SD_PROS_(FA)_(7pmto7am)_Feb26-DAN003,Awareness,Native,Sharjah,United Arab Emirates,9841,61,0.62%,2.80,3518,67.9,1.11,6.9,,,,,,,,91.36%
24-Feb-26,DanubeH_Awareness_STATIC_Rest Of United Arab Emirates_SD_PROS_(FA)_(7pmto7am)_Feb26-DAN003,Awareness,Native,Rest Of United Arab Emirates,United Arab Emirates,9277,53,0.57%,2.84,3271,64.01,1.21,6.9,,,,,,,,89.22%
24-Feb-26,DanubeH_Awareness_Static_Muscat_Hayakum_Ramadan_PROS_(FA)_Feb26-DAN003,Awareness,Native,Muscat,Oman,16177,95,0.59%,2.95,5483,101.92,1.07,6.3,,,,,,,,89.33%
24-Feb-26,DanubeH_Awareness_Static_Rest Of Oman_Hayakum_Ramadan_PROS_(FA)_Feb26-DAN003,Awareness,Native,Rest Of Oman,Oman,5921,33,0.56%,3.02,1963,37.3,1.13,6.3,,,,,,,,90.58%
24-Feb-26,DanubeH_Awareness_STATIC_BH_SD_EN_PROS_(FA)_(8pmto8am)_Feb26-DAN003,Awareness,Native,Bahrain EN,Bahrain,3564,21,0.59%,2.95,1207,22.45,1.07,6.3,,,,,,,,89.67%
24-Feb-26,DanubeH_Awareness_STATIC_BH_SD_AR_PROS_(FA)_(8pmto8am)_Feb26-DAN003,Awareness,Native,Bahrain AR,Bahrain,6440,36,0.56%,2.93,2200,40.57,1.13,6.3,,,,,,,,90.62%
24-Feb-26,DanubeH_Awareness_STATIC_Dubai_SD_PROS_(FA)_(7pmto7am)_Feb26-DAN003,Awareness,Display,Dubai,United Arab Emirates,9632,86,0.89%,2.91,3309,66.46,0.77,6.9,,,,,,,,89.06%
24-Feb-26,DanubeH_Awareness_STATIC_Abu DhabiDhabi&AlAin_SD_PROS_(FA)_(7pmto7am)_Feb26-DAN003,Awareness,Display,Abu Dhabi,United Arab Emirates,3513,33,0.94%,2.89,1214,24.24,0.73,6.9,,,,,,,,89.24%
24-Feb-26,DanubeH_Awareness_Static_Sharjah_SD_PROS_(FA)_(7pmto7am)_Feb26-DAN003,Awareness,Display,Sharjah,United Arab Emirates,2621,24,0.92%,2.80,937,18.08,0.75,6.9,,,,,,,,91.17%
24-Feb-26,DanubeH_Awareness_STATIC_Rest Of United Arab Emirates_SD_PROS_(FA)_(7pmto7am)_Feb26-DAN003,Awareness,Display,Rest Of United Arab Emirates,United Arab Emirates,2471,21,0.85%,2.84,871,17.05,0.81,6.9,,,,,,,,89.22%
24-Feb-26,DanubeH_Awareness_Static_Muscat_Hayakum_Ramadan_PROS_(FA)_Feb26-DAN003,Awareness,Display,Muscat,Oman,4308,38,0.88%,2.95,1460,27.14,0.71,6.3,,,,,,,,90.09%
24-Feb-26,DanubeH_Awareness_Static_Rest Of Oman_Hayakum_Ramadan_PROS_(FA)_Feb26-DAN003,Awareness,Display,Rest Of Oman,Oman,1577,13,0.82%,3.02,523,9.94,0.76,6.3,,,,,,,,89.18%
24-Feb-26,DanubeH_Awareness_STATIC_BH_SD_EN_PROS_(FA)_(8pmto8am)_Feb26-DAN003,Awareness,Display,Bahrain EN,Bahrain,949,8,0.84%,2.95,322,5.98,0.75,6.3,,,,,,,,89.95%
24-Feb-26,DanubeH_Awareness_STATIC_BH_SD_AR_PROS_(FA)_(8pmto8am)_Feb26-DAN003,Awareness,Display,Bahrain AR,Bahrain,1715,14,0.82%,2.93,586,10.8,0.77,6.3,,,,,,,,91.94%
24-Feb-26,DanubeH_Awareness_HTML_Dubai_SD_PROS_(FA)_(7pmto7am)_Feb26-DAN003,Awareness,HTML-Horizontal Product Slider,Dubai,United Arab Emirates,37419,472,1.26%,2.91,12855,258.19,0.55,6.9,,,,,,,,89.27%
24-Feb-26,DanubeH_Awareness_HTML_Abu DhabiDhabi&AlAin_SD_PROS_(FA)_(7pmto7am)_Feb26-DAN003,Awareness,HTML-Horizontal Product Slider,Abu Dhabi,United Arab Emirates,13648,180,1.32%,2.89,4716,94.17,0.52,6.9,,,,,,,,89.98%
24-Feb-26,DanubeH_Awareness_HTML_Sharjah_SD_PROS_(FA)_(7pmto7am)_Feb26-DAN003,Awareness,HTML-Horizontal Product Slider,Sharjah,United Arab Emirates,10181,131,1.29%,2.80,3640,70.25,0.54,6.9,,,,,,,,89.47%
24-Feb-26,DanubeH_Awareness_HTML_Rest Of United Arab Emirates_SD_PROS_(FA)_(7pmto7am)_Feb26-DAN003,Awareness,HTML-Horizontal Product Slider,Rest Of United Arab Emirates,United Arab Emirates,9598,116,1.21%,2.84,3384,66.23,0.57,6.9,,,,,,,,89.28%
24-Feb-26,DanubeH_Awareness_HTML_Muscat_Hayakum_Ramadan_PROS_(FA)_Feb26-DAN003,Awareness,HTML-Horizontal Product Slider,Muscat,Oman,16738,206,1.23%,2.95,5673,105.45,0.51,6.3,,,,,,,,91.12%
24-Feb-26,DanubeH_Awareness_HTML_Rest Of Oman_Haayakum_Ramadan_PROS_(FA)_Feb26-DAN003,Awareness,HTML-Horizontal Product Slider,Rest Of Oman,Oman,6126,72,1.18%,3.02,2031,38.59,0.54,6.3,,,,,,,,89.50%
24-Feb-26,DanubeH_Awareness_HTML_BH_SD_EN_PROS_(FA)_(8pmto8am)_Feb26-DAN003,Awareness,HTML-Horizontal Product Slider,Bahrain EN,Bahrain,3687,46,1.25%,2.95,1249,23.23,0.51,6.3,,,,,,,,91.25%
24-Feb-26,DanubeH_Awareness_HTML_BH_SD_AR_PROS_(FA)_(8pmto8am)_Feb26-DAN003,Awareness,HTML-Horizontal Product Slider,Bahrain AR,Bahrain,6663,78,1.17%,2.93,2277,41.98,0.54,6.3,,,,,,,,89.79%
24-Feb-26,DanubeH_Awareness_HTML_Dubai_SD_PROS_(FA)_(7pmto7am)_Feb26-DAN003,Awareness,HTML-Vertical Product Slider,Dubai,United Arab Emirates,467278,2840,0.61%,2.91,160526,3224.22,1.14,6.9,,,,,,,,91.11%
24-Feb-26,DanubeH_Awareness_HTML_Abu DhabiDhabi&AlAin_SD_PROS_(FA)_(7pmto7am)_Feb26-DAN003,Awareness,HTML-Vertical Product Slider,Abu Dhabi,United Arab Emirates,170436,1083,0.64%,2.89,58895,1176.01,1.09,6.9,,,,,,,,90.63%
24-Feb-26,DanubeH_Awareness_HTML_Sharjah_SD_PROS_(FA)_(7pmto7am)_Feb26-DAN003,Awareness,HTML-Vertical Product Slider,Sharjah,United Arab Emirates,127142,791,0.62%,2.80,45459,877.28,1.11,6.9,,,,,,,,89.81%
24-Feb-26,DanubeH_Awareness_HTML_Rest Of United Arab Emirates_SD_PROS_(FA)_(7pmto7am)_Feb26-DAN003,Awareness,HTML-Vertical Product Slider,Rest Of United Arab Emirates,United Arab Emirates,119861,698,0.58%,2.84,42260,827.04,1.18,6.9,,,,,,,,89.49%
24-Feb-26,DanubeH_Awareness_HTML_Muscat_Hayakum_Ramadan_PROS_(FA)_Feb26-DAN003,Awareness,HTML-Vertical Product Slider,Muscat,Oman,209014,1238,0.59%,2.95,70848,1316.79,1.06,6.3,,,,,,,,91.36%
24-Feb-26,DanubeH_Awareness_HTML_Rest Of Oman_Haayakum_Ramadan_PROS_(FA)_Feb26-DAN003,Awareness,HTML-Vertical Product Slider,Rest Of Oman,Oman,76502,434,0.57%,3.02,25366,481.96,1.11,6.3,,,,,,,,91.32%
24-Feb-26,DanubeH_Awareness_HTML_BH_SD_EN_PROS_(FA)_(8pmto8am)_Feb26-DAN003,Awareness,HTML-Vertical Product Slider,Bahrain EN,Bahrain,46044,277,0.60%,2.95,15601,290.08,1.05,6.3,,,,,,,,90.98%
24-Feb-26,DanubeH_Awareness_HTML_BH_SD_AR_PROS_(FA)_(8pmto8am)_Feb26-DAN003,Awareness,HTML-Vertical Product Slider,Bahrain AR,Bahrain,83206,470,0.56%,2.93,28428,524.2,1.12,6.3,,,,,,,,91.52%
25-Feb-26,DanubeH_Awareness_STATIC_Dubai_SD_PROS_(FA)_(7pmto7am)_Feb26-DAN003,Awareness,Native,Dubai,United Arab Emirates,6049,42,0.69%,2.95,2050,41.74,0.99,6.9,,,,,,,,89.83%
25-Feb-26,DanubeH_Awareness_STATIC_Abu DhabiDhabi&AlAin_SD_PROS_(FA)_(7pmto7am)_Feb26-DAN003,Awareness,Native,Abu Dhabi,United Arab Emirates,4656,33,0.71%,2.93,1589,32.13,0.97,6.9,,,,,,,,90.30%
25-Feb-26,DanubeH_Awareness_Static_Sharjah_SD_PROS_(FA)_(7pmto7am)_Feb26-DAN003,Awareness,Native,Sharjah,United Arab Emirates,2470,17,0.69%,2.92,846,17.04,1.00,6.9,,,,,,,,90.30%
25-Feb-26,DanubeH_Awareness_STATIC_Rest Of United Arab Emirates_SD_PROS_(FA)_(7pmto7am)_Feb26-DAN003,Awareness,Native,Rest Of United Arab Emirates,United Arab Emirates,7190,56,0.78%,2.91,2474,49.61,0.89,6.9,,,,,,,,90.46%
25-Feb-26,DanubeH_Awareness_Static_Muscat_Hayakum_Ramadan_PROS_(FA)_Feb26-DAN003,Awareness,Native,Muscat,Oman,12402,92,0.74%,2.79,4450,78.13,0.85,6.3,,,,,,,,90.88%
25-Feb-26,DanubeH_Awareness_Static_Rest Of Oman_Hayakum_Ramadan_PROS_(FA)_Feb26-DAN003,Awareness,Native,Rest Of Oman,Oman,3399,22,0.65%,2.80,1213,21.41,0.97,6.3,,,,,,,,90.25%
25-Feb-26,DanubeH_Awareness_STATIC_BH_SD_EN_PROS_(FA)_(8pmto8am)_Feb26-DAN003,Awareness,Native,Bahrain EN,Bahrain,4999,34,0.68%,2.98,1678,31.49,0.93,6.3,,,,,,,,90.70%
25-Feb-26,DanubeH_Awareness_STATIC_BH_SD_AR_PROS_(FA)_(8pmto8am)_Feb26-DAN003,Awareness,Native,Bahrain AR,Bahrain,6230,44,0.71%,2.89,2153,39.25,0.89,6.3,,,,,,,,89.10%
25-Feb-26,DanubeH_Awareness_STATIC_Dubai_SD_PROS_(FA)_(7pmto7am)_Feb26-DAN003,Awareness,Display,Dubai,United Arab Emirates,12029,70,0.58%,2.95,4078,83,1.19,6.9,,,,,,,,91.74%
25-Feb-26,DanubeH_Awareness_STATIC_Abu DhabiDhabi&AlAin_SD_PROS_(FA)_(7pmto7am)_Feb26-DAN003,Awareness,Display,Abu Dhabi,United Arab Emirates,9260,55,0.59%,2.93,3160,63.89,1.16,6.9,,,,,,,,90.31%
25-Feb-26,DanubeH_Awareness_Static_Sharjah_SD_PROS_(FA)_(7pmto7am)_Feb26-DAN003,Awareness,Display,Sharjah,United Arab Emirates,4912,28,0.57%,2.92,1682,33.89,1.21,6.9,,,,,,,,89.90%
25-Feb-26,DanubeH_Awareness_STATIC_Rest Of United Arab Emirates_SD_PROS_(FA)_(7pmto7am)_Feb26-DAN003,Awareness,Display,Rest Of United Arab Emirates,United Arab Emirates,14299,93,0.65%,2.91,4920,98.66,1.06,6.9,,,,,,,,89.62%
25-Feb-26,DanubeH_Awareness_Static_Muscat_Hayakum_Ramadan_PROS_(FA)_Feb26-DAN003,Awareness,Display,Muscat,Oman,24664,155,0.63%,2.79,8850,155.38,1.00,6.3,,,,,,,,89.58%
25-Feb-26,DanubeH_Awareness_Static_Rest Of Oman_Hayakum_Ramadan_PROS_(FA)_Feb26-DAN003,Awareness,Display,Rest Of Oman,Oman,6760,37,0.55%,2.80,2413,42.59,1.15,6.3,,,,,,,,89.41%
25-Feb-26,DanubeH_Awareness_STATIC_BH_SD_EN_PROS_(FA)_(8pmto8am)_Feb26-DAN003,Awareness,Display,Bahrain EN,Bahrain,9942,57,0.57%,2.98,3336,62.63,1.10,6.3,,,,,,,,90.68%
25-Feb-26,DanubeH_Awareness_STATIC_BH_SD_AR_PROS_(FA)_(8pmto8am)_Feb26-DAN003,Awareness,Display,Bahrain AR,Bahrain,12389,74,0.60%,2.89,4282,78.05,1.05,6.3,,,,,,,,90.66%
25-Feb-26,DanubeH_Awareness_HTML_Dubai_SD_PROS_(FA)_(7pmto7am)_Feb26-DAN003,Awareness,HTML-Horizontal Product Slider,Dubai,United Arab Emirates,28918,188,0.65%,2.95,9803,199.53,1.06,6.9,,,,,,,,91.11%
25-Feb-26,DanubeH_Awareness_HTML_Abu DhabiDhabi&AlAin_SD_PROS_(FA)_(7pmto7am)_Feb26-DAN003,Awareness,HTML-Horizontal Product Slider,Abu Dhabi,United Arab Emirates,22261,150,0.67%,2.93,7598,153.6,1.02,6.9,,,,,,,,89.55%
25-Feb-26,DanubeH_Awareness_HTML_Sharjah_SD_PROS_(FA)_(7pmto7am)_Feb26-DAN003,Awareness,HTML-Horizontal Product Slider,Sharjah,United Arab Emirates,11810,76,0.64%,2.92,4044,81.49,1.07,6.9,,,,,,,,90.12%
25-Feb-26,DanubeH_Awareness_HTML_Rest Of United Arab Emirates_SD_PROS_(FA)_(7pmto7am)_Feb26-DAN003,Awareness,HTML-Horizontal Product Slider,Rest Of United Arab Emirates,United Arab Emirates,34375,252,0.73%,2.91,11827,237.19,0.94,6.9,,,,,,,,91.45%
25-Feb-26,DanubeH_Awareness_HTML_Muscat_Hayakum_Ramadan_PROS_(FA)_Feb26-DAN003,Awareness,HTML-Horizontal Product Slider,Muscat,Oman,59292,419,0.71%,2.79,21275,373.54,0.89,6.3,,,,,,,,89.93%
25-Feb-26,DanubeH_Awareness_HTML_Rest Of Oman_Haayakum_Ramadan_PROS_(FA)_Feb26-DAN003,Awareness,HTML-Horizontal Product Slider,Rest Of Oman,Oman,16252,99,0.61%,2.80,5800,102.39,1.03,6.3,,,,,,,,90.15%
25-Feb-26,DanubeH_Awareness_HTML_BH_SD_EN_PROS_(FA)_(8pmto8am)_Feb26-DAN003,Awareness,HTML-Horizontal Product Slider,Bahrain EN,Bahrain,23901,153,0.64%,2.98,8020,150.58,0.98,6.3,,,,,,,,91.78%
25-Feb-26,DanubeH_Awareness_HTML_BH_SD_AR_PROS_(FA)_(8pmto8am)_Feb26-DAN003,Awareness,HTML-Horizontal Product Slider,Bahrain AR,Bahrain,29782,201,0.67%,2.89,10295,187.63,0.93,6.3,,,,,,,,91.03%
25-Feb-26,DanubeH_Awareness_HTML_Dubai_SD_PROS_(FA)_(7pmto7am)_Feb26-DAN003,Awareness,HTML-Vertical Product Slider,Dubai,United Arab Emirates,19354,119,0.61%,2.95,6561,133.54,1.12,6.9,,,,,,,,89.06%
25-Feb-26,DanubeH_Awareness_HTML_Abu DhabiDhabi&AlAin_SD_PROS_(FA)_(7pmto7am)_Feb26-DAN003,Awareness,HTML-Vertical Product Slider,Abu Dhabi,United Arab Emirates,14899,94,0.63%,2.93,5085,102.8,1.09,6.9,,,,,,,,91.69%
25-Feb-26,DanubeH_Awareness_HTML_Sharjah_SD_PROS_(FA)_(7pmto7am)_Feb26-DAN003,Awareness,HTML-Vertical Product Slider,Sharjah,United Arab Emirates,7904,48,0.61%,2.92,2707,54.54,1.14,6.9,,,,,,,,91.47%
25-Feb-26,DanubeH_Awareness_HTML_Rest Of United Arab Emirates_SD_PROS_(FA)_(7pmto7am)_Feb26-DAN003,Awareness,HTML-Vertical Product Slider,Rest Of United Arab Emirates,United Arab Emirates,23006,158,0.69%,2.91,7916,158.74,1.00,6.9,,,,,,,,90.86%
25-Feb-26,DanubeH_Awareness_HTML_Muscat_Hayakum_Ramadan_PROS_(FA)_Feb26-DAN003,Awareness,HTML-Vertical Product Slider,Muscat,Oman,39682,264,0.67%,2.79,14238,250,0.95,6.3,,,,,,,,89.12%
25-Feb-26,DanubeH_Awareness_HTML_Rest Of Oman_Haayakum_Ramadan_PROS_(FA)_Feb26-DAN003,Awareness,HTML-Vertical Product Slider,Rest Of Oman,Oman,10877,62,0.57%,2.80,3882,68.53,1.11,6.3,,,,,,,,89.32%
25-Feb-26,DanubeH_Awareness_HTML_BH_SD_EN_PROS_(FA)_(8pmto8am)_Feb26-DAN003,Awareness,HTML-Vertical Product Slider,Bahrain EN,Bahrain,15996,96,0.60%,2.98,5368,100.77,1.05,6.3,,,,,,,,91.12%
25-Feb-26,DanubeH_Awareness_HTML_BH_SD_AR_PROS_(FA)_(8pmto8am)_Feb26-DAN003,Awareness,HTML-Vertical Product Slider,Bahrain AR,Bahrain,19932,126,0.63%,2.89,6890,125.57,1.00,6.3,,,,,,,,89.36%
26-Feb-26,DanubeH_Awareness_STATIC_Dubai_SD_PROS_(FA)_(7pmto7am)_Feb26-DAN003,Awareness,Native,Dubai,United Arab Emirates,10042,74,0.74%,3.14,3197,69.29,0.94,6.9,,,,,,,,90.89%
26-Feb-26,DanubeH_Awareness_STATIC_Abu DhabiDhabi&AlAin_SD_PROS_(FA)_(7pmto7am)_Feb26-DAN003,Awareness,Native,Abu Dhabi,United Arab Emirates,13971,105,0.75%,2.87,4876,96.4,0.92,6.9,,,,,,,,90.60%
26-Feb-26,DanubeH_Awareness_Static_Sharjah_SD_PROS_(FA)_(7pmto7am)_Feb26-DAN003,Awareness,Native,Sharjah,United Arab Emirates,15343,109,0.71%,2.98,5153,105.87,0.97,6.9,,,,,,,,91.05%
26-Feb-26,DanubeH_Awareness_STATIC_Rest Of United Arab Emirates_SD_PROS_(FA)_(7pmto7am)_Feb26-DAN003,Awareness,Native,Rest Of United Arab Emirates,United Arab Emirates,12115,100,0.83%,2.90,4183,83.59,0.84,6.9,,,,,,,,91.49%
26-Feb-26,DanubeH_Awareness_Static_Muscat_Hayakum_Ramadan_PROS_(FA)_Feb26-DAN003,Awareness,Native,Muscat,Oman,15386,115,0.75%,3.02,5088,96.93,0.84,6.3,,,,,,,,91.99%
26-Feb-26,DanubeH_Awareness_Static_Rest Of Oman_Hayakum_Ramadan_PROS_(FA)_Feb26-DAN003,Awareness,Native,Rest Of Oman,Oman,3533,22,0.62%,2.83,1250,22.26,1.01,6.3,,,,,,,,90.41%
26-Feb-26,DanubeH_Awareness_STATIC_BH_SD_EN_PROS_(FA)_(8pmto8am)_Feb26-DAN003,Awareness,Native,Bahrain EN,Bahrain,7886,51,0.65%,2.88,2740,49.68,0.97,6.3,,,,,,,,91.51%
26-Feb-26,DanubeH_Awareness_STATIC_BH_SD_AR_PROS_(FA)_(8pmto8am)_Feb26-DAN003,Awareness,Native,Bahrain AR,Bahrain,10116,70,0.69%,3.00,3371,63.73,0.91,6.3,,,,,,,,91.49%
26-Feb-26,DanubeH_Awareness_STATIC_Dubai_SD_PROS_(FA)_(7pmto7am)_Feb26-DAN003,Awareness,Display,Dubai,United Arab Emirates,3089,33,1.07%,3.14,983,21.31,0.65,6.9,,,,,,,,90.68%
26-Feb-26,DanubeH_Awareness_STATIC_Abu DhabiDhabi&AlAin_SD_PROS_(FA)_(7pmto7am)_Feb26-DAN003,Awareness,Display,Abu Dhabi,United Arab Emirates,4297,47,1.09%,2.86,1500,29.65,0.63,6.9,,,,,,,,91.18%
26-Feb-26,DanubeH_Awareness_Static_Sharjah_SD_PROS_(FA)_(7pmto7am)_Feb26-DAN003,Awareness,Display,Sharjah,United Arab Emirates,4719,49,1.04%,2.98,1585,32.56,0.66,6.9,,,,,,,,91.15%
26-Feb-26,DanubeH_Awareness_STATIC_Rest Of United Arab Emirates_SD_PROS_(FA)_(7pmto7am)_Feb26-DAN003,Awareness,Display,Rest Of United Arab Emirates,United Arab Emirates,3726,45,1.21%,2.90,1287,25.71,0.57,6.9,,,,,,,,89.50%
26-Feb-26,DanubeH_Awareness_Static_Muscat_Hayakum_Ramadan_PROS_(FA)_Feb26-DAN003,Awareness,Display,Muscat,Oman,4732,52,1.10%,3.02,1565,29.81,0.57,6.3,,,,,,,,89.42%
26-Feb-26,DanubeH_Awareness_Static_Rest Of Oman_Hayakum_Ramadan_PROS_(FA)_Feb26-DAN003,Awareness,Display,Rest Of Oman,Oman,1087,10,0.92%,2.83,384,6.85,0.69,6.3,,,,,,,,91.57%
26-Feb-26,DanubeH_Awareness_STATIC_BH_SD_EN_PROS_(FA)_(8pmto8am)_Feb26-DAN003,Awareness,Display,Bahrain EN,Bahrain,2426,23,0.95%,2.88,843,15.28,0.66,6.3,,,,,,,,91.70%
26-Feb-26,DanubeH_Awareness_STATIC_BH_SD_AR_PROS_(FA)_(8pmto8am)_Feb26-DAN003,Awareness,Display,Bahrain AR,Bahrain,3111,32,1.03%,3.00,1037,19.6,0.61,6.3,,,,,,,,89.55%
26-Feb-26,DanubeH_Awareness_HTML_Dubai_SD_PROS_(FA)_(7pmto7am)_Feb26-DAN003,Awareness,HTML-Horizontal Product Slider,Dubai,United Arab Emirates,28043,208,0.74%,3.14,8928,193.5,0.93,6.9,,,,,,,,89.29%
26-Feb-26,DanubeH_Awareness_HTML_Abu DhabiDhabi&AlAin_SD_PROS_(FA)_(7pmto7am)_Feb26-DAN003,Awareness,HTML-Horizontal Product Slider,Abu Dhabi,United Arab Emirates,39015,295,0.76%,2.86,13618,269.2,0.91,6.9,,,,,,,,91.55%
26-Feb-26,DanubeH_Awareness_HTML_Sharjah_SD_PROS_(FA)_(7pmto7am)_Feb26-DAN003,Awareness,HTML-Horizontal Product Slider,Sharjah,United Arab Emirates,42848,306,0.71%,2.98,14390,295.65,0.97,6.9,,,,,,,,90.73%
26-Feb-26,DanubeH_Awareness_HTML_Rest Of United Arab Emirates_SD_PROS_(FA)_(7pmto7am)_Feb26-DAN003,Awareness,HTML-Horizontal Product Slider,Rest Of United Arab Emirates,United Arab Emirates,33833,280,0.83%,2.90,11682,233.45,0.83,6.9,,,,,,,,89.28%
26-Feb-26,DanubeH_Awareness_HTML_Muscat_Hayakum_Ramadan_PROS_(FA)_Feb26-DAN003,Awareness,HTML-Horizontal Product Slider,Muscat,Oman,42967,323,0.75%,3.02,14209,270.69,0.84,6.3,,,,,,,,89.09%
26-Feb-26,DanubeH_Awareness_HTML_Rest Of Oman_Haayakum_Ramadan_PROS_(FA)_Feb26-DAN003,Awareness,HTML-Horizontal Product Slider,Rest Of Oman,Oman,9866,61,0.62%,2.83,3490,62.16,1.02,6.3,,,,,,,,89.27%
26-Feb-26,DanubeH_Awareness_HTML_BH_SD_EN_PROS_(FA)_(8pmto8am)_Feb26-DAN003,Awareness,HTML-Horizontal Product Slider,Bahrain EN,Bahrain,22021,144,0.65%,2.88,7653,138.73,0.96,6.3,,,,,,,,90.94%
26-Feb-26,DanubeH_Awareness_HTML_BH_SD_AR_PROS_(FA)_(8pmto8am)_Feb26-DAN003,Awareness,HTML-Horizontal Product Slider,Bahrain AR,Bahrain,28249,197,0.70%,3.00,9415,177.97,0.90,6.3,,,,,,,,89.99%
26-Feb-26,DanubeH_Awareness_HTML_Dubai_SD_PROS_(FA)_(7pmto7am)_Feb26-DAN003,Awareness,HTML-Vertical Product Slider,Dubai,United Arab Emirates,38313,243,0.63%,3.14,12198,264.36,1.09,6.9,,,,,,,,89.92%
26-Feb-26,DanubeH_Awareness_HTML_Abu DhabiDhabi&AlAin_SD_PROS_(FA)_(7pmto7am)_Feb26-DAN003,Awareness,HTML-Vertical Product Slider,Abu Dhabi,United Arab Emirates,53304,345,0.65%,2.87,18605,367.8,1.07,6.9,,,,,,,,91.07%
26-Feb-26,DanubeH_Awareness_HTML_Sharjah_SD_PROS_(FA)_(7pmto7am)_Feb26-DAN003,Awareness,HTML-Vertical Product Slider,Sharjah,United Arab Emirates,58541,358,0.61%,2.98,19660,403.93,1.13,6.9,,,,,,,,89.13%
26-Feb-26,DanubeH_Awareness_HTML_Rest Of United Arab Emirates_SD_PROS_(FA)_(7pmto7am)_Feb26-DAN003,Awareness,HTML-Vertical Product Slider,Rest Of United Arab Emirates,United Arab Emirates,46224,327,0.71%,2.90,15961,318.95,0.98,6.9,,,,,,,,89.04%
26-Feb-26,DanubeH_Awareness_HTML_Muscat_Hayakum_Ramadan_PROS_(FA)_Feb26-DAN003,Awareness,HTML-Vertical Product Slider,Muscat,Oman,58703,377,0.64%,3.02,19413,369.83,0.98,6.3,,,,,,,,90.93%
26-Feb-26,DanubeH_Awareness_HTML_Rest Of Oman_Haayakum_Ramadan_PROS_(FA)_Feb26-DAN003,Awareness,HTML-Vertical Product Slider,Rest Of Oman,Oman,13480,72,0.53%,2.83,4769,84.92,1.18,6.3,,,,,,,,89.16%
26-Feb-26,DanubeH_Awareness_HTML_BH_SD_EN_PROS_(FA)_(8pmto8am)_Feb26-DAN003,Awareness,HTML-Vertical Product Slider,Bahrain EN,Bahrain,30086,168,0.56%,2.88,10455,189.54,1.13,6.3,,,,,,,,91.22%
26-Feb-26,DanubeH_Awareness_HTML_BH_SD_AR_PROS_(FA)_(8pmto8am)_Feb26-DAN003,Awareness,HTML-Vertical Product Slider,Bahrain AR,Bahrain,38595,230,0.60%,3.00,12863,243.15,1.06,6.3,,,,,,,,91.00%
27-Feb-26,DanubeH_Awareness_STATIC_Dubai_SD_PROS_(FA)_(7pmto7am)_Feb26-DAN003,Awareness,Native,Dubai,United Arab Emirates,113319,713,0.63%,2.94,38551,781.9,1.10,6.9,,,,,,,,91.97%
27-Feb-26,DanubeH_Awareness_STATIC_Abu DhabiDhabi&AlAin_SD_PROS_(FA)_(7pmto7am)_Feb26-DAN003,Awareness,Native,Abu Dhabi,United Arab Emirates,38854,246,0.63%,3.03,12841,268.09,1.09,6.9,,,,,,,,90.82%
27-Feb-26,DanubeH_Awareness_Static_Sharjah_SD_PROS_(FA)_(7pmto7am)_Feb26-DAN003,Awareness,Native,Sharjah,United Arab Emirates,42376,255,0.60%,2.95,14346,292.39,1.15,6.9,,,,,,,,90.47%
27-Feb-26,DanubeH_Awareness_STATIC_Rest Of United Arab Emirates_SD_PROS_(FA)_(7pmto7am)_Feb26-DAN003,Awareness,Native,Rest Of United Arab Emirates,United Arab Emirates,22684,125,0.55%,2.91,7793,156.52,1.25,6.9,,,,,,,,89.25%
27-Feb-26,DanubeH_Awareness_Static_Muscat_Hayakum_Ramadan_PROS_(FA)_Feb26-DAN003,Awareness,Native,Muscat,Oman,25628,146,0.57%,2.99,8562,161.46,1.11,6.3,,,,,,,,89.45%
27-Feb-26,DanubeH_Awareness_Static_Rest Of Oman_Hayakum_Ramadan_PROS_(FA)_Feb26-DAN003,Awareness,Native,Rest Of Oman,Oman,6900,33,0.48%,2.99,2304,43.47,1.32,6.3,,,,,,,,89.41%
27-Feb-26,DanubeH_Awareness_STATIC_BH_SD_EN_PROS_(FA)_(8pmto8am)_Feb26-DAN003,Awareness,Native,Bahrain EN,Bahrain,9367,52,0.56%,2.88,3249,59.01,1.13,6.3,,,,,,,,90.42%
27-Feb-26,DanubeH_Awareness_STATIC_BH_SD_AR_PROS_(FA)_(8pmto8am)_Feb26-DAN003,Awareness,Native,Bahrain AR,Bahrain,14632,74,0.51%,2.81,5215,92.18,1.25,6.3,,,,,,,,91.08%
27-Feb-26,DanubeH_Awareness_STATIC_Dubai_SD_PROS_(FA)_(7pmto7am)_Feb26-DAN003,Awareness,Display,Dubai,United Arab Emirates,105740,682,0.64%,2.94,35973,729.61,1.07,6.9,,,,,,,,91.86%
27-Feb-26,DanubeH_Awareness_STATIC_Abu DhabiDhabi&AlAin_SD_PROS_(FA)_(7pmto7am)_Feb26-DAN003,Awareness,Display,Abu Dhabi,United Arab Emirates,36255,235,0.65%,3.03,11982,250.16,1.06,6.9,,,,,,,,89.55%
27-Feb-26,DanubeH_Awareness_Static_Sharjah_SD_PROS_(FA)_(7pmto7am)_Feb26-DAN003,Awareness,Display,Sharjah,United Arab Emirates,39542,244,0.62%,2.95,13387,272.84,1.12,6.9,,,,,,,,91.43%
27-Feb-26,DanubeH_Awareness_STATIC_Rest Of United Arab Emirates_SD_PROS_(FA)_(7pmto7am)_Feb26-DAN003,Awareness,Display,Rest Of United Arab Emirates,United Arab Emirates,21167,120,0.57%,2.91,7272,146.05,1.22,6.9,,,,,,,,90.44%
27-Feb-26,DanubeH_Awareness_Static_Muscat_Hayakum_Ramadan_PROS_(FA)_Feb26-DAN003,Awareness,Display,Muscat,Oman,23914,139,0.58%,2.99,7989,150.66,1.08,6.3,,,,,,,,89.87%
27-Feb-26,DanubeH_Awareness_Static_Rest Of Oman_Hayakum_Ramadan_PROS_(FA)_Feb26-DAN003,Awareness,Display,Rest Of Oman,Oman,6438,31,0.48%,2.99,2150,40.56,1.31,6.3,,,,,,,,89.49%
27-Feb-26,DanubeH_Awareness_STATIC_BH_SD_EN_PROS_(FA)_(8pmto8am)_Feb26-DAN003,Awareness,Display,Bahrain EN,Bahrain,8740,49,0.56%,2.88,3032,55.06,1.12,6.3,,,,,,,,90.11%
27-Feb-26,DanubeH_Awareness_STATIC_BH_SD_AR_PROS_(FA)_(8pmto8am)_Feb26-DAN003,Awareness,Display,Bahrain AR,Bahrain,13653,71,0.52%,2.81,4866,86.01,1.21,6.3,,,,,,,,91.15%
27-Feb-26,DanubeH_Awareness_HTML_Dubai_SD_PROS_(FA)_(7pmto7am)_Feb26-DAN003,Awareness,HTML-Horizontal Product Slider,Dubai,United Arab Emirates,240389,1724,0.72%,2.94,81781,1658.68,0.96,6.9,,,,,,,,91.92%
27-Feb-26,DanubeH_Awareness_HTML_Abu DhabiDhabi&AlAin_SD_PROS_(FA)_(7pmto7am)_Feb26-DAN003,Awareness,HTML-Horizontal Product Slider,Abu Dhabi,United Arab Emirates,82422,594,0.72%,3.03,27240,568.71,0.96,6.9,,,,,,,,91.06%
27-Feb-26,DanubeH_Awareness_HTML_Sharjah_SD_PROS_(FA)_(7pmto7am)_Feb26-DAN003,Awareness,HTML-Horizontal Product Slider,Sharjah,United Arab Emirates,89895,617,0.69%,2.95,30433,620.28,1.01,6.9,,,,,,,,90.49%
27-Feb-26,DanubeH_Awareness_HTML_Rest Of United Arab Emirates_SD_PROS_(FA)_(7pmto7am)_Feb26-DAN003,Awareness,HTML-Horizontal Product Slider,Rest Of United Arab Emirates,United Arab Emirates,48121,302,0.63%,2.91,16533,332.03,1.10,6.9,,,,,,,,89.71%
27-Feb-26,DanubeH_Awareness_HTML_Muscat_Hayakum_Ramadan_PROS_(FA)_Feb26-DAN003,Awareness,HTML-Horizontal Product Slider,Muscat,Oman,54366,352,0.65%,2.99,18163,342.51,0.97,6.3,,,,,,,,89.84%
27-Feb-26,DanubeH_Awareness_HTML_Rest Of Oman_Haayakum_Ramadan_PROS_(FA)_Feb26-DAN003,Awareness,HTML-Horizontal Product Slider,Rest Of Oman,Oman,14637,79,0.54%,2.99,4888,92.21,1.17,6.3,,,,,,,,91.25%
27-Feb-26,DanubeH_Awareness_HTML_BH_SD_EN_PROS_(FA)_(8pmto8am)_Feb26-DAN003,Awareness,HTML-Horizontal Product Slider,Bahrain EN,Bahrain,19870,125,0.63%,2.88,6893,125.18,1.00,6.3,,,,,,,,91.72%
27-Feb-26,DanubeH_Awareness_HTML_BH_SD_AR_PROS_(FA)_(8pmto8am)_Feb26-DAN003,Awareness,HTML-Horizontal Product Slider,Bahrain AR,Bahrain,31039,180,0.58%,2.81,11062,195.55,1.09,6.3,,,,,,,,89.48%
27-Feb-26,DanubeH_Awareness_HTML_Dubai_SD_PROS_(FA)_(7pmto7am)_Feb26-DAN003,Awareness,HTML-Vertical Product Slider,Dubai,United Arab Emirates,221927,1514,0.68%,2.94,75500,1531.3,1.01,6.9,,,,,,,,91.74%
27-Feb-26,DanubeH_Awareness_HTML_Abu DhabiDhabi&AlAin_SD_PROS_(FA)_(7pmto7am)_Feb26-DAN003,Awareness,HTML-Vertical Product Slider,Abu Dhabi,United Arab Emirates,76092,521,0.68%,3.03,25148,525.03,1.01,6.9,,,,,,,,91.56%
27-Feb-26,DanubeH_Awareness_HTML_Sharjah_SD_PROS_(FA)_(7pmto7am)_Feb26-DAN003,Awareness,HTML-Vertical Product Slider,Sharjah,United Arab Emirates,82991,541,0.65%,2.95,28096,572.64,1.06,6.9,,,,,,,,90.89%
27-Feb-26,DanubeH_Awareness_HTML_Rest Of United Arab Emirates_SD_PROS_(FA)_(7pmto7am)_Feb26-DAN003,Awareness,HTML-Vertical Product Slider,Rest Of United Arab Emirates,United Arab Emirates,44426,265,0.60%,2.91,15263,306.54,1.16,6.9,,,,,,,,89.07%
27-Feb-26,DanubeH_Awareness_HTML_Muscat_Hayakum_Ramadan_PROS_(FA)_Feb26-DAN003,Awareness,HTML-Vertical Product Slider,Muscat,Oman,50191,309,0.62%,2.99,16768,316.2,1.02,6.3,,,,,,,,90.05%
27-Feb-26,DanubeH_Awareness_HTML_Rest Of Oman_Haayakum_Ramadan_PROS_(FA)_Feb26-DAN003,Awareness,HTML-Vertical Product Slider,Rest Of Oman,Oman,13513,70,0.52%,2.99,4512,85.13,1.22,6.3,,,,,,,,89.81%
27-Feb-26,DanubeH_Awareness_HTML_BH_SD_EN_PROS_(FA)_(8pmto8am)_Feb26-DAN003,Awareness,HTML-Vertical Product Slider,Bahrain EN,Bahrain,18344,110,0.60%,2.88,6364,115.57,1.05,6.3,,,,,,,,91.37%
27-Feb-26,DanubeH_Awareness_HTML_BH_SD_AR_PROS_(FA)_(8pmto8am)_Feb26-DAN003,Awareness,HTML-Vertical Product Slider,Bahrain AR,Bahrain,28655,158,0.55%,2.81,10213,180.53,1.14,6.3,,,,,,,,90.43%
28-Feb-26,DanubeH_Awareness_STATIC_Dubai_SD_PROS_(FA)_(7pmto7am)_Feb26-DAN003,Awareness,Native,Dubai,United Arab Emirates,110278,753,0.68%,2.94,37517,760.92,1.01,6.9,,,,,,,,91.34%
28-Feb-26,DanubeH_Awareness_STATIC_Abu DhabiDhabi&AlAin_SD_PROS_(FA)_(7pmto7am)_Feb26-DAN003,Awareness,Native,Abu Dhabi,United Arab Emirates,37811,259,0.68%,3.03,12496,260.9,1.01,6.9,,,,,,,,91.62%
28-Feb-26,DanubeH_Awareness_Static_Sharjah_SD_PROS_(FA)_(7pmto7am)_Feb26-DAN003,Awareness,Native,Sharjah,United Arab Emirates,41239,269,0.65%,2.95,13961,284.55,1.06,6.9,,,,,,,,91.64%
28-Feb-26,DanubeH_Awareness_STATIC_Rest Of United Arab Emirates_SD_PROS_(FA)_(7pmto7am)_Feb26-DAN003,Awareness,Native,Rest Of United Arab Emirates,United Arab Emirates,22076,132,0.60%,2.91,7584,152.32,1.15,6.9,,,,,,,,90.40%
28-Feb-26,DanubeH_Awareness_Static_Muscat_Hayakum_Ramadan_PROS_(FA)_Feb26-DAN003,Awareness,Native,Muscat,Oman,24940,154,0.62%,2.99,8332,157.12,1.02,6.3,,,,,,,,89.95%
28-Feb-26,DanubeH_Awareness_Static_Rest Of Oman_Hayakum_Ramadan_PROS_(FA)_Feb26-DAN003,Awareness,Native,Rest Of Oman,Oman,6715,35,0.52%,3.00,2242,42.3,1.21,6.3,,,,,,,,91.49%
28-Feb-26,DanubeH_Awareness_STATIC_BH_SD_EN_PROS_(FA)_(8pmto8am)_Feb26-DAN003,Awareness,Native,Bahrain EN,Bahrain,9115,54,0.59%,2.88,3162,57.42,1.06,6.3,,,,,,,,90.57%
28-Feb-26,DanubeH_Awareness_STATIC_BH_SD_AR_PROS_(FA)_(8pmto8am)_Feb26-DAN003,Awareness,Native,Bahrain AR,Bahrain,14239,79,0.55%,2.81,5075,89.71,1.14,6.3,,,,,,,,91.53%
28-Feb-26,DanubeH_Awareness_STATIC_Dubai_SD_PROS_(FA)_(7pmto7am)_Feb26-DAN003,Awareness,Display,Dubai,United Arab Emirates,102903,720,0.70%,2.94,35008,710.03,0.99,6.9,,,,,,,,91.23%
28-Feb-26,DanubeH_Awareness_STATIC_Abu DhabiDhabi&AlAin_SD_PROS_(FA)_(7pmto7am)_Feb26-DAN003,Awareness,Display,Abu Dhabi,United Arab Emirates,35282,248,0.70%,3.03,11660,243.45,0.98,6.9,,,,,,,,90.64%
28-Feb-26,DanubeH_Awareness_Static_Sharjah_SD_PROS_(FA)_(7pmto7am)_Feb26-DAN003,Awareness,Display,Sharjah,United Arab Emirates,38481,257,0.67%,2.95,13027,265.52,1.03,6.9,,,,,,,,91.55%
28-Feb-26,DanubeH_Awareness_STATIC_Rest Of United Arab Emirates_SD_PROS_(FA)_(7pmto7am)_Feb26-DAN003,Awareness,Display,Rest Of United Arab Emirates,United Arab Emirates,20599,126,0.61%,2.91,7077,142.13,1.13,6.9,,,,,,,,91.69%
28-Feb-26,DanubeH_Awareness_Static_Muscat_Hayakum_Ramadan_PROS_(FA)_Feb26-DAN003,Awareness,Display,Muscat,Oman,23272,147,0.63%,2.99,7775,146.61,1.00,6.3,,,,,,,,91.57%
28-Feb-26,DanubeH_Awareness_Static_Rest Of Oman_Hayakum_Ramadan_PROS_(FA)_Feb26-DAN003,Awareness,Display,Rest Of Oman,Oman,6266,33,0.53%,3.00,2092,39.48,1.20,6.3,,,,,,,,91.81%
28-Feb-26,DanubeH_Awareness_STATIC_BH_SD_EN_PROS_(FA)_(8pmto8am)_Feb26-DAN003,Awareness,Display,Bahrain EN,Bahrain,8506,52,0.61%,2.88,2951,53.59,1.03,6.3,,,,,,,,89.58%
28-Feb-26,DanubeH_Awareness_STATIC_BH_SD_AR_PROS_(FA)_(8pmto8am)_Feb26-DAN003,Awareness,Display,Bahrain AR,Bahrain,13287,75,0.56%,2.81,4735,83.71,1.12,6.3,,,,,,,,89.66%
28-Feb-26,DanubeH_Awareness_HTML_Dubai_SD_PROS_(FA)_(7pmto7am)_Feb26-DAN003,Awareness,HTML-Horizontal Product Slider,Dubai,United Arab Emirates,233938,1820,0.78%,2.94,79586,1614.17,0.89,6.9,,,,,,,,90.12%
28-Feb-26,DanubeH_Awareness_HTML_Abu DhabiDhabi&AlAin_SD_PROS_(FA)_(7pmto7am)_Feb26-DAN003,Awareness,HTML-Horizontal Product Slider,Abu Dhabi,United Arab Emirates,80210,627,0.78%,3.03,26509,553.45,0.88,6.9,,,,,,,,91.86%
28-Feb-26,DanubeH_Awareness_HTML_Sharjah_SD_PROS_(FA)_(7pmto7am)_Feb26-DAN003,Awareness,HTML-Horizontal Product Slider,Sharjah,United Arab Emirates,87482,651,0.74%,2.95,29617,603.63,0.93,6.9,,,,,,,,90.12%
28-Feb-26,DanubeH_Awareness_HTML_Rest Of United Arab Emirates_SD_PROS_(FA)_(7pmto7am)_Feb26-DAN003,Awareness,HTML-Horizontal Product Slider,Rest Of United Arab Emirates,United Arab Emirates,46830,319,0.68%,2.91,16089,323.13,1.01,6.9,,,,,,,,90.84%
28-Feb-26,DanubeH_Awareness_HTML_Muscat_Hayakum_Ramadan_PROS_(FA)_Feb26-DAN003,Awareness,HTML-Horizontal Product Slider,Muscat,Oman,52907,372,0.70%,2.99,17675,333.31,0.90,6.3,,,,,,,,90.11%
28-Feb-26,DanubeH_Awareness_HTML_Rest Of Oman_Haayakum_Ramadan_PROS_(FA)_Feb26-DAN003,Awareness,HTML-Horizontal Product Slider,Rest Of Oman,Oman,14244,84,0.59%,2.99,4757,89.74,1.07,6.3,,,,,,,,91.48%
28-Feb-26,DanubeH_Awareness_HTML_BH_SD_EN_PROS_(FA)_(8pmto8am)_Feb26-DAN003,Awareness,HTML-Horizontal Product Slider,Bahrain EN,Bahrain,19337,132,0.68%,2.88,6708,121.82,0.92,6.3,,,,,,,,91.09%
28-Feb-26,DanubeH_Awareness_HTML_BH_SD_AR_PROS_(FA)_(8pmto8am)_Feb26-DAN003,Awareness,HTML-Horizontal Product Slider,Bahrain AR,Bahrain,30206,190,0.63%,2.81,10766,190.3,1.00,6.3,,,,,,,,90.30%
28-Feb-26,DanubeH_Awareness_HTML_Dubai_SD_PROS_(FA)_(7pmto7am)_Feb26-DAN003,Awareness,HTML-Vertical Product Slider,Dubai,United Arab Emirates,215972,1597,0.74%,2.94,73474,1490.21,0.93,6.9,,,,,,,,90.94%
28-Feb-26,DanubeH_Awareness_HTML_Abu DhabiDhabi&AlAin_SD_PROS_(FA)_(7pmto7am)_Feb26-DAN003,Awareness,HTML-Vertical Product Slider,Abu Dhabi,United Arab Emirates,74050,550,0.74%,3.03,24473,510.95,0.93,6.9,,,,,,,,89.59%
28-Feb-26,DanubeH_Awareness_HTML_Sharjah_SD_PROS_(FA)_(7pmto7am)_Feb26-DAN003,Awareness,HTML-Vertical Product Slider,Sharjah,United Arab Emirates,80764,571,0.71%,2.95,27342,557.27,0.98,6.9,,,,,,,,90.65%
28-Feb-26,DanubeH_Awareness_HTML_Rest Of United Arab Emirates_SD_PROS_(FA)_(7pmto7am)_Feb26-DAN003,Awareness,HTML-Vertical Product Slider,Rest Of United Arab Emirates,United Arab Emirates,43234,280,0.65%,2.91,14853,298.31,1.07,6.9,,,,,,,,89.11%
28-Feb-26,DanubeH_Awareness_HTML_Muscat_Hayakum_Ramadan_PROS_(FA)_Feb26-DAN003,Awareness,HTML-Vertical Product Slider,Muscat,Oman,48844,326,0.67%,2.99,16318,307.72,0.94,6.3,,,,,,,,90.61%
28-Feb-26,DanubeH_Awareness_HTML_Rest Of Oman_Haayakum_Ramadan_PROS_(FA)_Feb26-DAN003,Awareness,HTML-Vertical Product Slider,Rest Of Oman,Oman,13150,74,0.56%,2.99,4391,82.85,1.12,6.3,,,,,,,,90.65%
28-Feb-26,DanubeH_Awareness_HTML_BH_SD_EN_PROS_(FA)_(8pmto8am)_Feb26-DAN003,Awareness,HTML-Vertical Product Slider,Bahrain EN,Bahrain,17851,116,0.65%,2.88,6193,112.46,0.97,6.3,,,,,,,,91.60%
28-Feb-26,DanubeH_Awareness_HTML_BH_SD_AR_PROS_(FA)_(8pmto8am)_Feb26-DAN003,Awareness,HTML-Vertical Product Slider,Bahrain AR,Bahrain,27886,167,0.60%,2.81,9939,175.68,1.05,6.3,,,,,,,,89.88%
16-Mar-26,DanubeH_Dubai&Sharjah_Static_AW_Open_EN_EidSuperSale_PROS_16Mar26_DAN004,Awareness,Native,Dubai,United Arab Emirates,16938,110,0.65%,2.84,5964,116.87,1.06,6.9,,,,,,,,90.36%
16-Mar-26,DanubeH_Abu Dhabi & Al Ain_Static_AW_Open_AR_EidSuperSale_PROS_16Mar26_DAN004,Awareness,Native,Abu Dhabi,United Arab Emirates,14624,92,0.63%,2.91,5025,100.91,1.10,6.9,,,,,,,,91.93%
16-Mar-26,DanubeH_Rest Of United Arab Emirates_Static_AW_Open_AR_EidSuperSale_PROS_16Mar26_DAN004,Awareness,Native,Rest Of United Arab Emirates,United Arab Emirates,14785,91,0.62%,2.82,5243,102.02,1.12,6.9,,,,,,,,90.85%
16-Mar-26,DanubeH_Muscat_Static_AW_Open_AR_EidSuperSale_PROS_16Mar26_DAN005,Awareness,Native,Muscat,Oman,13573,90,0.66%,2.87,4729,85.51,0.95,6.3,,,,,,,,90.11%
16-Mar-26,DanubeH_Rest Of Oman_Static_AW_Open_AR_EidSuperSale_PROS_16Mar26_DAN004,Awareness,Native,Rest Of Oman,Oman,5523,32,0.58%,2.95,1872,34.79,1.09,6.3,,,,,,,,89.11%
16-Mar-26,DanubeH_Dubai&Sharjah_Static_AW_Open_EN_EidSuperSale_PROS_16Mar26_DAN004,Awareness,Display,Dubai,United Arab Emirates,14865,84,0.57%,2.84,5234,102.57,1.22,6.9,,,,,,,,89.92%
16-Mar-26,DanubeH_Abu Dhabi & Al Ain_Static_AW_Open_AR_EidSuperSale_PROS_16Mar26_DAN004,Awareness,Display,Abu Dhabi,United Arab Emirates,12834,70,0.55%,2.91,4410,88.55,1.27,6.9,,,,,,,,89.62%
16-Mar-26,DanubeH_Rest Of United Arab Emirates_Static_AW_Open_AR_EidSuperSale_PROS_16Mar26_DAN004,Awareness,Display,Rest Of United Arab Emirates,United Arab Emirates,12974,70,0.54%,2.82,4601,89.52,1.28,6.9,,,,,,,,89.05%
16-Mar-26,DanubeH_Muscat_Static_AW_Open_AR_EidSuperSale_PROS_16Mar26_DAN005,Awareness,Display,Muscat,Oman,11911,68,0.57%,2.87,4150,75.04,1.10,6.3,,,,,,,,90.92%
16-Mar-26,DanubeH_Rest Of Oman_Static_AW_Open_AR_EidSuperSale_PROS_16Mar26_DAN004,Awareness,Display,Rest Of Oman,Oman,4847,24,0.50%,2.95,1643,30.54,1.27,6.3,,,,,,,,89.27%
17-Mar-26,DanubeH_Dubai&Sharjah_Static_AW_Open_EN_EidSuperSale_PROS_16Mar26_DAN004,Awareness,Native,Dubai,United Arab Emirates,9920,60,0.60%,3.13,3166,68.45,1.14,6.9,,,,,,,,89.06%
17-Mar-26,DanubeH_Abu Dhabi & Al Ain_Static_AW_Open_AR_EidSuperSale_PROS_16Mar26_DAN004,Awareness,Native,Abu Dhabi,United Arab Emirates,16877,110,0.65%,3.11,5421,116.45,1.06,6.9,,,,,,,,90.92%
17-Mar-26,DanubeH_Rest Of United Arab Emirates_Static_AW_Open_AR_EidSuperSale_PROS_16Mar26_DAN004,Awareness,Native,Rest Of United Arab Emirates,United Arab Emirates,14403,85,0.59%,2.83,5089,99.38,1.17,6.9,,,,,,,,91.98%
17-Mar-26,DanubeH_Muscat_Static_AW_Open_AR_EidSuperSale_PROS_16Mar26_DAN005,Awareness,Native,Muscat,Oman,9963,61,0.61%,2.93,3400,62.77,1.03,6.3,,,,,,,,91.10%
17-Mar-26,DanubeH_Rest Of Oman_Static_AW_Open_AR_EidSuperSale_PROS_16Mar26_DAN004,Awareness,Native,Rest Of Oman,Oman,4903,26,0.53%,3.14,1560,30.89,1.19,6.3,,,,,,,,89.48%
17-Mar-26,DanubeH_Dubai&Sharjah_Static_AW_Open_EN_EidSuperSale_PROS_16Mar26_DAN004,Awareness,Display,Dubai,United Arab Emirates,2486,17,0.68%,3.13,793,17.15,1.01,6.9,,,,,,,,90.16%
17-Mar-26,DanubeH_Abu Dhabi & Al Ain_Static_AW_Open_AR_EidSuperSale_PROS_16Mar26_DAN004,Awareness,Display,Abu Dhabi,United Arab Emirates,4229,31,0.73%,3.11,1358,29.18,0.94,6.9,,,,,,,,91.60%
17-Mar-26,DanubeH_Rest Of United Arab Emirates_Static_AW_Open_AR_EidSuperSale_PROS_16Mar26_DAN004,Awareness,Display,Rest Of United Arab Emirates,United Arab Emirates,3609,24,0.67%,2.83,1275,24.9,1.04,6.9,,,,,,,,89.46%
17-Mar-26,DanubeH_Muscat_Static_AW_Open_AR_EidSuperSale_PROS_16Mar26_DAN005,Awareness,Display,Muscat,Oman,2497,17,0.68%,2.93,852,15.73,0.93,6.3,,,,,,,,89.69%
17-Mar-26,DanubeH_Rest Of Oman_Static_AW_Open_AR_EidSuperSale_PROS_16Mar26_DAN004,Awareness,Display,Rest Of Oman,Oman,1229,7,0.57%,3.14,391,7.74,1.11,6.3,,,,,,,,89.52%
17-Mar-26,DanubeH_Dubai&Sharjah_HTML_AW_Open_EN_EidSuperSale_PROS_17Mar26_DAN004,Awareness,HTML-Horizontal Product Slider,Dubai,United Arab Emirates,11201,67,0.60%,3.13,3575,77.29,1.15,6.9,,,,,,,,89.36%
17-Mar-26,DanubeH_Abu Dhabi & Al Ain_HTML_AW_Open_AR_EidSuperSale_PROS_17Mar26_DAN004,Awareness,HTML-Horizontal Product Slider,Abu Dhabi,United Arab Emirates,19056,123,0.65%,3.11,6121,131.49,1.07,6.9,,,,,,,,91.34%
17-Mar-26,DanubeH_Rest Of United Arab Emirates_HTML_AW_Open_AR_EidSuperSale_PROS_17Mar26_DAN004,Awareness,HTML-Horizontal Product Slider,Rest Of United Arab Emirates,United Arab Emirates,16263,96,0.59%,2.83,5746,112.21,1.17,6.9,,,,,,,,89.51%
17-Mar-26,DanubeH_Muscat_HTML_AW_Open_AR_EidSuperSale_PROS_17Mar26_DAN004,Awareness,HTML-Horizontal Product Slider,Muscat,Oman,11250,69,0.61%,2.93,3839,70.88,1.03,6.3,,,,,,,,90.33%
17-Mar-26,DanubeH_Rest Of Oman_HTML_AW_Open_AR_EidSuperSale_PROS_17Mar26_DAN004,Awareness,HTML-Horizontal Product Slider,Rest Of Oman,Oman,5536,29,0.52%,3.14,1761,34.88,1.20,6.3,,,,,,,,91.37%
18-Mar-26,DanubeH_Dubai&Sharjah_Static_AW_Open_EN_EidSuperSale_PROS_16Mar26_DAN004,Awareness,Native,Dubai,United Arab Emirates,12361,71,0.57%,2.85,4337,85.29,1.20,6.9,,,,,,,,89.11%
18-Mar-26,DanubeH_Abu Dhabi & Al Ain_Static_AW_Open_AR_EidSuperSale_PROS_16Mar26_DAN004,Awareness,Native,Abu Dhabi,United Arab Emirates,8420,52,0.62%,2.99,2816,58.1,1.12,6.9,,,,,,,,89.40%
18-Mar-26,DanubeH_Rest Of United Arab Emirates_Static_AW_Open_AR_EidSuperSale_PROS_16Mar26_DAN004,Awareness,Native,Rest Of United Arab Emirates,United Arab Emirates,7518,41,0.55%,2.87,2620,51.87,1.27,6.9,,,,,,,,91.92%
18-Mar-26,DanubeH_Muscat_Static_AW_Open_AR_EidSuperSale_PROS_16Mar26_DAN005,Awareness,Native,Muscat,Oman,7387,43,0.58%,2.89,2556,46.54,1.08,6.3,,,,,,,,90.90%
18-Mar-26,DanubeH_Rest Of Oman_Static_AW_Open_AR_EidSuperSale_PROS_16Mar26_DAN004,Awareness,Native,Rest Of Oman,Oman,5281,27,0.51%,2.79,1893,33.27,1.23,6.3,,,,,,,,89.34%
18-Mar-26,DanubeH_Dubai&Sharjah_Static_AW_Open_EN_EidSuperSale_PROS_16Mar26_DAN004,Awareness,Display,Dubai,United Arab Emirates,15385,92,0.60%,2.85,5398,106.16,1.15,6.9,,,,,,,,91.88%
18-Mar-26,DanubeH_Abu Dhabi & Al Ain_Static_AW_Open_AR_EidSuperSale_PROS_16Mar26_DAN004,Awareness,Display,Abu Dhabi,United Arab Emirates,10479,68,0.65%,2.99,3505,72.31,1.06,6.9,,,,,,,,90.95%
18-Mar-26,DanubeH_Rest Of United Arab Emirates_Static_AW_Open_AR_EidSuperSale_PROS_16Mar26_DAN004,Awareness,Display,Rest Of United Arab Emirates,United Arab Emirates,9358,53,0.57%,2.87,3260,64.57,1.22,6.9,,,,,,,,89.98%
18-Mar-26,DanubeH_Muscat_Static_AW_Open_AR_EidSuperSale_PROS_16Mar26_DAN005,Awareness,Display,Muscat,Oman,9194,56,0.61%,2.89,3181,57.92,1.03,6.3,,,,,,,,91.76%
18-Mar-26,DanubeH_Rest Of Oman_Static_AW_Open_AR_EidSuperSale_PROS_16Mar26_DAN004,Awareness,Display,Rest Of Oman,Oman,6573,35,0.53%,2.79,2356,41.41,1.18,6.3,,,,,,,,89.35%
18-Mar-26,DanubeH_Dubai&Sharjah_HTML_AW_Open_EN_EidSuperSale_PROS_17Mar26_DAN004,Awareness,HTML-Horizontal Product Slider,Dubai,United Arab Emirates,20925,137,0.65%,2.85,7342,144.38,1.05,6.9,,,,,,,,90.54%
18-Mar-26,DanubeH_Abu Dhabi & Al Ain_HTML_AW_Open_AR_EidSuperSale_PROS_17Mar26_DAN004,Awareness,HTML-Horizontal Product Slider,Abu Dhabi,United Arab Emirates,14253,101,0.71%,2.99,4767,98.35,0.97,6.9,,,,,,,,90.15%
18-Mar-26,DanubeH_Rest Of United Arab Emirates_HTML_AW_Open_AR_EidSuperSale_PROS_17Mar26_DAN004,Awareness,HTML-Horizontal Product Slider,Rest Of United Arab Emirates,United Arab Emirates,12727,79,0.62%,2.87,4435,87.82,1.11,6.9,,,,,,,,89.87%
18-Mar-26,DanubeH_Muscat_HTML_AW_Open_AR_EidSuperSale_PROS_17Mar26_DAN004,Awareness,HTML-Horizontal Product Slider,Muscat,Oman,12505,83,0.66%,2.89,4327,78.78,0.95,6.3,,,,,,,,91.21%
18-Mar-26,DanubeH_Rest Of Oman_HTML_AW_Open_AR_EidSuperSale_PROS_17Mar26_DAN004,Awareness,HTML-Horizontal Product Slider,Rest Of Oman,Oman,8940,52,0.58%,2.79,3204,56.32,1.08,6.3,,,,,,,,91.40%
18-Mar-26,DanubeH_Dubai&Sharjah_HTML_AW_Open_EN_EidSuperSale_PROS_17Mar26_DAN004,Awareness,HTML-Vertical Product Slider,Dubai,United Arab Emirates,6492,40,0.62%,2.85,2278,44.79,1.12,6.9,,,,,,,,89.21%
18-Mar-26,DanubeH_Abu Dhabi & Al Ain_HTML_AW_Open_AR_EidSuperSale_PROS_17Mar26_DAN004,Awareness,HTML-Vertical Product Slider,Abu Dhabi,United Arab Emirates,4422,30,0.68%,2.99,1479,30.51,1.02,6.9,,,,,,,,91.73%
18-Mar-26,DanubeH_Rest Of United Arab Emirates_HTML_AW_Open_AR_EidSuperSale_PROS_17Mar26_DAN004,Awareness,HTML-Vertical Product Slider,Rest Of United Arab Emirates,United Arab Emirates,3949,23,0.58%,2.87,1376,27.25,1.18,6.9,,,,,,,,89.43%
18-Mar-26,DanubeH_Muscat_HTML_AW_Open_AR_EidSuperSale_PROS_17Mar26_DAN004,Awareness,HTML-Vertical Product Slider,Muscat,Oman,3880,25,0.64%,2.89,1342,24.44,0.98,6.3,,,,,,,,91.60%
18-Mar-26,DanubeH_Rest Of Oman_HTML_AW_Open_AR_EidSuperSale_PROS_17Mar26_DAN004,Awareness,HTML-Vertical Product Slider,Rest Of Oman,Oman,2774,15,0.54%,2.79,994,17.48,1.17,6.3,,,,,,,,91.48%
19-Mar-26,DanubeH_Dubai&Sharjah_Static_AW_Open_EN_EidSuperSale_PROS_16Mar26_DAN004,Awareness,Native,Dubai,United Arab Emirates,21073,128,0.61%,2.89,7297,145.4,1.14,6.9,,,,,,,,90.59%
19-Mar-26,DanubeH_Abu Dhabi & Al Ain_Static_AW_Open_AR_EidSuperSale_PROS_16Mar26_DAN004,Awareness,Native,Abu Dhabi,United Arab Emirates,13050,86,0.66%,2.81,4650,90.05,1.05,6.9,,,,,,,,89.82%
19-Mar-26,DanubeH_Rest Of United Arab Emirates_Static_AW_Open_AR_EidSuperSale_PROS_16Mar26_DAN004,Awareness,Native,Rest Of United Arab Emirates,United Arab Emirates,11637,68,0.58%,2.78,4181,80.3,1.18,6.9,,,,,,,,89.43%
19-Mar-26,DanubeH_Muscat_Static_AW_Open_AR_EidSuperSale_PROS_16Mar26_DAN005,Awareness,Native,Muscat,Oman,16545,97,0.59%,3.04,5439,104.23,1.07,6.3,,,,,,,,89.12%
19-Mar-26,DanubeH_Rest Of Oman_Static_AW_Open_AR_EidSuperSale_PROS_16Mar26_DAN004,Awareness,Native,Rest Of Oman,Oman,9734,52,0.53%,3.02,3221,61.32,1.18,6.3,,,,,,,,90.83%
19-Mar-26,DanubeH_Dubai&Sharjah_Static_AW_Open_EN_EidSuperSale_PROS_16Mar26_DAN004,Awareness,Display,Dubai,United Arab Emirates,20696,120,0.58%,2.89,7167,142.8,1.19,6.9,,,,,,,,90.23%
19-Mar-26,DanubeH_Abu Dhabi & Al Ain_Static_AW_Open_AR_EidSuperSale_PROS_16Mar26_DAN004,Awareness,Display,Abu Dhabi,United Arab Emirates,12816,80,0.62%,2.81,4567,88.43,1.11,6.9,,,,,,,,89.77%
19-Mar-26,DanubeH_Rest Of United Arab Emirates_Static_AW_Open_AR_EidSuperSale_PROS_16Mar26_DAN004,Awareness,Display,Rest Of United Arab Emirates,United Arab Emirates,11429,64,0.56%,2.78,4106,78.86,1.23,6.9,,,,,,,,91.21%
19-Mar-26,DanubeH_Muscat_Static_AW_Open_AR_EidSuperSale_PROS_16Mar26_DAN005,Awareness,Display,Muscat,Oman,16248,91,0.56%,3.04,5341,102.36,1.12,6.3,,,,,,,,89.92%
19-Mar-26,DanubeH_Rest Of Oman_Static_AW_Open_AR_EidSuperSale_PROS_16Mar26_DAN004,Awareness,Display,Rest Of Oman,Oman,9560,49,0.51%,3.02,3164,60.23,1.23,6.3,,,,,,,,89.34%
19-Mar-26,DanubeH_Dubai&Sharjah_HTML_AW_Open_EN_EidSuperSale_PROS_17Mar26_DAN004,Awareness,HTML-Horizontal Product Slider,Dubai,United Arab Emirates,62970,407,0.65%,2.89,21806,434.49,1.07,6.9,,,,,,,,90.38%
19-Mar-26,DanubeH_Abu Dhabi & Al Ain_HTML_AW_Open_AR_EidSuperSale_PROS_17Mar26_DAN004,Awareness,HTML-Horizontal Product Slider,Abu Dhabi,United Arab Emirates,38995,272,0.70%,2.81,13896,269.07,0.99,6.9,,,,,,,,90.10%
19-Mar-26,DanubeH_Rest Of United Arab Emirates_HTML_AW_Open_AR_EidSuperSale_PROS_17Mar26_DAN004,Awareness,HTML-Horizontal Product Slider,Rest Of United Arab Emirates,United Arab Emirates,34774,218,0.63%,2.78,12493,239.94,1.10,6.9,,,,,,,,89.36%
19-Mar-26,DanubeH_Muscat_HTML_AW_Open_AR_EidSuperSale_PROS_17Mar26_DAN004,Awareness,HTML-Horizontal Product Slider,Muscat,Oman,49438,308,0.62%,3.04,16252,311.46,1.01,6.3,,,,,,,,90.28%
19-Mar-26,DanubeH_Rest Of Oman_HTML_AW_Open_AR_EidSuperSale_PROS_17Mar26_DAN004,Awareness,HTML-Horizontal Product Slider,Rest Of Oman,Oman,29088,167,0.57%,3.02,9626,183.25,1.10,6.3,,,,,,,,90.26%
19-Mar-26,DanubeH_Dubai&Sharjah_HTML_AW_Open_EN_EidSuperSale_PROS_17Mar26_DAN004,Awareness,HTML-Vertical Product Slider,Dubai,United Arab Emirates,28846,180,0.62%,2.89,9989,199.04,1.11,6.9,,,,,,,,91.39%
19-Mar-26,DanubeH_Abu Dhabi & Al Ain_HTML_AW_Open_AR_EidSuperSale_PROS_17Mar26_DAN004,Awareness,HTML-Vertical Product Slider,Abu Dhabi,United Arab Emirates,17863,121,0.68%,2.81,6365,123.25,1.02,6.9,,,,,,,,89.57%
19-Mar-26,DanubeH_Rest Of United Arab Emirates_HTML_AW_Open_AR_EidSuperSale_PROS_17Mar26_DAN004,Awareness,HTML-Vertical Product Slider,Rest Of United Arab Emirates,United Arab Emirates,15930,96,0.60%,2.78,5723,109.92,1.15,6.9,,,,,,,,89.90%
19-Mar-26,DanubeH_Muscat_HTML_AW_Open_AR_EidSuperSale_PROS_17Mar26_DAN004,Awareness,HTML-Vertical Product Slider,Muscat,Oman,22647,136,0.60%,3.04,7445,142.68,1.05,6.3,,,,,,,,89.32%
19-Mar-26,DanubeH_Rest Of Oman_HTML_AW_Open_AR_EidSuperSale_PROS_17Mar26_DAN004,Awareness,HTML-Vertical Product Slider,Rest Of Oman,Oman,13325,74,0.56%,3.02,4409,83.95,1.13,6.3,,,,,,,,90.99%
20-Mar-26,DanubeH_Dubai&Sharjah_Static_AW_Open_EN_EidSuperSale_PROS_16Mar26_DAN004,Awareness,Native,Dubai,United Arab Emirates,13471,80,0.59%,2.87,4694,92.95,1.16,6.9,,,,,,,,89.94%
20-Mar-26,DanubeH_Abu Dhabi & Al Ain_Static_AW_Open_AR_EidSuperSale_PROS_16Mar26_DAN004,Awareness,Native,Abu Dhabi,United Arab Emirates,10194,62,0.61%,2.91,3503,70.34,1.13,6.9,,,,,,,,90.81%
20-Mar-26,DanubeH_Rest Of United Arab Emirates_Static_AW_Open_AR_EidSuperSale_PROS_16Mar26_DAN004,Awareness,Native,Rest Of United Arab Emirates,United Arab Emirates,6381,34,0.53%,2.83,2255,44.03,1.30,6.9,,,,,,,,90.10%
20-Mar-26,DanubeH_Muscat_Static_AW_Open_AR_EidSuperSale_PROS_16Mar26_DAN005,Awareness,Native,Muscat,Oman,10232,57,0.56%,2.98,3433,64.46,1.13,6.3,,,,,,,,90.40%
20-Mar-26,DanubeH_Rest Of Oman_Static_AW_Open_AR_EidSuperSale_PROS_16Mar26_DAN004,Awareness,Native,Rest Of Oman,Oman,3119,17,0.55%,2.94,1061,19.65,1.16,6.3,,,,,,,,90.01%
20-Mar-26,DanubeH_Dubai&Sharjah_Static_AW_Open_EN_EidSuperSale_PROS_16Mar26_DAN004,Awareness,Display,Dubai,United Arab Emirates,9134,54,0.59%,2.87,3182,63.02,1.17,6.9,,,,,,,,90.14%
20-Mar-26,DanubeH_Abu Dhabi & Al Ain_Static_AW_Open_AR_EidSuperSale_PROS_16Mar26_DAN004,Awareness,Display,Abu Dhabi,United Arab Emirates,6912,41,0.59%,2.91,2375,47.69,1.16,6.9,,,,,,,,89.62%
20-Mar-26,DanubeH_Rest Of United Arab Emirates_Static_AW_Open_AR_EidSuperSale_PROS_16Mar26_DAN004,Awareness,Display,Rest Of United Arab Emirates,United Arab Emirates,4326,23,0.53%,2.83,1529,29.85,1.30,6.9,,,,,,,,89.15%
20-Mar-26,DanubeH_Muscat_Static_AW_Open_AR_EidSuperSale_PROS_16Mar26_DAN005,Awareness,Display,Muscat,Oman,6937,38,0.55%,2.98,2328,43.7,1.15,6.3,,,,,,,,90.33%
20-Mar-26,DanubeH_Rest Of Oman_Static_AW_Open_AR_EidSuperSale_PROS_16Mar26_DAN004,Awareness,Display,Rest Of Oman,Oman,2114,11,0.52%,2.94,719,13.32,1.21,6.3,,,,,,,,90.93%
20-Mar-26,DanubeH_Dubai&Sharjah_HTML_AW_Open_EN_EidSuperSale_PROS_17Mar26_DAN004,Awareness,HTML-Horizontal Product Slider,Dubai,United Arab Emirates,36551,247,0.68%,2.87,12736,252.2,1.02,6.9,,,,,,,,90.26%
20-Mar-26,DanubeH_Abu Dhabi & Al Ain_HTML_AW_Open_AR_EidSuperSale_PROS_17Mar26_DAN004,Awareness,HTML-Horizontal Product Slider,Abu Dhabi,United Arab Emirates,27659,189,0.68%,2.91,9505,190.85,1.01,6.9,,,,,,,,91.31%
20-Mar-26,DanubeH_Rest Of United Arab Emirates_HTML_AW_Open_AR_EidSuperSale_PROS_17Mar26_DAN004,Awareness,HTML-Horizontal Product Slider,Rest Of United Arab Emirates,United Arab Emirates,17313,106,0.61%,2.83,6118,119.46,1.13,6.9,,,,,,,,89.77%
20-Mar-26,DanubeH_Muscat_HTML_AW_Open_AR_EidSuperSale_PROS_17Mar26_DAN004,Awareness,HTML-Horizontal Product Slider,Muscat,Oman,27761,175,0.63%,2.98,9316,174.89,1.00,6.3,,,,,,,,90.84%
20-Mar-26,DanubeH_Rest Of Oman_HTML_AW_Open_AR_EidSuperSale_PROS_17Mar26_DAN004,Awareness,HTML-Horizontal Product Slider,Rest Of Oman,Oman,8462,51,0.60%,2.94,2878,53.31,1.05,6.3,,,,,,,,90.69%
20-Mar-26,DanubeH_Dubai&Sharjah_HTML_AW_Open_EN_EidSuperSale_PROS_17Mar26_DAN004,Awareness,HTML-Vertical Product Slider,Dubai,United Arab Emirates,34951,233,0.67%,2.87,12178,241.16,1.04,6.9,,,,,,,,89.51%
20-Mar-26,DanubeH_Abu Dhabi & Al Ain_HTML_AW_Open_AR_EidSuperSale_PROS_17Mar26_DAN004,Awareness,HTML-Vertical Product Slider,Abu Dhabi,United Arab Emirates,26448,178,0.67%,2.91,9089,182.49,1.03,6.9,,,,,,,,90.00%
20-Mar-26,DanubeH_Rest Of United Arab Emirates_HTML_AW_Open_AR_EidSuperSale_PROS_17Mar26_DAN004,Awareness,HTML-Vertical Product Slider,Rest Of United Arab Emirates,United Arab Emirates,16555,100,0.60%,2.83,5850,114.23,1.14,6.9,,,,,,,,90.11%
20-Mar-26,DanubeH_Muscat_HTML_AW_Open_AR_EidSuperSale_PROS_17Mar26_DAN004,Awareness,HTML-Vertical Product Slider,Muscat,Oman,26545,165,0.62%,2.98,8908,167.23,1.01,6.3,,,,,,,,90.90%
20-Mar-26,DanubeH_Rest Of Oman_HTML_AW_Open_AR_EidSuperSale_PROS_17Mar26_DAN004,Awareness,HTML-Vertical Product Slider,Rest Of Oman,Oman,8091,48,0.59%,2.94,2752,50.97,1.06,6.3,,,,,,,,91.74%
21-Mar-26,DanubeH_Dubai&Sharjah_Static_AW_Open_EN_EidSuperSale_PROS_16Mar26_DAN004,Awareness,Native,Dubai,United Arab Emirates,12326,76,0.62%,2.87,4295,85.05,1.12,6.9,,,,,,,,91.54%
21-Mar-26,DanubeH_Abu Dhabi & Al Ain_Static_AW_Open_AR_EidSuperSale_PROS_16Mar26_DAN004,Awareness,Native,Abu Dhabi,United Arab Emirates,33506,216,0.64%,2.91,11514,231.19,1.07,6.9,,,,,,,,90.84%
21-Mar-26,DanubeH_Rest Of United Arab Emirates_Static_AW_Open_AR_EidSuperSale_PROS_16Mar26_DAN004,Awareness,Native,Rest Of United Arab Emirates,United Arab Emirates,6365,37,0.58%,2.83,2249,43.92,1.19,6.9,,,,,,,,91.83%
21-Mar-26,DanubeH_Muscat_Static_AW_Open_AR_EidSuperSale_PROS_16Mar26_DAN005,Awareness,Native,Muscat,Oman,12160,72,0.59%,2.98,4080,76.61,1.06,6.3,,,,,,,,91.05%
21-Mar-26,DanubeH_Rest Of Oman_Static_AW_Open_AR_EidSuperSale_PROS_16Mar26_DAN004,Awareness,Native,Rest Of Oman,Oman,2752,15,0.55%,2.94,936,17.34,1.16,6.3,,,,,,,,91.31%
21-Mar-26,DanubeH_Dubai&Sharjah_Static_AW_Open_EN_EidSuperSale_PROS_16Mar26_DAN004,Awareness,Display,Dubai,United Arab Emirates,9874,58,0.59%,2.87,3441,68.13,1.17,6.9,,,,,,,,91.40%
21-Mar-26,DanubeH_Abu Dhabi & Al Ain_Static_AW_Open_AR_EidSuperSale_PROS_16Mar26_DAN004,Awareness,Display,Abu Dhabi,United Arab Emirates,26842,166,0.62%,2.91,9224,185.21,1.12,6.9,,,,,,,,91.90%
21-Mar-26,DanubeH_Rest Of United Arab Emirates_Static_AW_Open_AR_EidSuperSale_PROS_16Mar26_DAN004,Awareness,Display,Rest Of United Arab Emirates,United Arab Emirates,5099,28,0.55%,2.83,1802,35.18,1.26,6.9,,,,,,,,91.52%
21-Mar-26,DanubeH_Muscat_Static_AW_Open_AR_EidSuperSale_PROS_16Mar26_DAN005,Awareness,Display,Muscat,Oman,9742,56,0.57%,2.98,3269,61.37,1.10,6.3,,,,,,,,91.46%
21-Mar-26,DanubeH_Rest Of Oman_Static_AW_Open_AR_EidSuperSale_PROS_16Mar26_DAN004,Awareness,Display,Rest Of Oman,Oman,2204,11,0.50%,2.94,750,13.89,1.26,6.3,,,,,,,,91.56%
21-Mar-26,DanubeH_Dubai&Sharjah_HTML_AW_Open_EN_EidSuperSale_PROS_17Mar26_DAN004,Awareness,HTML-Horizontal Product Slider,Dubai,United Arab Emirates,20653,135,0.65%,2.87,7196,142.51,1.06,6.9,,,,,,,,91.32%
21-Mar-26,DanubeH_Abu Dhabi & Al Ain_HTML_AW_Open_AR_EidSuperSale_PROS_17Mar26_DAN004,Awareness,HTML-Horizontal Product Slider,Abu Dhabi,United Arab Emirates,56142,383,0.68%,2.91,19293,387.38,1.01,6.9,,,,,,,,89.03%
21-Mar-26,DanubeH_Rest Of United Arab Emirates_HTML_AW_Open_AR_EidSuperSale_PROS_17Mar26_DAN004,Awareness,HTML-Horizontal Product Slider,Rest Of United Arab Emirates,United Arab Emirates,10665,65,0.61%,2.83,3769,73.59,1.13,6.9,,,,,,,,91.49%
21-Mar-26,DanubeH_Muscat_HTML_AW_Open_AR_EidSuperSale_PROS_17Mar26_DAN004,Awareness,HTML-Horizontal Product Slider,Muscat,Oman,20375,129,0.63%,2.98,6837,128.36,1.00,6.3,,,,,,,,90.58%
21-Mar-26,DanubeH_Rest Of Oman_HTML_AW_Open_AR_EidSuperSale_PROS_17Mar26_DAN004,Awareness,HTML-Horizontal Product Slider,Rest Of Oman,Oman,4611,27,0.59%,2.94,1568,29.05,1.08,6.3,,,,,,,,91.46%
21-Mar-26,DanubeH_Dubai&Sharjah_HTML_AW_Open_EN_EidSuperSale_PROS_17Mar26_DAN004,Awareness,HTML-Vertical Product Slider,Dubai,United Arab Emirates,10321,66,0.64%,2.87,3596,71.21,1.08,6.9,,,,,,,,89.48%
21-Mar-26,DanubeH_Abu Dhabi & Al Ain_HTML_AW_Open_AR_EidSuperSale_PROS_17Mar26_DAN004,Awareness,HTML-Vertical Product Slider,Abu Dhabi,United Arab Emirates,28056,189,0.67%,2.91,9641,193.59,1.02,6.9,,,,,,,,91.85%
21-Mar-26,DanubeH_Rest Of United Arab Emirates_HTML_AW_Open_AR_EidSuperSale_PROS_17Mar26_DAN004,Awareness,HTML-Vertical Product Slider,Rest Of United Arab Emirates,United Arab Emirates,5330,32,0.60%,2.83,1883,36.78,1.15,6.9,,,,,,,,91.36%
21-Mar-26,DanubeH_Muscat_HTML_AW_Open_AR_EidSuperSale_PROS_17Mar26_DAN004,Awareness,HTML-Vertical Product Slider,Muscat,Oman,10182,63,0.62%,2.98,3417,64.15,1.02,6.3,,,,,,,,90.48%
21-Mar-26,DanubeH_Rest Of Oman_HTML_AW_Open_AR_EidSuperSale_PROS_17Mar26_DAN004,Awareness,HTML-Vertical Product Slider,Rest Of Oman,Oman,2304,13,0.56%,2.94,784,14.52,1.12,6.3,,,,,,,,90.03%
22-Mar-26,DanubeH_Dubai&Sharjah_Static_AW_Open_EN_EidSuperSale_PROS_16Mar26_DAN004,Awareness,Native,Dubai,United Arab Emirates,18048,119,0.66%,3.00,6022,124.53,1.05,6.9,,,,,,,,89.74%
22-Mar-26,DanubeH_Abu Dhabi & Al Ain_Static_AW_Open_AR_EidSuperSale_PROS_16Mar26_DAN004,Awareness,Native,Abu Dhabi,United Arab Emirates,18055,126,0.70%,3.01,6005,124.58,0.99,6.9,,,,,,,,91.34%
22-Mar-26,DanubeH_Rest Of United Arab Emirates_Static_AW_Open_AR_EidSuperSale_PROS_16Mar26_DAN004,Awareness,Native,Rest Of United Arab Emirates,United Arab Emirates,5869,39,0.66%,3.09,1900,40.5,1.04,6.9,,,,,,,,91.39%
22-Mar-26,DanubeH_Muscat_Static_AW_Open_AR_EidSuperSale_PROS_16Mar26_DAN005,Awareness,Native,Muscat,Oman,14480,87,0.60%,2.85,5072,91.22,1.05,6.3,,,,,,,,89.24%
22-Mar-26,DanubeH_Rest Of Oman_Static_AW_Open_AR_EidSuperSale_PROS_16Mar26_DAN004,Awareness,Native,Rest Of Oman,Oman,7244,44,0.61%,2.83,2561,45.64,1.04,6.3,,,,,,,,91.66%
22-Mar-26,DanubeH_Dubai&Sharjah_Static_AW_Open_EN_EidSuperSale_PROS_16Mar26_DAN004,Awareness,Display,Dubai,United Arab Emirates,8363,59,0.71%,3.00,2790,57.7,0.98,6.9,,,,,,,,90.44%
22-Mar-26,DanubeH_Abu Dhabi & Al Ain_Static_AW_Open_AR_EidSuperSale_PROS_16Mar26_DAN004,Awareness,Display,Abu Dhabi,United Arab Emirates,8367,62,0.74%,3.01,2783,57.73,0.93,6.9,,,,,,,,91.98%
22-Mar-26,DanubeH_Rest Of United Arab Emirates_Static_AW_Open_AR_EidSuperSale_PROS_16Mar26_DAN004,Awareness,Display,Rest Of United Arab Emirates,United Arab Emirates,2720,19,0.70%,3.09,880,18.77,0.99,6.9,,,,,,,,89.62%
22-Mar-26,DanubeH_Muscat_Static_AW_Open_AR_EidSuperSale_PROS_16Mar26_DAN005,Awareness,Display,Muscat,Oman,6710,43,0.64%,2.86,2350,42.27,0.98,6.3,,,,,,,,89.25%
22-Mar-26,DanubeH_Rest Of Oman_Static_AW_Open_AR_EidSuperSale_PROS_16Mar26_DAN004,Awareness,Display,Rest Of Oman,Oman,3357,22,0.66%,2.83,1187,21.15,0.96,6.3,,,,,,,,91.13%
22-Mar-26,DanubeH_Dubai&Sharjah_HTML_AW_Open_EN_EidSuperSale_PROS_17Mar26_DAN004,Awareness,HTML-Horizontal Product Slider,Dubai,United Arab Emirates,66413,466,0.70%,3.00,22159,458.25,0.98,6.9,,,,,,,,91.39%
22-Mar-26,DanubeH_Abu Dhabi & Al Ain_HTML_AW_Open_AR_EidSuperSale_PROS_17Mar26_DAN004,Awareness,HTML-Horizontal Product Slider,Abu Dhabi,United Arab Emirates,66439,492,0.74%,3.01,22097,458.43,0.93,6.9,,,,,,,,89.61%
22-Mar-26,DanubeH_Rest Of United Arab Emirates_HTML_AW_Open_AR_EidSuperSale_PROS_17Mar26_DAN004,Awareness,HTML-Horizontal Product Slider,Rest Of United Arab Emirates,United Arab Emirates,21598,151,0.70%,3.09,6991,149.03,0.99,6.9,,,,,,,,90.00%
22-Mar-26,DanubeH_Muscat_HTML_AW_Open_AR_EidSuperSale_PROS_17Mar26_DAN004,Awareness,HTML-Horizontal Product Slider,Muscat,Oman,53285,340,0.64%,2.86,18663,335.7,0.99,6.3,,,,,,,,89.05%
22-Mar-26,DanubeH_Rest Of Oman_HTML_AW_Open_AR_EidSuperSale_PROS_17Mar26_DAN004,Awareness,HTML-Horizontal Product Slider,Rest Of Oman,Oman,26658,170,0.64%,2.83,9426,167.95,0.99,6.3,,,,,,,,91.91%
22-Mar-26,DanubeH_Dubai&Sharjah_HTML_AW_Open_EN_EidSuperSale_PROS_17Mar26_DAN004,Awareness,HTML-Vertical Product Slider,Dubai,United Arab Emirates,22823,131,0.57%,3.00,7615,157.48,1.20,6.9,,,,,,,,89.20%
22-Mar-26,DanubeH_Abu Dhabi & Al Ain_HTML_AW_Open_AR_EidSuperSale_PROS_17Mar26_DAN004,Awareness,HTML-Vertical Product Slider,Abu Dhabi,United Arab Emirates,22832,138,0.60%,3.01,7594,157.54,1.14,6.9,,,,,,,,89.87%
22-Mar-26,DanubeH_Rest Of United Arab Emirates_HTML_AW_Open_AR_EidSuperSale_PROS_17Mar26_DAN004,Awareness,HTML-Vertical Product Slider,Rest Of United Arab Emirates,United Arab Emirates,7422,43,0.58%,3.09,2403,51.21,1.19,6.9,,,,,,,,91.31%
22-Mar-26,DanubeH_Muscat_HTML_AW_Open_AR_EidSuperSale_PROS_17Mar26_DAN004,Awareness,HTML-Vertical Product Slider,Muscat,Oman,18312,96,0.52%,2.86,6414,115.37,1.20,6.3,,,,,,,,91.47%
22-Mar-26,DanubeH_Rest Of Oman_HTML_AW_Open_AR_EidSuperSale_PROS_17Mar26_DAN004,Awareness,HTML-Vertical Product Slider,Rest Of Oman,Oman,9161,48,0.52%,2.83,3239,57.71,1.20,6.3,,,,,,,,90.21%
23-Mar-26,DanubeH_Dubai&Sharjah_Static_AW_Open_EN_EidSuperSale_PROS_16Mar26_DAN004,Awareness,Native,Dubai,United Arab Emirates,23607,151,0.64%,3.00,7876,162.89,1.08,6.9,,,,,,,,91.71%
23-Mar-26,DanubeH_Abu Dhabi & Al Ain_Static_AW_Open_AR_EidSuperSale_PROS_16Mar26_DAN004,Awareness,Native,Abu Dhabi,United Arab Emirates,23616,159,0.67%,3.01,7855,162.95,1.02,6.9,,,,,,,,89.27%
23-Mar-26,DanubeH_Rest Of United Arab Emirates_Static_AW_Open_AR_EidSuperSale_PROS_16Mar26_DAN004,Awareness,Native,Rest Of United Arab Emirates,United Arab Emirates,7677,49,0.64%,3.09,2485,52.97,1.08,6.9,,,,,,,,89.25%
23-Mar-26,DanubeH_Muscat_Static_AW_Open_AR_EidSuperSale_PROS_16Mar26_DAN005,Awareness,Native,Muscat,Oman,18940,110,0.58%,2.85,6634,119.32,1.08,6.3,,,,,,,,91.31%
23-Mar-26,DanubeH_Rest Of Oman_Static_AW_Open_AR_EidSuperSale_PROS_16Mar26_DAN004,Awareness,Native,Rest Of Oman,Oman,9476,55,0.58%,2.83,3350,59.7,1.09,6.3,,,,,,,,91.74%
23-Mar-26,DanubeH_Dubai&Sharjah_Static_AW_Open_EN_EidSuperSale_PROS_16Mar26_DAN004,Awareness,Display,Dubai,United Arab Emirates,17670,99,0.56%,3.00,5896,121.92,1.23,6.9,,,,,,,,89.63%
23-Mar-26,DanubeH_Abu Dhabi & Al Ain_Static_AW_Open_AR_EidSuperSale_PROS_16Mar26_DAN004,Awareness,Display,Abu Dhabi,United Arab Emirates,17676,104,0.59%,3.01,5879,121.96,1.17,6.9,,,,,,,,89.31%
23-Mar-26,DanubeH_Rest Of United Arab Emirates_Static_AW_Open_AR_EidSuperSale_PROS_16Mar26_DAN004,Awareness,Display,Rest Of United Arab Emirates,United Arab Emirates,5746,32,0.56%,3.09,1860,39.65,1.24,6.9,,,,,,,,89.31%
23-Mar-26,DanubeH_Muscat_Static_AW_Open_AR_EidSuperSale_PROS_16Mar26_DAN005,Awareness,Display,Muscat,Oman,14177,72,0.51%,2.86,4965,89.32,1.24,6.3,,,,,,,,91.94%
23-Mar-26,DanubeH_Rest Of Oman_Static_AW_Open_AR_EidSuperSale_PROS_16Mar26_DAN004,Awareness,Display,Rest Of Oman,Oman,7092,36,0.51%,2.83,2508,44.68,1.24,6.3,,,,,,,,90.65%
23-Mar-26,DanubeH_Dubai&Sharjah_HTML_AW_Open_EN_EidSuperSale_PROS_17Mar26_DAN004,Awareness,HTML-Horizontal Product Slider,Dubai,United Arab Emirates,59221,411,0.69%,3.00,19759,408.62,0.99,6.9,,,,,,,,89.72%
23-Mar-26,DanubeH_Abu Dhabi & Al Ain_HTML_AW_Open_AR_EidSuperSale_PROS_17Mar26_DAN004,Awareness,HTML-Horizontal Product Slider,Abu Dhabi,United Arab Emirates,59244,434,0.73%,3.01,19704,408.78,0.94,6.9,,,,,,,,91.59%
23-Mar-26,DanubeH_Rest Of United Arab Emirates_HTML_AW_Open_AR_EidSuperSale_PROS_17Mar26_DAN004,Awareness,HTML-Horizontal Product Slider,Rest Of United Arab Emirates,United Arab Emirates,19259,134,0.70%,3.09,6234,132.89,0.99,6.9,,,,,,,,89.10%
23-Mar-26,DanubeH_Muscat_HTML_AW_Open_AR_EidSuperSale_PROS_17Mar26_DAN004,Awareness,HTML-Horizontal Product Slider,Muscat,Oman,47514,300,0.63%,2.86,16642,299.34,1.00,6.3,,,,,,,,89.36%
23-Mar-26,DanubeH_Rest Of Oman_HTML_AW_Open_AR_EidSuperSale_PROS_17Mar26_DAN004,Awareness,HTML-Horizontal Product Slider,Rest Of Oman,Oman,23771,150,0.63%,2.83,8405,149.76,1.00,6.3,,,,,,,,90.15%
23-Mar-26,DanubeH_Dubai&Sharjah_HTML_AW_Open_EN_EidSuperSale_PROS_17Mar26_DAN004,Awareness,HTML-Vertical Product Slider,Dubai,United Arab Emirates,9048,70,0.77%,3.00,3019,62.43,0.89,6.9,,,,,,,,90.93%
23-Mar-26,DanubeH_Abu Dhabi & Al Ain_HTML_AW_Open_AR_EidSuperSale_PROS_17Mar26_DAN004,Awareness,HTML-Vertical Product Slider,Abu Dhabi,United Arab Emirates,9051,73,0.81%,3.01,3010,62.45,0.86,6.9,,,,,,,,89.89%
23-Mar-26,DanubeH_Rest Of United Arab Emirates_HTML_AW_Open_AR_EidSuperSale_PROS_17Mar26_DAN004,Awareness,HTML-Vertical Product Slider,Rest Of United Arab Emirates,United Arab Emirates,2942,23,0.78%,3.09,952,20.3,0.88,6.9,,,,,,,,91.30%
23-Mar-26,DanubeH_Muscat_HTML_AW_Open_AR_EidSuperSale_PROS_17Mar26_DAN004,Awareness,HTML-Vertical Product Slider,Muscat,Oman,7259,51,0.70%,2.85,2543,45.73,0.90,6.3,,,,,,,,90.33%
23-Mar-26,DanubeH_Rest Of Oman_HTML_AW_Open_AR_EidSuperSale_PROS_17Mar26_DAN004,Awareness,HTML-Vertical Product Slider,Rest Of Oman,Oman,3632,25,0.69%,2.83,1284,22.88,0.92,6.3,,,,,,,,91.94%
24-Mar-26,DanubeH_Dubai&Sharjah_Static_AW_Open_EN_PayWeekSale_PROS_24Mar26_DAN005,Awareness,Native,Dubai,United Arab Emirates,5238,32,0.61%,2.82,1858,36.14,1.13,6.9,,,,,,,,91.19%
24-Mar-26,DanubeH_Abu Dhabi & Al Ain_Static_AW_Open_AR_PayWeekSale_PROS_24Mar26_DAN005,Awareness,Native,Abu Dhabi,United Arab Emirates,3967,25,0.63%,2.95,1345,27.37,1.09,6.9,,,,,,,,90.41%
24-Mar-26,DanubeH_Rest Of United Arab Emirates_Static_AW_Open_AR_PayWeekSale_PROS_24Mar26_DAN005,Awareness,Native,Rest Of United Arab Emirates,United Arab Emirates,3063,18,0.59%,2.91,1053,21.13,1.17,6.9,,,,,,,,90.52%
24-Mar-26,DanubeH_Muscat_Static_AW_Open_AR_EidSuperSale_PROS_24Mar26_DAN005,Awareness,Native,Muscat,Oman,9334,58,0.62%,2.86,3264,58.8,1.01,6.3,,,,,,,,90.90%
24-Mar-26,DanubeH_Rest Of Oman_Static_AW_Open_AR_EidSuperSale_PROS_24Mar26_DAN005,Awareness,Native,Rest Of Oman,Oman,5674,33,0.58%,2.81,2019,35.75,1.08,6.3,,,,,,,,89.51%
24-Mar-26,DanubeH_BH_Static_AW_Open_EN_PayWeekSale_PROS_24Mar26_DAN005,Awareness,Native,Bahrain EN,Bahrain,3320,20,0.60%,2.93,1133,20.92,1.05,6.3,,,,,,,,89.34%
24-Mar-26,DanubeH_BH_Static_AW_Open_AR_PayWeekSale_PROS_24Mar26_DAN005,Awareness,Native,Bahrain AR,Bahrain,3254,18,0.55%,2.90,1122,20.5,1.14,6.3,,,,,,,,91.87%
24-Mar-26,DanubeH_Dubai&Sharjah_Static_AW_Open_EN_PayWeekSale_PROS_24Mar26_DAN005,Awareness,Display,Dubai,United Arab Emirates,4197,25,0.60%,2.82,1488,28.96,1.16,6.9,,,,,,,,91.73%
24-Mar-26,DanubeH_Abu Dhabi & Al Ain_Static_AW_Open_AR_PayWeekSale_PROS_24Mar26_DAN005,Awareness,Display,Abu Dhabi,United Arab Emirates,3179,19,0.60%,2.95,1078,21.94,1.15,6.9,,,,,,,,90.86%
24-Mar-26,DanubeH_Rest Of United Arab Emirates_Static_AW_Open_AR_PayWeekSale_PROS_24Mar26_DAN005,Awareness,Display,Rest Of United Arab Emirates,United Arab Emirates,2454,14,0.57%,2.91,844,16.93,1.21,6.9,,,,,,,,89.38%
24-Mar-26,DanubeH_Muscat_Static_AW_Open_AR_EidSuperSale_PROS_24Mar26_DAN005,Awareness,Display,Muscat,Oman,7480,45,0.60%,2.86,2615,47.12,1.05,6.3,,,,,,,,91.03%
24-Mar-26,DanubeH_Rest Of Oman_Static_AW_Open_AR_EidSuperSale_PROS_24Mar26_DAN005,Awareness,Display,Rest Of Oman,Oman,4546,25,0.55%,2.81,1618,28.64,1.15,6.3,,,,,,,,90.17%
24-Mar-26,DanubeH_BH_Static_AW_Open_EN_PayWeekSale_PROS_24Mar26_DAN005,Awareness,Display,Bahrain EN,Bahrain,2660,15,0.56%,2.93,908,16.76,1.12,6.3,,,,,,,,90.58%
24-Mar-26,DanubeH_BH_Static_AW_Open_AR_PayWeekSale_PROS_24Mar26_DAN005,Awareness,Display,Bahrain AR,Bahrain,2607,14,0.54%,2.90,899,16.42,1.17,6.3,,,,,,,,91.95%
24-Mar-26,DanubeH_Dubai&Sharjah_HTML_AW_Open_EN_PayWeekSale_PROS_25Mar26_DAN005,Awareness,HTML-Horizontal Product Slider,Dubai,United Arab Emirates,1794,11,0.61%,2.82,636,12.38,1.13,6.9,,,,,,,,91.35%
24-Mar-26,DanubeH_Abu Dhabi & Al Ain_HTML_AW_Open_AR_PayWeekSale_PROS_25Mar26_DAN005,Awareness,HTML-Horizontal Product Slider,Abu Dhabi,United Arab Emirates,1359,9,0.66%,2.95,461,9.38,1.04,6.9,,,,,,,,89.16%
24-Mar-26,DanubeH_Rest Of United Arab Emirates_HTML_AW_Open_AR_PayWeekSale_PROS_25Mar26_DAN005,Awareness,HTML-Horizontal Product Slider,Rest Of United Arab Emirates,United Arab Emirates,1049,6,0.57%,2.91,361,7.24,1.21,6.9,,,,,,,,91.25%
24-Mar-26,DanubeH_Muscat_HTML_AW_Open_AR_EidSuperSale_PROS_25Mar26_DAN005,Awareness,HTML-Horizontal Product Slider,Muscat,Oman,3197,20,0.63%,2.86,1118,20.14,1.01,6.3,,,,,,,,91.35%
24-Mar-26,DanubeH_Rest Of Oman_HTML_AW_Open_AR_EidSuperSale_PROS_25Mar26_DAN005,Awareness,HTML-Horizontal Product Slider,Rest Of Oman,Oman,1943,11,0.57%,2.81,692,12.24,1.11,6.3,,,,,,,,91.89%
24-Mar-26,DanubeH_BH_HTML_AW_Open_EN_PayWeekSale_PROS_25Mar26_DAN005,Awareness,HTML-Horizontal Product Slider,Bahrain EN,Bahrain,1137,7,0.62%,2.93,388,7.16,1.02,6.3,,,,,,,,91.76%
24-Mar-26,DanubeH_BH_HTML_AW_Open_AR_PayWeekSale_PROS_25Mar26_DAN005,Awareness,HTML-Horizontal Product Slider,Bahrain AR,Bahrain,1114,6,0.54%,2.90,384,7.02,1.17,6.3,,,,,,,,89.64%
24-Mar-26,DanubeH_Dubai&Sharjah_HTML_AW_Open_EN_PayWeekSale_PROS_25Mar26_DAN005,Awareness,HTML-Vertical Product Slider,Dubai,United Arab Emirates,270,2,0.74%,2.81,96,1.86,0.93,6.9,,,,,,,,89.06%
24-Mar-26,DanubeH_Abu Dhabi & Al Ain_HTML_AW_Open_AR_PayWeekSale_PROS_25Mar26_DAN005,Awareness,HTML-Vertical Product Slider,Abu Dhabi,United Arab Emirates,205,1,0.49%,2.97,69,1.41,1.41,6.9,,,,,,,,91.05%
24-Mar-26,DanubeH_Rest Of United Arab Emirates_HTML_AW_Open_AR_PayWeekSale_PROS_25Mar26_DAN005,Awareness,HTML-Vertical Product Slider,Rest Of United Arab Emirates,United Arab Emirates,158,1,0.63%,2.93,54,1.09,1.09,6.9,,,,,,,,89.91%
24-Mar-26,DanubeH_Muscat_HTML_AW_Open_AR_EidSuperSale_PROS_25Mar26_DAN005,Awareness,HTML-Vertical Product Slider,Muscat,Oman,481,3,0.62%,2.86,168,3.03,1.01,6.3,,,,,,,,91.82%
24-Mar-26,DanubeH_Rest Of Oman_HTML_AW_Open_AR_EidSuperSale_PROS_25Mar26_DAN005,Awareness,HTML-Vertical Product Slider,Rest Of Oman,Oman,293,2,0.68%,2.82,104,1.85,0.93,6.3,,,,,,,,89.77%
24-Mar-26,DanubeH_BH_HTML_AW_Open_EN_PayWeekSale_PROS_25Mar26_DAN005,Awareness,HTML-Vertical Product Slider,Bahrain EN,Bahrain,171,1,0.58%,2.95,58,1.08,1.08,6.3,,,,,,,,91.82%
24-Mar-26,DanubeH_BH_HTML_AW_Open_AR_PayWeekSale_PROS_25Mar26_DAN005,Awareness,HTML-Vertical Product Slider,Bahrain AR,Bahrain,168,1,0.60%,2.90,58,1.06,1.06,6.3,,,,,,,,89.14%
25-Mar-26,DanubeH_Dubai&Sharjah_Static_AW_Open_EN_PayWeekSale_PROS_24Mar26_DAN005,Awareness,Native,Dubai,United Arab Emirates,10683,67,0.63%,2.85,3752,73.71,1.10,6.9,,,,,,,,89.52%
25-Mar-26,DanubeH_Abu Dhabi & Al Ain_Static_AW_Open_AR_PayWeekSale_PROS_24Mar26_DAN005,Awareness,Native,Abu Dhabi,United Arab Emirates,18097,116,0.64%,2.94,6158,124.87,1.08,6.9,,,,,,,,90.74%
25-Mar-26,DanubeH_Rest Of United Arab Emirates_Static_AW_Open_AR_PayWeekSale_PROS_24Mar26_DAN005,Awareness,Native,Rest Of United Arab Emirates,United Arab Emirates,14254,86,0.60%,2.96,4822,98.35,1.14,6.9,,,,,,,,89.66%
25-Mar-26,DanubeH_Muscat_Static_AW_Open_AR_EidSuperSale_PROS_24Mar26_DAN005,Awareness,Native,Muscat,Oman,26297,163,0.62%,2.89,9114,165.67,1.02,6.3,,,,,,,,90.93%
25-Mar-26,DanubeH_Rest Of Oman_Static_AW_Open_AR_EidSuperSale_PROS_24Mar26_DAN005,Awareness,Native,Rest Of Oman,Oman,11117,66,0.59%,2.85,3899,70.04,1.06,6.3,,,,,,,,91.51%
25-Mar-26,DanubeH_BH_Static_AW_Open_EN_PayWeekSale_PROS_24Mar26_DAN005,Awareness,Native,Bahrain EN,Bahrain,5807,37,0.64%,2.96,1963,36.58,0.99,6.3,,,,,,,,90.95%
25-Mar-26,DanubeH_BH_Static_AW_Open_AR_PayWeekSale_PROS_24Mar26_DAN005,Awareness,Native,Bahrain AR,Bahrain,7472,45,0.60%,2.94,2542,47.07,1.05,6.3,,,,,,,,90.76%
25-Mar-26,DanubeH_Dubai&Sharjah_Static_AW_Open_EN_PayWeekSale_PROS_24Mar26_DAN005,Awareness,Display,Dubai,United Arab Emirates,7748,45,0.58%,2.85,2721,53.46,1.19,6.9,,,,,,,,90.69%
25-Mar-26,DanubeH_Abu Dhabi & Al Ain_Static_AW_Open_AR_PayWeekSale_PROS_24Mar26_DAN005,Awareness,Display,Abu Dhabi,United Arab Emirates,13124,78,0.59%,2.94,4466,90.56,1.16,6.9,,,,,,,,90.50%
25-Mar-26,DanubeH_Rest Of United Arab Emirates_Static_AW_Open_AR_PayWeekSale_PROS_24Mar26_DAN005,Awareness,Display,Rest Of United Arab Emirates,United Arab Emirates,10338,58,0.56%,2.96,3497,71.33,1.23,6.9,,,,,,,,90.77%
25-Mar-26,DanubeH_Muscat_Static_AW_Open_AR_EidSuperSale_PROS_24Mar26_DAN005,Awareness,Display,Muscat,Oman,19071,110,0.58%,2.89,6610,120.15,1.09,6.3,,,,,,,,90.79%
25-Mar-26,DanubeH_Rest Of Oman_Static_AW_Open_AR_EidSuperSale_PROS_24Mar26_DAN005,Awareness,Display,Rest Of Oman,Oman,8063,44,0.55%,2.85,2828,50.8,1.15,6.3,,,,,,,,91.82%
25-Mar-26,DanubeH_BH_Static_AW_Open_EN_PayWeekSale_PROS_24Mar26_DAN005,Awareness,Display,Bahrain EN,Bahrain,4212,25,0.59%,2.96,1424,26.54,1.06,6.3,,,,,,,,89.69%
25-Mar-26,DanubeH_BH_Static_AW_Open_AR_PayWeekSale_PROS_24Mar26_DAN005,Awareness,Display,Bahrain AR,Bahrain,5419,30,0.55%,2.94,1843,34.14,1.14,6.3,,,,,,,,89.80%
25-Mar-26,DanubeH_Dubai&Sharjah_HTML_AW_Open_EN_PayWeekSale_PROS_25Mar26_DAN005,Awareness,HTML-Horizontal Product Slider,Dubai,United Arab Emirates,9150,58,0.63%,2.85,3214,63.14,1.09,6.9,,,,,,,,91.38%
25-Mar-26,DanubeH_Abu Dhabi & Al Ain_HTML_AW_Open_AR_PayWeekSale_PROS_25Mar26_DAN005,Awareness,HTML-Horizontal Product Slider,Abu Dhabi,United Arab Emirates,15500,101,0.65%,2.94,5275,106.95,1.06,6.9,,,,,,,,90.91%
25-Mar-26,DanubeH_Rest Of United Arab Emirates_HTML_AW_Open_AR_PayWeekSale_PROS_25Mar26_DAN005,Awareness,HTML-Horizontal Product Slider,Rest Of United Arab Emirates,United Arab Emirates,12209,75,0.61%,2.96,4130,84.24,1.12,6.9,,,,,,,,90.55%
25-Mar-26,DanubeH_Muscat_HTML_AW_Open_AR_EidSuperSale_PROS_25Mar26_DAN005,Awareness,HTML-Horizontal Product Slider,Muscat,Oman,22523,142,0.63%,2.89,7806,141.89,1.00,6.3,,,,,,,,89.77%
25-Mar-26,DanubeH_Rest Of Oman_HTML_AW_Open_AR_EidSuperSale_PROS_25Mar26_DAN005,Awareness,HTML-Horizontal Product Slider,Rest Of Oman,Oman,9522,57,0.60%,2.85,3339,59.99,1.05,6.3,,,,,,,,89.64%
25-Mar-26,DanubeH_BH_HTML_AW_Open_EN_PayWeekSale_PROS_25Mar26_DAN005,Awareness,HTML-Horizontal Product Slider,Bahrain EN,Bahrain,4974,32,0.64%,2.96,1681,31.34,0.98,6.3,,,,,,,,91.21%
25-Mar-26,DanubeH_BH_HTML_AW_Open_AR_PayWeekSale_PROS_25Mar26_DAN005,Awareness,HTML-Horizontal Product Slider,Bahrain AR,Bahrain,6400,39,0.61%,2.94,2177,40.32,1.03,6.3,,,,,,,,90.47%
25-Mar-26,DanubeH_Dubai&Sharjah_HTML_AW_Open_EN_PayWeekSale_PROS_25Mar26_DAN005,Awareness,HTML-Vertical Product Slider,Dubai,United Arab Emirates,4853,29,0.60%,2.85,1704,33.49,1.15,6.9,,,,,,,,89.96%
25-Mar-26,DanubeH_Abu Dhabi & Al Ain_HTML_AW_Open_AR_PayWeekSale_PROS_25Mar26_DAN005,Awareness,HTML-Vertical Product Slider,Abu Dhabi,United Arab Emirates,8220,51,0.62%,2.94,2797,56.72,1.11,6.9,,,,,,,,89.17%
25-Mar-26,DanubeH_Rest Of United Arab Emirates_HTML_AW_Open_AR_PayWeekSale_PROS_25Mar26_DAN005,Awareness,HTML-Vertical Product Slider,Rest Of United Arab Emirates,United Arab Emirates,6475,38,0.59%,2.96,2190,44.68,1.18,6.9,,,,,,,,91.22%
25-Mar-26,DanubeH_Muscat_HTML_AW_Open_AR_EidSuperSale_PROS_25Mar26_DAN005,Awareness,HTML-Vertical Product Slider,Muscat,Oman,11945,72,0.60%,2.89,4140,75.25,1.05,6.3,,,,,,,,89.81%
25-Mar-26,DanubeH_Rest Of Oman_HTML_AW_Open_AR_EidSuperSale_PROS_25Mar26_DAN005,Awareness,HTML-Vertical Product Slider,Rest Of Oman,Oman,5050,29,0.57%,2.85,1771,31.82,1.10,6.3,,,,,,,,90.13%
25-Mar-26,DanubeH_BH_HTML_AW_Open_EN_PayWeekSale_PROS_25Mar26_DAN005,Awareness,HTML-Vertical Product Slider,Bahrain EN,Bahrain,2638,16,0.61%,2.96,892,16.62,1.04,6.3,,,,,,,,89.82%
25-Mar-26,DanubeH_BH_HTML_AW_Open_AR_PayWeekSale_PROS_25Mar26_DAN005,Awareness,HTML-Vertical Product Slider,Bahrain AR,Bahrain,3394,20,0.59%,2.94,1155,21.38,1.07,6.3,,,,,,,,89.12%
26-Mar-26,DanubeH_Dubai&Sharjah_Static_AW_Open_EN_PayWeekSale_PROS_24Mar26_DAN005,Awareness,Native,Dubai,United Arab Emirates,15162,93,0.61%,2.89,5254,104.62,1.12,6.9,,,,,,,,89.21%
26-Mar-26,DanubeH_Abu Dhabi & Al Ain_Static_AW_Open_AR_PayWeekSale_PROS_24Mar26_DAN005,Awareness,Native,Abu Dhabi,United Arab Emirates,27009,171,0.63%,2.91,9276,186.36,1.09,6.9,,,,,,,,91.36%
26-Mar-26,DanubeH_Rest Of United Arab Emirates_Static_AW_Open_AR_PayWeekSale_PROS_24Mar26_DAN005,Awareness,Native,Rest Of United Arab Emirates,United Arab Emirates,7873,49,0.62%,3.02,2611,54.32,1.11,6.9,,,,,,,,89.98%
26-Mar-26,DanubeH_Muscat_Static_AW_Open_AR_EidSuperSale_PROS_24Mar26_DAN005,Awareness,Native,Muscat,Oman,17051,106,0.62%,2.94,5795,107.42,1.01,6.3,,,,,,,,91.57%
26-Mar-26,DanubeH_Rest Of Oman_Static_AW_Open_AR_EidSuperSale_PROS_24Mar26_DAN005,Awareness,Native,Rest Of Oman,Oman,5478,33,0.60%,2.89,1895,34.51,1.05,6.3,,,,,,,,89.53%
26-Mar-26,DanubeH_BH_Static_AW_Open_EN_PayWeekSale_PROS_24Mar26_DAN005,Awareness,Native,Bahrain EN,Bahrain,9929,60,0.60%,2.92,3399,62.55,1.04,6.3,,,,,,,,89.43%
26-Mar-26,DanubeH_BH_Static_AW_Open_AR_PayWeekSale_PROS_24Mar26_DAN005,Awareness,Native,Bahrain AR,Bahrain,5771,34,0.59%,3.01,1919,36.36,1.07,6.3,,,,,,,,91.47%
26-Mar-26,DanubeH_Dubai&Sharjah_Static_AW_Open_EN_PayWeekSale_PROS_24Mar26_DAN005,Awareness,Display,Dubai,United Arab Emirates,7797,44,0.56%,2.89,2702,53.8,1.22,6.9,,,,,,,,90.17%
26-Mar-26,DanubeH_Abu Dhabi & Al Ain_Static_AW_Open_AR_PayWeekSale_PROS_24Mar26_DAN005,Awareness,Display,Abu Dhabi,United Arab Emirates,13890,81,0.58%,2.91,4770,95.84,1.18,6.9,,,,,,,,90.49%
26-Mar-26,DanubeH_Rest Of United Arab Emirates_Static_AW_Open_AR_PayWeekSale_PROS_24Mar26_DAN005,Awareness,Display,Rest Of United Arab Emirates,United Arab Emirates,4049,23,0.57%,3.01,1343,27.94,1.21,6.9,,,,,,,,89.01%
26-Mar-26,DanubeH_Muscat_Static_AW_Open_AR_EidSuperSale_PROS_24Mar26_DAN005,Awareness,Display,Muscat,Oman,8769,50,0.57%,2.94,2980,55.24,1.10,6.3,,,,,,,,91.91%
26-Mar-26,DanubeH_Rest Of Oman_Static_AW_Open_AR_EidSuperSale_PROS_24Mar26_DAN005,Awareness,Display,Rest Of Oman,Oman,2817,15,0.53%,2.89,975,17.75,1.18,6.3,,,,,,,,91.43%
26-Mar-26,DanubeH_BH_Static_AW_Open_EN_PayWeekSale_PROS_24Mar26_DAN005,Awareness,Display,Bahrain EN,Bahrain,5106,28,0.55%,2.92,1748,32.17,1.15,6.3,,,,,,,,91.08%
26-Mar-26,DanubeH_BH_Static_AW_Open_AR_PayWeekSale_PROS_24Mar26_DAN005,Awareness,Display,Bahrain AR,Bahrain,2968,16,0.54%,3.01,987,18.7,1.17,6.3,,,,,,,,91.10%
26-Mar-26,DanubeH_Dubai&Sharjah_HTML_AW_Open_EN_PayWeekSale_PROS_25Mar26_DAN005,Awareness,HTML-Horizontal Product Slider,Dubai,United Arab Emirates,52521,335,0.64%,2.89,18199,362.39,1.08,6.9,,,,,,,,89.17%
26-Mar-26,DanubeH_Abu Dhabi & Al Ain_HTML_AW_Open_AR_PayWeekSale_PROS_25Mar26_DAN005,Awareness,HTML-Horizontal Product Slider,Abu Dhabi,United Arab Emirates,93556,614,0.66%,2.91,32132,645.54,1.05,6.9,,,,,,,,91.18%
26-Mar-26,DanubeH_Rest Of United Arab Emirates_HTML_AW_Open_AR_PayWeekSale_PROS_25Mar26_DAN005,Awareness,HTML-Horizontal Product Slider,Rest Of United Arab Emirates,United Arab Emirates,27270,176,0.65%,3.01,9045,188.16,1.07,6.9,,,,,,,,89.87%
26-Mar-26,DanubeH_Muscat_HTML_AW_Open_AR_EidSuperSale_PROS_25Mar26_DAN005,Awareness,HTML-Horizontal Product Slider,Muscat,Oman,59064,380,0.64%,2.94,20074,372.1,0.98,6.3,,,,,,,,91.39%
26-Mar-26,DanubeH_Rest Of Oman_HTML_AW_Open_AR_EidSuperSale_PROS_25Mar26_DAN005,Awareness,HTML-Horizontal Product Slider,Rest Of Oman,Oman,18977,117,0.62%,2.89,6565,119.56,1.02,6.3,,,,,,,,90.11%
26-Mar-26,DanubeH_BH_HTML_AW_Open_EN_PayWeekSale_PROS_25Mar26_DAN005,Awareness,HTML-Horizontal Product Slider,Bahrain EN,Bahrain,34394,214,0.62%,2.92,11774,216.68,1.01,6.3,,,,,,,,91.53%
26-Mar-26,DanubeH_BH_HTML_AW_Open_AR_PayWeekSale_PROS_25Mar26_DAN005,Awareness,HTML-Horizontal Product Slider,Bahrain AR,Bahrain,19991,122,0.61%,3.01,6646,125.94,1.03,6.3,,,,,,,,89.70%
26-Mar-26,DanubeH_Dubai&Sharjah_HTML_AW_Open_EN_PayWeekSale_PROS_25Mar26_DAN005,Awareness,HTML-Vertical Product Slider,Dubai,United Arab Emirates,9133,57,0.62%,2.89,3165,63.02,1.11,6.9,,,,,,,,91.71%
26-Mar-26,DanubeH_Abu Dhabi & Al Ain_HTML_AW_Open_AR_PayWeekSale_PROS_25Mar26_DAN005,Awareness,HTML-Vertical Product Slider,Abu Dhabi,United Arab Emirates,16269,105,0.65%,2.91,5588,112.26,1.07,6.9,,,,,,,,91.44%
26-Mar-26,DanubeH_Rest Of United Arab Emirates_HTML_AW_Open_AR_PayWeekSale_PROS_25Mar26_DAN005,Awareness,HTML-Vertical Product Slider,Rest Of United Arab Emirates,United Arab Emirates,4742,30,0.63%,3.01,1573,32.72,1.09,6.9,,,,,,,,91.47%
26-Mar-26,DanubeH_Muscat_HTML_AW_Open_AR_EidSuperSale_PROS_25Mar26_DAN005,Awareness,HTML-Vertical Product Slider,Muscat,Oman,10271,65,0.63%,2.94,3491,64.71,1.00,6.3,,,,,,,,91.11%
26-Mar-26,DanubeH_Rest Of Oman_HTML_AW_Open_AR_EidSuperSale_PROS_25Mar26_DAN005,Awareness,HTML-Vertical Product Slider,Rest Of Oman,Oman,3300,20,0.61%,2.89,1142,20.79,1.04,6.3,,,,,,,,89.79%
26-Mar-26,DanubeH_BH_HTML_AW_Open_EN_PayWeekSale_PROS_25Mar26_DAN005,Awareness,HTML-Vertical Product Slider,Bahrain EN,Bahrain,5981,36,0.60%,2.92,2048,37.68,1.05,6.3,,,,,,,,90.97%
26-Mar-26,DanubeH_BH_HTML_AW_Open_AR_PayWeekSale_PROS_25Mar26_DAN005,Awareness,HTML-Vertical Product Slider,Bahrain AR,Bahrain,3476,21,0.60%,3.01,1156,21.9,1.04,6.3,,,,,,,,91.70%
27-Mar-26,DanubeH_Dubai&Sharjah_Static_AW_Open_EN_PayWeekSale_PROS_24Mar26_DAN005,Awareness,Native,Dubai,United Arab Emirates,16017,102,0.64%,2.84,5631,110.52,1.08,6.9,,,,,,,,91.12%
27-Mar-26,DanubeH_Abu Dhabi & Al Ain_Static_AW_Open_AR_PayWeekSale_PROS_24Mar26_DAN005,Awareness,Native,Abu Dhabi,United Arab Emirates,15204,106,0.70%,2.96,5139,104.91,0.99,6.9,,,,,,,,91.85%
27-Mar-26,DanubeH_Rest Of United Arab Emirates_Static_AW_Open_AR_PayWeekSale_PROS_24Mar26_DAN005,Awareness,Native,Rest Of United Arab Emirates,United Arab Emirates,258,5,1.94%,1.71,151,1.78,0.36,6.9,,,,,,,,90.54%
27-Mar-26,DanubeH_Muscat_Static_AW_Open_AR_EidSuperSale_PROS_24Mar26_DAN005,Awareness,Native,Muscat,Oman,21740,138,0.63%,2.97,7329,136.96,0.99,6.3,,,,,,,,89.84%
27-Mar-26,DanubeH_Rest Of Oman_Static_AW_Open_AR_EidSuperSale_PROS_24Mar26_DAN005,Awareness,Native,Rest Of Oman,Oman,4933,32,0.65%,2.94,1676,31.08,0.97,6.3,,,,,,,,89.77%
27-Mar-26,DanubeH_BH_Static_AW_Open_EN_PayWeekSale_PROS_24Mar26_DAN005,Awareness,Native,Bahrain EN,Bahrain,7384,49,0.66%,3.03,2439,46.52,0.95,6.3,,,,,,,,90.62%
27-Mar-26,DanubeH_BH_Static_AW_Open_AR_PayWeekSale_PROS_24Mar26_DAN005,Awareness,Native,Bahrain AR,Bahrain,9410,61,0.65%,2.99,3144,59.28,0.97,6.3,,,,,,,,90.46%
27-Mar-26,DanubeH_Dubai&Sharjah_Static_AW_Open_EN_PayWeekSale_PROS_24Mar26_DAN005,Awareness,Display,Dubai,United Arab Emirates,2559,7,0.27%,2.84,900,17.66,2.52,6.9,,,,,,,,89.59%
27-Mar-26,DanubeH_Abu Dhabi & Al Ain_Static_AW_Open_AR_PayWeekSale_PROS_24Mar26_DAN005,Awareness,Display,Abu Dhabi,United Arab Emirates,2429,7,0.29%,2.96,821,16.76,2.39,6.9,,,,,,,,90.19%
27-Mar-26,DanubeH_Rest Of United Arab Emirates_Static_AW_Open_AR_PayWeekSale_PROS_24Mar26_DAN005,Awareness,Display,Rest Of United Arab Emirates,United Arab Emirates,41,0,0.00%,1.71,24,0.28,#DIV/0!,6.9,,,,,,,,91.71%
27-Mar-26,DanubeH_Muscat_Static_AW_Open_AR_EidSuperSale_PROS_24Mar26_DAN005,Awareness,Display,Muscat,Oman,3473,9,0.26%,2.97,1171,21.88,2.43,6.3,,,,,,,,89.22%
27-Mar-26,DanubeH_Rest Of Oman_Static_AW_Open_AR_EidSuperSale_PROS_24Mar26_DAN005,Awareness,Display,Rest Of Oman,Oman,788,2,0.25%,2.94,268,4.96,2.48,6.3,,,,,,,,90.23%
27-Mar-26,DanubeH_BH_Static_AW_Open_EN_PayWeekSale_PROS_24Mar26_DAN005,Awareness,Display,Bahrain EN,Bahrain,1180,3,0.25%,3.03,390,7.43,2.48,6.3,,,,,,,,90.31%
27-Mar-26,DanubeH_BH_Static_AW_Open_AR_PayWeekSale_PROS_24Mar26_DAN005,Awareness,Display,Bahrain AR,Bahrain,1503,4,0.27%,2.99,502,9.47,2.37,6.3,,,,,,,,89.24%
27-Mar-26,DanubeH_Dubai&Sharjah_HTML_AW_Open_EN_PayWeekSale_PROS_25Mar26_DAN005,Awareness,HTML-Horizontal Product Slider,Dubai,United Arab Emirates,44044,285,0.65%,2.84,15485,303.9,1.07,6.9,,,,,,,,91.93%
27-Mar-26,DanubeH_Abu Dhabi & Al Ain_HTML_AW_Open_AR_PayWeekSale_PROS_25Mar26_DAN005,Awareness,HTML-Horizontal Product Slider,Abu Dhabi,United Arab Emirates,41806,296,0.71%,2.96,14132,288.46,0.97,6.9,,,,,,,,91.98%
27-Mar-26,DanubeH_Rest Of United Arab Emirates_HTML_AW_Open_AR_PayWeekSale_PROS_25Mar26_DAN005,Awareness,HTML-Horizontal Product Slider,Rest Of United Arab Emirates,United Arab Emirates,711,15,2.11%,1.71,416,4.91,0.33,6.9,,,,,,,,89.29%
27-Mar-26,DanubeH_Muscat_HTML_AW_Open_AR_EidSuperSale_PROS_25Mar26_DAN005,Awareness,HTML-Horizontal Product Slider,Muscat,Oman,59779,387,0.65%,2.97,20153,376.61,0.97,6.3,,,,,,,,89.70%
27-Mar-26,DanubeH_Rest Of Oman_HTML_AW_Open_AR_EidSuperSale_PROS_25Mar26_DAN005,Awareness,HTML-Horizontal Product Slider,Rest Of Oman,Oman,13565,89,0.66%,2.94,4608,85.46,0.96,6.3,,,,,,,,90.34%
27-Mar-26,DanubeH_BH_HTML_AW_Open_EN_PayWeekSale_PROS_25Mar26_DAN005,Awareness,HTML-Horizontal Product Slider,Bahrain EN,Bahrain,20305,136,0.67%,3.03,6708,127.92,0.94,6.3,,,,,,,,90.38%
27-Mar-26,DanubeH_BH_HTML_AW_Open_AR_PayWeekSale_PROS_25Mar26_DAN005,Awareness,HTML-Horizontal Product Slider,Bahrain AR,Bahrain,25876,172,0.66%,2.99,8645,163.02,0.95,6.3,,,,,,,,89.17%
27-Mar-26,DanubeH_Dubai&Sharjah_HTML_AW_Open_EN_PayWeekSale_PROS_25Mar26_DAN005,Awareness,HTML-Vertical Product Slider,Dubai,United Arab Emirates,18187,107,0.59%,2.84,6394,125.49,1.17,6.9,,,,,,,,90.12%
27-Mar-26,DanubeH_Abu Dhabi & Al Ain_HTML_AW_Open_AR_PayWeekSale_PROS_25Mar26_DAN005,Awareness,HTML-Vertical Product Slider,Abu Dhabi,United Arab Emirates,17263,111,0.64%,2.96,5836,119.11,1.07,6.9,,,,,,,,89.47%
27-Mar-26,DanubeH_Rest Of United Arab Emirates_HTML_AW_Open_AR_PayWeekSale_PROS_25Mar26_DAN005,Awareness,HTML-Vertical Product Slider,Rest Of United Arab Emirates,United Arab Emirates,293,6,2.05%,1.70,172,2.02,0.34,6.9,,,,,,,,91.23%
27-Mar-26,DanubeH_Muscat_HTML_AW_Open_AR_EidSuperSale_PROS_25Mar26_DAN005,Awareness,HTML-Vertical Product Slider,Muscat,Oman,24685,145,0.59%,2.97,8322,155.52,1.07,6.3,,,,,,,,90.99%
27-Mar-26,DanubeH_Rest Of Oman_HTML_AW_Open_AR_EidSuperSale_PROS_25Mar26_DAN005,Awareness,HTML-Vertical Product Slider,Rest Of Oman,Oman,5601,34,0.61%,2.94,1903,35.29,1.04,6.3,,,,,,,,91.77%
27-Mar-26,DanubeH_BH_HTML_AW_Open_EN_PayWeekSale_PROS_25Mar26_DAN005,Awareness,HTML-Vertical Product Slider,Bahrain EN,Bahrain,8385,51,0.61%,3.03,2770,52.83,1.04,6.3,,,,,,,,91.65%
27-Mar-26,DanubeH_BH_HTML_AW_Open_AR_PayWeekSale_PROS_25Mar26_DAN005,Awareness,HTML-Vertical Product Slider,Bahrain AR,Bahrain,10685,64,0.60%,2.99,3570,67.32,1.05,6.3,,,,,,,,92.00%
28-Mar-26,DanubeH_Muscat_Static_AW_Open_AR_EidSuperSale_PROS_24Mar26_DAN005,Awareness,Native,Muscat,Oman,13006,81,0.62%,3.03,4293,81.94,1.01,6.3,,,,,,,,89.29%
28-Mar-26,DanubeH_Rest Of Oman_Static_AW_Open_AR_EidSuperSale_PROS_24Mar26_DAN005,Awareness,Native,Rest Of Oman,Oman,6524,42,0.64%,2.95,2210,41.1,0.98,6.3,,,,,,,,89.26%
28-Mar-26,DanubeH_BH_Static_AW_Open_EN_PayWeekSale_PROS_24Mar26_DAN005,Awareness,Native,Bahrain EN,Bahrain,5053,34,0.67%,2.87,1763,31.83,0.94,6.3,,,,,,,,90.61%
28-Mar-26,DanubeH_BH_Static_AW_Open_AR_PayWeekSale_PROS_24Mar26_DAN005,Awareness,Native,Bahrain AR,Bahrain,7604,47,0.62%,2.91,2610,47.91,1.02,6.3,,,,,,,,91.91%
28-Mar-26,DanubeH_Muscat_Static_AW_Open_AR_EidSuperSale_PROS_24Mar26_DAN005,Awareness,Display,Muscat,Oman,8688,47,0.54%,3.03,2868,54.73,1.16,6.3,,,,,,,,90.20%
28-Mar-26,DanubeH_Rest Of Oman_Static_AW_Open_AR_EidSuperSale_PROS_24Mar26_DAN005,Awareness,Display,Rest Of Oman,Oman,4358,24,0.55%,2.95,1476,27.46,1.14,6.3,,,,,,,,91.34%
28-Mar-26,DanubeH_BH_Static_AW_Open_EN_PayWeekSale_PROS_24Mar26_DAN005,Awareness,Display,Bahrain EN,Bahrain,3375,20,0.59%,2.87,1178,21.26,1.06,6.3,,,,,,,,89.10%
28-Mar-26,DanubeH_BH_Static_AW_Open_AR_PayWeekSale_PROS_24Mar26_DAN005,Awareness,Display,Bahrain AR,Bahrain,5079,27,0.53%,2.91,1743,32,1.19,6.3,,,,,,,,90.38%
28-Mar-26,DanubeH_Muscat_HTML_AW_Open_AR_EidSuperSale_PROS_25Mar26_DAN005,Awareness,HTML-Horizontal Product Slider,Muscat,Oman,38963,250,0.64%,3.03,12861,245.47,0.98,6.3,,,,,,,,89.28%
28-Mar-26,DanubeH_Rest Of Oman_HTML_AW_Open_AR_EidSuperSale_PROS_25Mar26_DAN005,Awareness,HTML-Horizontal Product Slider,Rest Of Oman,Oman,19546,129,0.66%,2.95,6620,123.14,0.95,6.3,,,,,,,,89.10%
28-Mar-26,DanubeH_BH_HTML_AW_Open_EN_PayWeekSale_PROS_25Mar26_DAN005,Awareness,HTML-Horizontal Product Slider,Bahrain EN,Bahrain,15139,105,0.69%,2.87,5282,95.38,0.91,6.3,,,,,,,,91.04%
28-Mar-26,DanubeH_BH_HTML_AW_Open_AR_PayWeekSale_PROS_25Mar26_DAN005,Awareness,HTML-Horizontal Product Slider,Bahrain AR,Bahrain,22779,144,0.63%,2.91,7818,143.51,1.00,6.3,,,,,,,,90.58%
28-Mar-26,DanubeH_Muscat_HTML_AW_Open_AR_EidSuperSale_PROS_25Mar26_DAN005,Awareness,HTML-Vertical Product Slider,Muscat,Oman,18698,114,0.61%,3.03,6172,117.8,1.03,6.3,,,,,,,,89.08%
28-Mar-26,DanubeH_Rest Of Oman_HTML_AW_Open_AR_EidSuperSale_PROS_25Mar26_DAN005,Awareness,HTML-Vertical Product Slider,Rest Of Oman,Oman,9380,58,0.62%,2.95,3177,59.09,1.02,6.3,,,,,,,,91.77%
28-Mar-26,DanubeH_BH_HTML_AW_Open_EN_PayWeekSale_PROS_25Mar26_DAN005,Awareness,HTML-Vertical Product Slider,Bahrain EN,Bahrain,7265,48,0.66%,2.87,2535,45.77,0.95,6.3,,,,,,,,90.51%
28-Mar-26,DanubeH_BH_HTML_AW_Open_AR_PayWeekSale_PROS_25Mar26_DAN005,Awareness,HTML-Vertical Product Slider,Bahrain AR,Bahrain,10932,65,0.59%,2.91,3752,68.87,1.06,6.3,,,,,,,,89.32%
29-Mar-26,DanubeH_Muscat_Static_AW_Open_AR_EidSuperSale_PROS_24Mar26_DAN005,Awareness,Native,Muscat,Oman,13366,99,0.74%,3.07,4349,84.21,0.85,6.3,,,,,,,,90.04%
29-Mar-26,DanubeH_Rest Of Oman_Static_AW_Open_AR_EidSuperSale_PROS_24Mar26_DAN005,Awareness,Native,Rest Of Oman,Oman,8261,51,0.62%,3.02,2734,52.04,1.02,6.3,,,,,,,,90.51%
29-Mar-26,DanubeH_BH_Static_AW_Open_EN_PayWeekSale_PROS_24Mar26_DAN005,Awareness,Native,Bahrain EN,Bahrain,6428,48,0.75%,2.84,2261,40.5,0.84,6.3,,,,,,,,91.65%
29-Mar-26,DanubeH_BH_Static_AW_Open_AR_PayWeekSale_PROS_24Mar26_DAN005,Awareness,Native,Bahrain AR,Bahrain,6919,50,0.72%,3.06,2261,43.59,0.87,6.3,,,,,,,,89.52%
29-Mar-26,DanubeH_Muscat_Static_AW_Open_AR_EidSuperSale_PROS_24Mar26_DAN005,Awareness,Display,Muscat,Oman,6990,40,0.57%,3.07,2274,44.04,1.10,6.3,,,,,,,,89.08%
29-Mar-26,DanubeH_Rest Of Oman_Static_AW_Open_AR_EidSuperSale_PROS_24Mar26_DAN005,Awareness,Display,Rest Of Oman,Oman,4320,21,0.49%,3.02,1429,27.22,1.30,6.3,,,,,,,,91.06%
29-Mar-26,DanubeH_BH_Static_AW_Open_EN_PayWeekSale_PROS_24Mar26_DAN005,Awareness,Display,Bahrain EN,Bahrain,3361,19,0.57%,2.84,1182,21.17,1.11,6.3,,,,,,,,90.50%
29-Mar-26,DanubeH_BH_Static_AW_Open_AR_PayWeekSale_PROS_24Mar26_DAN005,Awareness,Display,Bahrain AR,Bahrain,3618,20,0.55%,3.06,1182,22.79,1.14,6.3,,,,,,,,91.92%
29-Mar-26,DanubeH_Muscat_HTML_AW_Open_AR_EidSuperSale_PROS_25Mar26_DAN005,Awareness,HTML-Horizontal Product Slider,Muscat,Oman,56211,373,0.66%,3.07,18292,354.13,0.95,6.3,,,,,,,,90.61%
29-Mar-26,DanubeH_Rest Of Oman_HTML_AW_Open_AR_EidSuperSale_PROS_25Mar26_DAN005,Awareness,HTML-Horizontal Product Slider,Rest Of Oman,Oman,34741,193,0.56%,3.02,11496,218.87,1.13,6.3,,,,,,,,91.46%
29-Mar-26,DanubeH_BH_HTML_AW_Open_EN_PayWeekSale_PROS_25Mar26_DAN005,Awareness,HTML-Horizontal Product Slider,Bahrain EN,Bahrain,27031,179,0.66%,2.84,9507,170.3,0.95,6.3,,,,,,,,89.88%
29-Mar-26,DanubeH_BH_HTML_AW_Open_AR_PayWeekSale_PROS_25Mar26_DAN005,Awareness,HTML-Horizontal Product Slider,Bahrain AR,Bahrain,29100,187,0.64%,3.06,9509,183.33,0.98,6.3,,,,,,,,90.62%
29-Mar-26,DanubeH_Muscat_HTML_AW_Open_AR_EidSuperSale_PROS_25Mar26_DAN005,Awareness,HTML-Vertical Product Slider,Muscat,Oman,1139,16,1.40%,3.07,371,7.18,0.45,6.3,,,,,,,,91.07%
29-Mar-26,DanubeH_Rest Of Oman_HTML_AW_Open_AR_EidSuperSale_PROS_25Mar26_DAN005,Awareness,HTML-Vertical Product Slider,Rest Of Oman,Oman,704,9,1.28%,3.02,233,4.44,0.49,6.3,,,,,,,,90.05%
29-Mar-26,DanubeH_BH_HTML_AW_Open_EN_PayWeekSale_PROS_25Mar26_DAN005,Awareness,HTML-Vertical Product Slider,Bahrain EN,Bahrain,548,8,1.46%,2.84,193,3.45,0.43,6.3,,,,,,,,90.81%
29-Mar-26,DanubeH_BH_HTML_AW_Open_AR_PayWeekSale_PROS_25Mar26_DAN005,Awareness,HTML-Vertical Product Slider,Bahrain AR,Bahrain,590,8,1.36%,3.06,193,3.72,0.47,6.3,,,,,,,,90.46%
30-Mar-26,DanubeH_Muscat_Static_AW_Open_AR_EidSuperSale_PROS_24Mar26_DAN005,Awareness,Native,Muscat,Oman,21830,140,0.64%,3.03,7211,137.53,0.98,6.3,,,,,,,,90.48%
30-Mar-26,DanubeH_Rest Of Oman_Static_AW_Open_AR_EidSuperSale_PROS_24Mar26_DAN005,Awareness,Native,Rest Of Oman,Oman,11461,70,0.61%,3.02,3789,72.2,1.03,6.3,,,,,,,,89.60%
30-Mar-26,DanubeH_BH_Static_AW_Open_EN_PayWeekSale_PROS_24Mar26_DAN005,Awareness,Native,Bahrain EN,Bahrain,13481,82,0.61%,2.92,4617,84.93,1.04,6.3,,,,,,,,89.47%
30-Mar-26,DanubeH_BH_Static_AW_Open_AR_PayWeekSale_PROS_24Mar26_DAN005,Awareness,Native,Bahrain AR,Bahrain,12556,73,0.58%,2.89,4339,79.1,1.08,6.3,,,,,,,,91.87%
30-Mar-26,DanubeH_Muscat_Static_AW_Open_AR_EidSuperSale_PROS_24Mar26_DAN005,Awareness,Display,Muscat,Oman,11725,62,0.53%,3.03,3873,73.87,1.19,6.3,,,,,,,,89.52%
30-Mar-26,DanubeH_Rest Of Oman_Static_AW_Open_AR_EidSuperSale_PROS_24Mar26_DAN005,Awareness,Display,Rest Of Oman,Oman,6156,31,0.50%,3.03,2035,38.78,1.25,6.3,,,,,,,,90.30%
30-Mar-26,DanubeH_BH_Static_AW_Open_EN_PayWeekSale_PROS_24Mar26_DAN005,Awareness,Display,Bahrain EN,Bahrain,7241,37,0.51%,2.92,2480,45.62,1.23,6.3,,,,,,,,91.73%
30-Mar-26,DanubeH_BH_Static_AW_Open_AR_PayWeekSale_PROS_24Mar26_DAN005,Awareness,Display,Bahrain AR,Bahrain,6744,33,0.49%,2.89,2331,42.49,1.29,6.3,,,,,,,,91.62%
30-Mar-26,DanubeH_Muscat_HTML_AW_Open_AR_EidSuperSale_PROS_25Mar26_DAN005,Awareness,HTML-Horizontal Product Slider,Muscat,Oman,51670,336,0.65%,3.03,17067,325.52,0.97,6.3,,,,,,,,89.66%
30-Mar-26,DanubeH_Rest Of Oman_HTML_AW_Open_AR_EidSuperSale_PROS_25Mar26_DAN005,Awareness,HTML-Horizontal Product Slider,Rest Of Oman,Oman,27127,168,0.62%,3.03,8967,170.9,1.02,6.3,,,,,,,,89.66%
30-Mar-26,DanubeH_BH_HTML_AW_Open_EN_PayWeekSale_PROS_25Mar26_DAN005,Awareness,HTML-Horizontal Product Slider,Bahrain EN,Bahrain,31908,198,0.62%,2.92,10927,201.02,1.02,6.3,,,,,,,,91.90%
30-Mar-26,DanubeH_BH_HTML_AW_Open_AR_PayWeekSale_PROS_25Mar26_DAN005,Awareness,HTML-Horizontal Product Slider,Bahrain AR,Bahrain,29718,177,0.60%,2.89,10271,187.22,1.06,6.3,,,,,,,,91.12%
30-Mar-26,DanubeH_Muscat_HTML_AW_Open_AR_EidSuperSale_PROS_25Mar26_DAN005,Awareness,HTML-Vertical Product Slider,Muscat,Oman,14140,88,0.62%,3.03,4671,89.08,1.01,6.3,,,,,,,,89.90%
30-Mar-26,DanubeH_Rest Of Oman_HTML_AW_Open_AR_EidSuperSale_PROS_25Mar26_DAN005,Awareness,HTML-Vertical Product Slider,Rest Of Oman,Oman,7424,44,0.59%,3.03,2454,46.77,1.06,6.3,,,,,,,,90.53%
30-Mar-26,DanubeH_BH_HTML_AW_Open_EN_PayWeekSale_PROS_25Mar26_DAN005,Awareness,HTML-Vertical Product Slider,Bahrain EN,Bahrain,8732,52,0.60%,2.92,2990,55.01,1.06,6.3,,,,,,,,89.02%
30-Mar-26,DanubeH_BH_HTML_AW_Open_AR_PayWeekSale_PROS_25Mar26_DAN005,Awareness,HTML-Vertical Product Slider,Bahrain AR,Bahrain,8133,46,0.57%,2.89,2811,51.24,1.11,6.3,,,,,,,,90.62%
31-Mar-26,DanubeH_Muscat_Static_AW_Open_AR_EidSuperSale_PROS_24Mar26_DAN005,Awareness,Native,Muscat,Oman,16374,115,0.70%,2.89,5665,103.16,0.90,6.3,,,,,,,,90.42%
31-Mar-26,DanubeH_Rest Of Oman_Static_AW_Open_AR_EidSuperSale_PROS_24Mar26_DAN005,Awareness,Native,Rest Of Oman,Oman,8803,58,0.66%,3.07,2867,55.46,0.96,6.3,,,,,,,,90.52%
31-Mar-26,DanubeH_BH_Static_AW_Open_EN_PayWeekSale_PROS_24Mar26_DAN005,Awareness,Native,Bahrain EN,Bahrain,8260,54,0.65%,3.00,2749,52.04,0.96,6.3,,,,,,,,91.09%
31-Mar-26,DanubeH_BH_Static_AW_Open_AR_PayWeekSale_PROS_24Mar26_DAN005,Awareness,Native,Bahrain AR,Bahrain,8609,51,0.59%,3.00,2868,54.24,1.06,6.3,,,,,,,,91.09%
31-Mar-26,DanubeH_Muscat_Static_AW_Open_AR_EidSuperSale_PROS_24Mar26_DAN005,Awareness,Display,Muscat,Oman,17520,103,0.59%,2.89,6062,110.38,1.07,6.3,,,,,,,,89.05%
31-Mar-26,DanubeH_Rest Of Oman_Static_AW_Open_AR_EidSuperSale_PROS_24Mar26_DAN005,Awareness,Display,Rest Of Oman,Oman,9419,52,0.55%,3.07,3068,59.34,1.14,6.3,,,,,,,,91.16%
31-Mar-26,DanubeH_BH_Static_AW_Open_EN_PayWeekSale_PROS_24Mar26_DAN005,Awareness,Display,Bahrain EN,Bahrain,8838,49,0.55%,3.00,2942,55.68,1.14,6.3,,,,,,,,90.58%
31-Mar-26,DanubeH_BH_Static_AW_Open_AR_PayWeekSale_PROS_24Mar26_DAN005,Awareness,Display,Bahrain AR,Bahrain,9211,46,0.50%,3.00,3069,58.03,1.26,6.3,,,,,,,,89.02%
31-Mar-26,DanubeH_Muscat_HTML_AW_Open_AR_EidSuperSale_PROS_25Mar26_DAN005,Awareness,HTML-Horizontal Product Slider,Muscat,Oman,103549,720,0.70%,2.89,35827,652.36,0.91,6.3,,,,,,,,90.16%
31-Mar-26,DanubeH_Rest Of Oman_HTML_AW_Open_AR_EidSuperSale_PROS_25Mar26_DAN005,Awareness,HTML-Horizontal Product Slider,Rest Of Oman,Oman,55671,366,0.66%,3.07,18134,350.73,0.96,6.3,,,,,,,,90.37%
31-Mar-26,DanubeH_BH_HTML_AW_Open_EN_PayWeekSale_PROS_25Mar26_DAN005,Awareness,HTML-Horizontal Product Slider,Bahrain EN,Bahrain,52236,339,0.65%,3.00,17385,329.09,0.97,6.3,,,,,,,,90.31%
31-Mar-26,DanubeH_BH_HTML_AW_Open_AR_PayWeekSale_PROS_25Mar26_DAN005,Awareness,HTML-Horizontal Product Slider,Bahrain AR,Bahrain,54442,319,0.59%,3.00,18140,342.98,1.08,6.3,,,,,,,,90.74%
31-Mar-26,DanubeH_Muscat_HTML_AW_Open_AR_EidSuperSale_PROS_25Mar26_DAN005,Awareness,HTML-Vertical Product Slider,Muscat,Oman,18626,116,0.62%,2.89,6444,117.34,1.01,6.3,,,,,,,,91.07%
31-Mar-26,DanubeH_Rest Of Oman_HTML_AW_Open_AR_EidSuperSale_PROS_25Mar26_DAN005,Awareness,HTML-Vertical Product Slider,Rest Of Oman,Oman,10014,59,0.59%,3.07,3262,63.09,1.07,6.3,,,,,,,,90.45%
31-Mar-26,DanubeH_BH_HTML_AW_Open_EN_PayWeekSale_PROS_25Mar26_DAN005,Awareness,HTML-Vertical Product Slider,Bahrain EN,Bahrain,9396,55,0.59%,3.00,3127,59.19,1.08,6.3,,,,,,,,89.88%
31-Mar-26,DanubeH_BH_HTML_AW_Open_AR_PayWeekSale_PROS_25Mar26_DAN005,Awareness,HTML-Vertical Product Slider,Bahrain AR,Bahrain,9793,52,0.53%,3.00,3263,61.7,1.19,6.3,,,,,,,,89.34%
17-Apr-26,DanubeH_United Arab Emirates_Native_AW_Open_EN_Store Open_PROS_16Apr26_DAN006,Awareness,Native,Dubai,United Arab Emirates,8157,39,0.48%,2.94,2774,56.28,1.44,6.9,,,,,,,,89.08%
17-Apr-26,DanubeH_United Arab Emirates_Display_AW_Open_EN_Store Open_PROS_16Apr26_DAN006,Awareness,Display,Dubai,United Arab Emirates,5342,27,0.51%,2.94,1817,36.86,1.37,6.9,,,,,,,,89.34%
17-Apr-26,DanubeH_United Arab Emirates_HTML_AW_Open_EN_Store Open_PROS_16Apr26_DAN006,Awareness,HTML Store Reveal,Dubai,United Arab Emirates,"8,668",45,0.52%,2.94,2948,59.81,1.33,6.9,,,,,,,,89.27%
18-Apr-26,DanubeH_United Arab Emirates_Native_AW_Open_EN_Store Open_PROS_16Apr26_DAN006,Awareness,Native,Dubai,United Arab Emirates,16827,77,0.46%,2.97,5667,116.11,1.51,6.9,,,,,,,,91.47%
18-Apr-26,DanubeH_United Arab Emirates_Display_AW_Open_EN_Store Open_PROS_16Apr26_DAN006,Awareness,Display,Dubai,United Arab Emirates,10474,51,0.49%,2.97,3528,72.27,1.42,6.9,,,,,,,,90.96%
18-Apr-26,DanubeH_United Arab Emirates_HTML_AW_Open_EN_Store Open_PROS_16Apr26_DAN006,Awareness,HTML Store Reveal,Dubai,United Arab Emirates,"20,516",104,0.51%,2.97,6910,141.56,1.36,6.9,,,,,,,,89.25%
19-Apr-26,DanubeH_United Arab Emirates_Native_AW_Open_EN_Store Open_PROS_16Apr26_DAN006,Awareness,Native,Dubai,United Arab Emirates,946,13,1.37%,2.98,317,6.53,0.50,6.9,,,,,,,,89.74%
19-Apr-26,DanubeH_United Arab Emirates_Display_AW_Open_EN_Store Open_PROS_16Apr26_DAN006,Awareness,Display,Dubai,United Arab Emirates,8281,41,0.50%,2.98,2779,57.14,1.39,6.9,,,,,,,,90.76%
19-Apr-26,DanubeH_United Arab Emirates_HTML_AW_Open_EN_Store Open_PROS_16Apr26_DAN006,Awareness,HTML Store Reveal,Dubai,United Arab Emirates,"8,097",57,0.70%,2.98,2717,55.87,0.98,6.9,,,,,,,,91.56%
20-Apr-26,DanubeH_United Arab Emirates_Native_AW_Open_EN_Store Open_PROS_16Apr26_DAN006,Awareness,Native,Dubai,United Arab Emirates,14473,84,0.58%,3.00,4827,99.86,1.19,6.9,,,,,,,,90.34%
20-Apr-26,DanubeH_United Arab Emirates_Display_AW_Open_EN_Store Open_PROS_16Apr26_DAN006,Awareness,Display,Dubai,United Arab Emirates,13449,72,0.54%,3.00,4486,92.80,1.29,6.9,,,,,,,,91.79%
20-Apr-26,DanubeH_United Arab Emirates_HTML_AW_Open_EN_Store Open_PROS_16Apr26_DAN006,Awareness,HTML Store Reveal,Dubai,United Arab Emirates,"20,808",111,0.53%,3.00,6940,143.58,1.29,6.9,,,,,,,,89.90%
21-Apr-26,DanubeH_United Arab Emirates_Native_AW_Open_EN_Store Open_PROS_16Apr26_DAN006,Awareness,Native,Dubai,United Arab Emirates,12329,52,0.42%,2.68,"4,599",85.07,1.64,6.9,,,,,,,,91.02%
21-Apr-26,DanubeH_United Arab Emirates_Display_AW_Open_EN_Store Open_PROS_16Apr26_DAN006,Awareness,Display,Dubai,United Arab Emirates,7311,43,0.59%,2.68,"2,727",50.45,1.17,6.9,,,,,,,,89.28%
21-Apr-26,DanubeH_United Arab Emirates_HTML_AW_Open_EN_Store Open_PROS_16Apr26_DAN006,Awareness,HTML Store Reveal,Dubai,United Arab Emirates,"17,784",86,0.48%,2.68,"6,633",122.71,1.43,6.9,,,,,,,,91.12%
22-Apr-26,DanubeH_United Arab Emirates_Native_AW_Open_EN_Store Open_PROS_16Apr26_DAN006,Awareness,Native,Dubai,United Arab Emirates,6479,37,0.57%,3.44,1882,44.71,1.21,6.9,,,,,,,,89.43%
22-Apr-26,DanubeH_United Arab Emirates_Display_AW_Open_EN_Store Open_PROS_16Apr26_DAN006,Awareness,Display,Dubai,United Arab Emirates,5784,35,0.61%,3.44,1680,39.91,1.14,6.9,,,,,,,,90.39%
22-Apr-26,DanubeH_United Arab Emirates_HTML_AW_Open_EN_Store Open_PROS_16Apr26_DAN006,Awareness,HTML Store Reveal,Dubai,United Arab Emirates,"18,803",110,0.59%,3.44,5462,129.74,1.18,6.9,,,,,,,,91.18%
23-Apr-26,DanubeH_United Arab Emirates_Native_AW_Open_EN_Store Open_PROS_16Apr26_DAN006,Awareness,Native,Dubai,United Arab Emirates,7804,45,0.58%,2.91,"2,683",53.85,1.20,6.9,,,,,,,,89.62%
23-Apr-26,DanubeH_United Arab Emirates_Display_AW_Open_EN_Store Open_PROS_16Apr26_DAN006,Awareness,Display,Dubai,United Arab Emirates,5723,31,0.54%,2.91,"1,967",39.49,1.27,6.9,,,,,,,,89.96%
23-Apr-26,DanubeH_United Arab Emirates_HTML_AW_Open_EN_Store Open_PROS_16Apr26_DAN006,Awareness,HTML Store Reveal,Dubai,United Arab Emirates,"19,167",121,0.63%,2.91,"6,589",132.25,1.09,6.9,,,,,,,,89.96%
24-Apr-26,DanubeH_United Arab Emirates_Native_AW_Open_EN_Store Open_PROS_16Apr26_DAN006,Awareness,Native,Dubai,United Arab Emirates,12503,64,0.51%,2.97,"4,210",86.27,1.35,6.9,,,,,,,,91.53%
24-Apr-26,DanubeH_United Arab Emirates_Display_AW_Open_EN_Store Open_PROS_16Apr26_DAN006,Awareness,Display,Dubai,United Arab Emirates,9671,53,0.55%,2.97,"3,256",66.73,1.26,6.9,,,,,,,,90.88%
24-Apr-26,DanubeH_United Arab Emirates_HTML_AW_Open_EN_Store Open_PROS_16Apr26_DAN006,Awareness,HTML Store Reveal,Dubai,United Arab Emirates,"22,085",122,0.55%,2.97,"7,436",152.39,1.25,6.9,,,,,,,,91.20%
25-Apr-26,DanubeH_United Arab Emirates_Native_AW_Open_EN_Store Open_PROS_16Apr26_DAN006,Awareness,Native,Dubai,United Arab Emirates,13895,72,0.52%,2.97,4679,95.88,1.33,6.9,,,,,,,,89.20%
25-Apr-26,DanubeH_United Arab Emirates_Display_AW_Open_EN_Store Open_PROS_16Apr26_DAN006,Awareness,Display,Dubai,United Arab Emirates,4466,29,0.65%,2.97,1504,30.82,1.06,6.9,,,,,,,,91.13%
25-Apr-26,DanubeH_United Arab Emirates_HTML_AW_Open_EN_Store Open_PROS_16Apr26_DAN006,Awareness,HTML Store Reveal,Dubai,United Arab Emirates,"16,463",98,0.60%,2.97,5543,113.59,1.16,6.9,,,,,,,,89.29%
26-Apr-26,DanubeH_United Arab Emirates_Native_AW_Open_EN_Store Open_PROS_16Apr26_DAN006,Awareness,Native,Dubai,United Arab Emirates,13730,89,0.65%,2.97,4623,94.74,1.06,6.9,,,,,,,,89.82%
26-Apr-26,DanubeH_United Arab Emirates_Display_AW_Open_EN_Store Open_PROS_16Apr26_DAN006,Awareness,Display,Dubai,United Arab Emirates,4412,35,0.79%,2.97,1486,30.44,0.87,6.9,,,,,,,,89.95%
26-Apr-26,DanubeH_United Arab Emirates_HTML_AW_Open_EN_Store Open_PROS_16Apr26_DAN006,Awareness,HTML Store Reveal,Dubai,United Arab Emirates,"16,267",121,0.74%,2.97,5477,112.24,0.93,6.9,,,,,,,,90.24%
27-Apr-26,DanubeH_United Arab Emirates_Native_AW_Open_EN_Store Open_PROS_16Apr26_DAN006,Awareness,Native,Dubai,United Arab Emirates,15987,75,0.47%,2.78,5757,110.31,1.47,6.9,,,,,,,,91.75%
27-Apr-26,DanubeH_United Arab Emirates_Display_AW_Open_EN_Store Open_PROS_16Apr26_DAN006,Awareness,Display,Dubai,United Arab Emirates,4972,20,0.40%,2.78,1791,34.31,1.72,6.9,,,,,,,,90.98%
27-Apr-26,DanubeH_United Arab Emirates_HTML_AW_Open_EN_Store Open_PROS_16Apr26_DAN006,Awareness,HTML Store Reveal,Dubai,United Arab Emirates,"16,872",78,0.46%,2.78,6076,116.42,1.49,6.9,,,,,,,,90.87%
28-Apr-26,DanubeH_United Arab Emirates_Native_AW_Open_EN_Store Open_PROS_16Apr26_DAN006,Awareness,Native,Dubai,United Arab Emirates,4117,19,0.46%,3.13,"1,317",28.41,1.50,6.9,,,,,,,,91.53%
28-Apr-26,DanubeH_United Arab Emirates_Display_AW_Open_EN_Store Open_PROS_16Apr26_DAN006,Awareness,Display,Dubai,United Arab Emirates,3431,21,0.61%,3.13,"1,097",23.67,1.13,6.9,,,,,,,,91.00%
28-Apr-26,DanubeH_United Arab Emirates_HTML_AW_Open_EN_Store Open_PROS_16Apr26_DAN006,Awareness,HTML Store Reveal,Dubai,United Arab Emirates,"17,180",96,0.56%,3.13,"5,495",118.54,1.23,6.9,,,,,,,,89.65%
29-Apr-26,DanubeH_United Arab Emirates_Native_AW_Open_EN_Store Open_PROS_16Apr26_DAN006,Awareness,Native,Dubai,United Arab Emirates,5731,42,0.73%,3.30,"1,735",39.54,0.94,6.9,,,,,,,,90.19%
29-Apr-26,DanubeH_United Arab Emirates_Display_AW_Open_EN_Store Open_PROS_16Apr26_DAN006,Awareness,Display,Dubai,United Arab Emirates,1065,4,0.38%,3.31,322,7.35,1.84,6.9,,,,,,,,91.45%
29-Apr-26,DanubeH_United Arab Emirates_HTML_AW_Open_EN_Store Open_PROS_16Apr26_DAN006,Awareness,HTML Store Reveal,Dubai,United Arab Emirates,"21,717",155,0.71%,3.30,"6,574",149.85,0.97,6.9,,,,,,,,91.98%
30-Apr-26,DanubeH_United Arab Emirates_Native_AW_Open_EN_Store Open_PROS_16Apr26_DAN006,Awareness,Native,Dubai,United Arab Emirates,17307,92,0.53%,2.98,5808,119.42,1.30,6.9,,,,,,,,90.74%
30-Apr-26,DanubeH_United Arab Emirates_Display_AW_Open_EN_Store Open_PROS_16Apr26_DAN006,Awareness,Display,Dubai,United Arab Emirates,10983,60,0.55%,2.98,3686,75.78,1.26,6.9,,,,,,,,90.65%
30-Apr-26,DanubeH_United Arab Emirates_HTML_AW_Open_EN_Store Open_PROS_16Apr26_DAN006,Awareness,HTML Store Reveal,Dubai,United Arab Emirates,"29,210",170,0.58%,2.98,9802,201.55,1.19,6.9,,,,,,,,91.04%
24-Apr-26,DanubeH_Dubai&Sharjah_Static_AW_Open_EN_PayWeekSale_PROS_23Apr26_DAN007,Awareness,Native,Dubai,United Arab Emirates,10758,59,0.55%,2.86,3762,74.23,1.26,6.9,,,,,,,,90.99%
24-Apr-26,DanubeH_Abu Dhabi & Al Ain_Static_AW_Open_AR_PayWeekSale_PROS_23Apr26_DAN007,Awareness,Native,Abu Dhabi,United Arab Emirates,14484,87,0.60%,2.95,4910,99.94,1.15,6.9,,,,,,,,89.33%
24-Apr-26,DanubeH_Rest Of United Arab Emirates_Static_AW_Open_AR_PayWeekSale_PROS_23Apr26_DAN007,Awareness,Native,Rest Of United Arab Emirates,United Arab Emirates,"3,856",21,0.54%,2.89,1334,26.61,1.27,6.9,,,,,,,,89.80%
24-Apr-26,DanubeH_Muscat_Static_AW_Open_AR_NaseemSummerSale_PROS_23Apr26_DAN007,Awareness,Native,Muscat,Oman,20372,117,0.57%,2.95,6906,128.34,1.10,6.3,,,,,,,,90.06%
24-Apr-26,DanubeH_Rest Of Oman_Static_AW_Open_AR_NaseemSummerSale_PROS_23Apr26_DAN007,Awareness,Native,Rest Of Oman,Oman,7242,37,0.51%,2.81,2577,45.62,1.23,6.3,,,,,,,,89.31%
24-Apr-26,DanubeH_BH_Static_AW_Open_EN_PayWeekSale_PROS_23Apr26_DAN007,Awareness,Native,Bahrain EN,Bahrain,2255,14,0.62%,2.94,767,14.21,1.02,6.3,,,,,,,,91.04%
24-Apr-26,DanubeH_BH_Static_AW_Open_AR_PayWeekSale_PROS_23Apr26_DAN007,Awareness,Native,Bahrain AR,Bahrain,6648,41,0.62%,2.97,2238,41.88,1.02,6.3,,,,,,,,90.34%
24-Apr-26,DanubeH_Dubai&Sharjah_Static_AW_Open_EN_PayWeekSale_PROS_23Apr26_DAN007,Awareness,Display,Dubai,United Arab Emirates,17728,99,0.56%,2.86,6199,122.32,1.24,6.9,,,,,,,,89.70%
24-Apr-26,DanubeH_Abu Dhabi & Al Ain_Static_AW_Open_AR_PayWeekSale_PROS_23Apr26_DAN007,Awareness,Display,Abu Dhabi,United Arab Emirates,23868,147,0.62%,2.95,8091,164.69,1.12,6.9,,,,,,,,89.84%
24-Apr-26,DanubeH_Rest Of United Arab Emirates_Static_AW_Open_AR_PayWeekSale_PROS_23Apr26_DAN007,Awareness,Display,Rest Of United Arab Emirates,United Arab Emirates,"6,354",35,0.55%,2.89,2199,43.84,1.25,6.9,,,,,,,,90.72%
24-Apr-26,DanubeH_Muscat_Static_AW_Open_AR_NaseemSummerSale_PROS_23Apr26_DAN007,Awareness,Display,Muscat,Oman,33572,197,0.59%,2.95,11380,211.50,1.07,6.3,,,,,,,,90.96%
24-Apr-26,DanubeH_Rest Of Oman_Static_AW_Open_AR_NaseemSummerSale_PROS_23Apr26_DAN007,Awareness,Display,Rest Of Oman,Oman,11934,62,0.52%,2.81,4247,75.18,1.21,6.3,,,,,,,,90.08%
24-Apr-26,DanubeH_BH_Static_AW_Open_EN_PayWeekSale_PROS_23Apr26_DAN007,Awareness,Display,Bahrain EN,Bahrain,3716,24,0.65%,2.94,1264,23.41,0.98,6.3,,,,,,,,89.38%
24-Apr-26,DanubeH_BH_Static_AW_Open_AR_PayWeekSale_PROS_23Apr26_DAN007,Awareness,Display,Bahrain AR,Bahrain,10955,68,0.62%,2.97,3689,69.02,1.02,6.3,,,,,,,,90.60%
24-Apr-26,DanubeH_Dubai&Sharjah_HTML_AW_Open_EN_PayWeekSale_PROS_23Apr26_DAN007,Awareness,HTML-Horizontal Product Slider,Dubai,United Arab Emirates,15203,98,0.64%,2.86,5316,104.90,1.07,6.9,,,,,,,,89.74%
24-Apr-26,DanubeH_Abu Dhabi & Al Ain_HTML_AW_Open_AR_PayWeekSale_PROS_23Apr26_DAN007,Awareness,HTML-Horizontal Product Slider,Abu Dhabi,United Arab Emirates,20468,145,0.71%,2.95,6938,141.23,0.97,6.9,,,,,,,,91.88%
24-Apr-26,DanubeH_Rest Of United Arab Emirates_HTML_AW_Open_AR_PayWeekSale_PROS_23Apr26_DAN007,Awareness,HTML-Horizontal Product Slider,Rest Of United Arab Emirates,United Arab Emirates,"5,449",34,0.62%,2.89,1885,37.60,1.11,6.9,,,,,,,,89.78%
24-Apr-26,DanubeH_Muscat_HTML_AW_Open_AR_NaseemSummerSale_PROS_23Apr26_DAN007,Awareness,HTML-Horizontal Product Slider,Muscat,Oman,28789,194,0.67%,2.95,9759,181.37,0.93,6.3,,,,,,,,89.84%
24-Apr-26,DanubeH_Rest Of Oman_HTML_AW_Open_AR_NaseemSummerSale_PROS_23Apr26_DAN007,Awareness,HTML-Horizontal Product Slider,Rest Of Oman,Oman,10234,61,0.60%,2.81,3642,64.47,1.06,6.3,,,,,,,,90.72%
24-Apr-26,DanubeH_BH_HTML_AW_Open_EN_PayWeekSale_PROS_23Apr26_DAN007,Awareness,HTML-Horizontal Product Slider,Bahrain EN,Bahrain,3187,24,0.75%,2.94,1084,20.08,0.84,6.3,,,,,,,,91.29%
24-Apr-26,DanubeH_BH_HTML_AW_Open_AR_PayWeekSale_PROS_23Apr26_DAN007,Awareness,HTML-Horizontal Product Slider,Bahrain AR,Bahrain,9395,67,0.71%,2.97,3163,59.19,0.88,6.3,,,,,,,,91.59%
24-Apr-26,DanubeH_Dubai&Sharjah_HTML_AW_Open_EN_PayWeekSale_PROS_23Apr26_DAN007,Awareness,HTML-Vertical Product Slider,Dubai,United Arab Emirates,6818,43,0.63%,2.86,2384,47.04,1.09,6.9,,,,,,,,90.28%
24-Apr-26,DanubeH_Abu Dhabi & Al Ain_HTML_AW_Open_AR_PayWeekSale_PROS_23Apr26_DAN007,Awareness,HTML-Vertical Product Slider,Abu Dhabi,United Arab Emirates,9180,63,0.69%,2.95,3112,63.34,1.01,6.9,,,,,,,,91.13%
24-Apr-26,DanubeH_Rest Of United Arab Emirates_HTML_AW_Open_AR_PayWeekSale_PROS_23Apr26_DAN007,Awareness,HTML-Vertical Product Slider,Rest Of United Arab Emirates,United Arab Emirates,"2,444",15,0.61%,2.89,846,16.86,1.12,6.9,,,,,,,,90.74%
24-Apr-26,DanubeH_Muscat_HTML_AW_Open_AR_NaseemSummerSale_PROS_23Apr26_DAN007,Awareness,HTML-Vertical Product Slider,Muscat,Oman,12912,85,0.66%,2.95,4377,81.35,0.96,6.3,,,,,,,,91.77%
24-Apr-26,DanubeH_Rest Of Oman_HTML_AW_Open_AR_NaseemSummerSale_PROS_23Apr26_DAN007,Awareness,HTML-Vertical Product Slider,Rest Of Oman,Oman,4590,27,0.59%,2.81,1633,28.92,1.07,6.3,,,,,,,,90.35%
24-Apr-26,DanubeH_BH_HTML_AW_Open_EN_PayWeekSale_PROS_23Apr26_DAN007,Awareness,HTML-Vertical Product Slider,Bahrain EN,Bahrain,1429,10,0.70%,2.94,486,9.00,0.90,6.3,,,,,,,,89.84%
24-Apr-26,DanubeH_BH_HTML_AW_Open_AR_PayWeekSale_PROS_23Apr26_DAN007,Awareness,HTML-Vertical Product Slider,Bahrain AR,Bahrain,4214,29,0.69%,2.97,1419,26.55,0.92,6.3,,,,,,,,89.59%
25-Apr-26,DanubeH_Dubai&Sharjah_Static_AW_Open_EN_PayWeekSale_PROS_23Apr26_DAN007,Awareness,Native,Dubai,United Arab Emirates,23362,125,0.54%,2.89,8094,161.20,1.29,6.9,,,,,,,,89.09%
25-Apr-26,DanubeH_Abu Dhabi & Al Ain_Static_AW_Open_AR_PayWeekSale_PROS_23Apr26_DAN007,Awareness,Native,Abu Dhabi,United Arab Emirates,17333,100,0.58%,2.92,5939,119.60,1.20,6.9,,,,,,,,89.39%
25-Apr-26,DanubeH_Rest Of United Arab Emirates_Static_AW_Open_AR_PayWeekSale_PROS_23Apr26_DAN007,Awareness,Native,Rest Of United Arab Emirates,United Arab Emirates,"11,088",55,0.50%,2.93,3788,76.51,1.39,6.9,,,,,,,,89.75%
25-Apr-26,DanubeH_Muscat_Static_AW_Open_AR_NaseemSummerSale_PROS_23Apr26_DAN007,Awareness,Native,Muscat,Oman,24320,128,0.53%,2.98,8156,153.22,1.20,6.3,,,,,,,,91.95%
25-Apr-26,DanubeH_Rest Of Oman_Static_AW_Open_AR_NaseemSummerSale_PROS_23Apr26_DAN007,Awareness,Native,Rest Of Oman,Oman,9598,48,0.50%,2.86,3361,60.47,1.26,6.3,,,,,,,,89.01%
25-Apr-26,DanubeH_BH_Static_AW_Open_EN_PayWeekSale_PROS_23Apr26_DAN007,Awareness,Native,Bahrain EN,Bahrain,6997,37,0.53%,2.93,2390,44.08,1.19,6.3,,,,,,,,89.02%
25-Apr-26,DanubeH_BH_Static_AW_Open_AR_PayWeekSale_PROS_23Apr26_DAN007,Awareness,Native,Bahrain AR,Bahrain,6466,30,0.46%,2.94,2203,40.74,1.36,6.3,,,,,,,,90.63%
25-Apr-26,DanubeH_Dubai&Sharjah_Static_AW_Open_EN_PayWeekSale_PROS_23Apr26_DAN007,Awareness,Display,Dubai,United Arab Emirates,35476,195,0.55%,2.89,12290,244.78,1.26,6.9,,,,,,,,90.82%
25-Apr-26,DanubeH_Abu Dhabi & Al Ain_Static_AW_Open_AR_PayWeekSale_PROS_23Apr26_DAN007,Awareness,Display,Abu Dhabi,United Arab Emirates,26321,156,0.59%,2.92,9019,181.61,1.16,6.9,,,,,,,,90.40%
25-Apr-26,DanubeH_Rest Of United Arab Emirates_Static_AW_Open_AR_PayWeekSale_PROS_23Apr26_DAN007,Awareness,Display,Rest Of United Arab Emirates,United Arab Emirates,"16,837",85,0.50%,2.93,5752,116.18,1.37,6.9,,,,,,,,90.34%
25-Apr-26,DanubeH_Muscat_Static_AW_Open_AR_NaseemSummerSale_PROS_23Apr26_DAN007,Awareness,Display,Muscat,Oman,36931,199,0.54%,2.98,12386,232.67,1.17,6.3,,,,,,,,90.18%
25-Apr-26,DanubeH_Rest Of Oman_Static_AW_Open_AR_NaseemSummerSale_PROS_23Apr26_DAN007,Awareness,Display,Rest Of Oman,Oman,14575,75,0.51%,2.86,5103,91.82,1.22,6.3,,,,,,,,91.45%
25-Apr-26,DanubeH_BH_Static_AW_Open_EN_PayWeekSale_PROS_23Apr26_DAN007,Awareness,Display,Bahrain EN,Bahrain,10626,57,0.54%,2.93,3629,66.94,1.17,6.3,,,,,,,,90.20%
25-Apr-26,DanubeH_BH_Static_AW_Open_AR_PayWeekSale_PROS_23Apr26_DAN007,Awareness,Display,Bahrain AR,Bahrain,9819,47,0.48%,2.94,3345,61.86,1.32,6.3,,,,,,,,90.09%
25-Apr-26,DanubeH_Dubai&Sharjah_HTML_AW_Open_EN_PayWeekSale_PROS_23Apr26_DAN007,Awareness,HTML-Horizontal Product Slider,Dubai,United Arab Emirates,22542,134,0.59%,2.89,7810,155.54,1.16,6.9,,,,,,,,89.58%
25-Apr-26,DanubeH_Abu Dhabi & Al Ain_HTML_AW_Open_AR_PayWeekSale_PROS_23Apr26_DAN007,Awareness,HTML-Horizontal Product Slider,Abu Dhabi,United Arab Emirates,16725,107,0.64%,2.92,5731,115.40,1.08,6.9,,,,,,,,90.66%
25-Apr-26,DanubeH_Rest Of United Arab Emirates_HTML_AW_Open_AR_PayWeekSale_PROS_23Apr26_DAN007,Awareness,HTML-Horizontal Product Slider,Rest Of United Arab Emirates,United Arab Emirates,"10,699",59,0.55%,2.93,3655,73.82,1.25,6.9,,,,,,,,89.85%
25-Apr-26,DanubeH_Muscat_HTML_AW_Open_AR_NaseemSummerSale_PROS_23Apr26_DAN007,Awareness,HTML-Horizontal Product Slider,Muscat,Oman,23466,137,0.58%,2.98,7870,147.84,1.08,6.3,,,,,,,,89.01%
25-Apr-26,DanubeH_Rest Of Oman_HTML_AW_Open_AR_NaseemSummerSale_PROS_23Apr26_DAN007,Awareness,HTML-Horizontal Product Slider,Rest Of Oman,Oman,9261,52,0.56%,2.86,3243,58.34,1.12,6.3,,,,,,,,90.35%
25-Apr-26,DanubeH_BH_HTML_AW_Open_EN_PayWeekSale_PROS_23Apr26_DAN007,Awareness,HTML-Horizontal Product Slider,Bahrain EN,Bahrain,6752,39,0.58%,2.93,2306,42.54,1.09,6.3,,,,,,,,90.88%
25-Apr-26,DanubeH_BH_HTML_AW_Open_AR_PayWeekSale_PROS_23Apr26_DAN007,Awareness,HTML-Horizontal Product Slider,Bahrain AR,Bahrain,6239,32,0.51%,2.94,2125,39.31,1.23,6.3,,,,,,,,89.70%
25-Apr-26,DanubeH_Dubai&Sharjah_HTML_AW_Open_EN_PayWeekSale_PROS_23Apr26_DAN007,Awareness,HTML-Vertical Product Slider,Dubai,United Arab Emirates,3361,19,0.57%,2.89,1164,23.19,1.22,6.9,,,,,,,,91.78%
25-Apr-26,DanubeH_Abu Dhabi & Al Ain_HTML_AW_Open_AR_PayWeekSale_PROS_23Apr26_DAN007,Awareness,HTML-Vertical Product Slider,Abu Dhabi,United Arab Emirates,2493,15,0.60%,2.92,854,17.20,1.15,6.9,,,,,,,,89.34%
25-Apr-26,DanubeH_Rest Of United Arab Emirates_HTML_AW_Open_AR_PayWeekSale_PROS_23Apr26_DAN007,Awareness,HTML-Vertical Product Slider,Rest Of United Arab Emirates,United Arab Emirates,"1,595",8,0.50%,2.93,545,11.01,1.38,6.9,,,,,,,,91.07%
25-Apr-26,DanubeH_Muscat_HTML_AW_Open_AR_NaseemSummerSale_PROS_23Apr26_DAN007,Awareness,HTML-Vertical Product Slider,Muscat,Oman,3498,19,0.54%,2.98,1173,22.04,1.16,6.3,,,,,,,,91.82%
25-Apr-26,DanubeH_Rest Of Oman_HTML_AW_Open_AR_NaseemSummerSale_PROS_23Apr26_DAN007,Awareness,HTML-Vertical Product Slider,Rest Of Oman,Oman,1381,7,0.51%,2.86,483,8.70,1.24,6.3,,,,,,,,89.22%
25-Apr-26,DanubeH_BH_HTML_AW_Open_EN_PayWeekSale_PROS_23Apr26_DAN007,Awareness,HTML-Vertical Product Slider,Bahrain EN,Bahrain,1007,5,0.50%,2.93,344,6.34,1.27,6.3,,,,,,,,89.57%
25-Apr-26,DanubeH_BH_HTML_AW_Open_AR_PayWeekSale_PROS_23Apr26_DAN007,Awareness,HTML-Vertical Product Slider,Bahrain AR,Bahrain,930,5,0.54%,2.93,317,5.86,1.17,6.3,,,,,,,,90.81%
26-Apr-26,DanubeH_Dubai&Sharjah_Static_AW_Open_EN_PayWeekSale_PROS_23Apr26_DAN007,Awareness,Native,Dubai,United Arab Emirates,20337,134,0.66%,2.89,7046,140.33,1.05,6.9,,,,,,,,91.23%
26-Apr-26,DanubeH_Abu Dhabi & Al Ain_Static_AW_Open_AR_PayWeekSale_PROS_23Apr26_DAN007,Awareness,Native,Abu Dhabi,United Arab Emirates,15089,107,0.71%,2.92,5170,104.11,0.97,6.9,,,,,,,,91.24%
26-Apr-26,DanubeH_Rest Of United Arab Emirates_Static_AW_Open_AR_PayWeekSale_PROS_23Apr26_DAN007,Awareness,Native,Rest Of United Arab Emirates,United Arab Emirates,"9,652",58,0.60%,2.93,3297,66.60,1.15,6.9,,,,,,,,89.28%
26-Apr-26,DanubeH_Muscat_Static_AW_Open_AR_NaseemSummerSale_PROS_23Apr26_DAN007,Awareness,Native,Muscat,Oman,21171,136,0.64%,2.98,7100,133.38,0.98,6.3,,,,,,,,89.28%
26-Apr-26,DanubeH_Rest Of Oman_Static_AW_Open_AR_NaseemSummerSale_PROS_23Apr26_DAN007,Awareness,Native,Rest Of Oman,Oman,8355,52,0.62%,2.86,2926,52.64,1.01,6.3,,,,,,,,90.45%
26-Apr-26,DanubeH_BH_Static_AW_Open_EN_PayWeekSale_PROS_23Apr26_DAN007,Awareness,Native,Bahrain EN,Bahrain,6091,39,0.64%,2.93,2081,38.37,0.98,6.3,,,,,,,,90.42%
26-Apr-26,DanubeH_BH_Static_AW_Open_AR_PayWeekSale_PROS_23Apr26_DAN007,Awareness,Native,Bahrain AR,Bahrain,5629,32,0.57%,2.94,1917,35.46,1.11,6.3,,,,,,,,90.64%
26-Apr-26,DanubeH_Dubai&Sharjah_Static_AW_Open_EN_PayWeekSale_PROS_23Apr26_DAN007,Awareness,Display,Dubai,United Arab Emirates,30883,208,0.67%,2.89,10699,213.09,1.02,6.9,,,,,,,,89.70%
26-Apr-26,DanubeH_Abu Dhabi & Al Ain_Static_AW_Open_AR_PayWeekSale_PROS_23Apr26_DAN007,Awareness,Display,Abu Dhabi,United Arab Emirates,22914,167,0.73%,2.92,7851,158.11,0.95,6.9,,,,,,,,89.02%
26-Apr-26,DanubeH_Rest Of United Arab Emirates_Static_AW_Open_AR_PayWeekSale_PROS_23Apr26_DAN007,Awareness,Display,Rest Of United Arab Emirates,United Arab Emirates,"14,657",91,0.62%,2.93,5007,101.13,1.11,6.9,,,,,,,,91.86%
26-Apr-26,DanubeH_Muscat_Static_AW_Open_AR_NaseemSummerSale_PROS_23Apr26_DAN007,Awareness,Display,Muscat,Oman,32150,212,0.66%,2.98,10782,202.55,0.96,6.3,,,,,,,,89.71%
26-Apr-26,DanubeH_Rest Of Oman_Static_AW_Open_AR_NaseemSummerSale_PROS_23Apr26_DAN007,Awareness,Display,Rest Of Oman,Oman,12688,80,0.63%,2.86,4443,79.93,1.00,6.3,,,,,,,,90.28%
26-Apr-26,DanubeH_BH_Static_AW_Open_EN_PayWeekSale_PROS_23Apr26_DAN007,Awareness,Display,Bahrain EN,Bahrain,9250,61,0.66%,2.93,3159,58.28,0.96,6.3,,,,,,,,90.40%
26-Apr-26,DanubeH_BH_Static_AW_Open_AR_PayWeekSale_PROS_23Apr26_DAN007,Awareness,Display,Bahrain AR,Bahrain,8548,50,0.58%,2.94,2912,53.85,1.08,6.3,,,,,,,,91.24%
26-Apr-26,DanubeH_Dubai&Sharjah_HTML_AW_Open_EN_PayWeekSale_PROS_23Apr26_DAN007,Awareness,HTML-Horizontal Product Slider,Dubai,United Arab Emirates,19623,143,0.73%,2.89,6798,135.40,0.95,6.9,,,,,,,,91.06%
26-Apr-26,DanubeH_Abu Dhabi & Al Ain_HTML_AW_Open_AR_PayWeekSale_PROS_23Apr26_DAN007,Awareness,HTML-Horizontal Product Slider,Abu Dhabi,United Arab Emirates,14560,115,0.79%,2.92,4989,100.46,0.87,6.9,,,,,,,,90.57%
26-Apr-26,DanubeH_Rest Of United Arab Emirates_HTML_AW_Open_AR_PayWeekSale_PROS_23Apr26_DAN007,Awareness,HTML-Horizontal Product Slider,Rest Of United Arab Emirates,United Arab Emirates,"9,313",63,0.68%,2.93,3182,64.26,1.02,6.9,,,,,,,,90.41%
26-Apr-26,DanubeH_Muscat_HTML_AW_Open_AR_NaseemSummerSale_PROS_23Apr26_DAN007,Awareness,HTML-Horizontal Product Slider,Muscat,Oman,20428,146,0.71%,2.98,6851,128.70,0.88,6.3,,,,,,,,91.59%
26-Apr-26,DanubeH_Rest Of Oman_HTML_AW_Open_AR_NaseemSummerSale_PROS_23Apr26_DAN007,Awareness,HTML-Horizontal Product Slider,Rest Of Oman,Oman,8062,55,0.68%,2.86,2823,50.79,0.92,6.3,,,,,,,,91.46%
26-Apr-26,DanubeH_BH_HTML_AW_Open_EN_PayWeekSale_PROS_23Apr26_DAN007,Awareness,HTML-Horizontal Product Slider,Bahrain EN,Bahrain,5878,42,0.71%,2.93,2008,37.03,0.88,6.3,,,,,,,,89.43%
26-Apr-26,DanubeH_BH_HTML_AW_Open_AR_PayWeekSale_PROS_23Apr26_DAN007,Awareness,HTML-Horizontal Product Slider,Bahrain AR,Bahrain,5431,35,0.64%,2.94,1850,34.22,0.98,6.3,,,,,,,,89.72%
26-Apr-26,DanubeH_Dubai&Sharjah_HTML_AW_Open_EN_PayWeekSale_PROS_23Apr26_DAN007,Awareness,HTML-Vertical Product Slider,Dubai,United Arab Emirates,2926,20,0.68%,2.89,1014,20.19,1.01,6.9,,,,,,,,89.71%
26-Apr-26,DanubeH_Abu Dhabi & Al Ain_HTML_AW_Open_AR_PayWeekSale_PROS_23Apr26_DAN007,Awareness,HTML-Vertical Product Slider,Abu Dhabi,United Arab Emirates,2171,16,0.74%,2.92,744,14.98,0.94,6.9,,,,,,,,91.92%
26-Apr-26,DanubeH_Rest Of United Arab Emirates_HTML_AW_Open_AR_PayWeekSale_PROS_23Apr26_DAN007,Awareness,HTML-Vertical Product Slider,Rest Of United Arab Emirates,United Arab Emirates,"1,388",9,0.65%,2.93,474,9.58,1.06,6.9,,,,,,,,90.64%
26-Apr-26,DanubeH_Muscat_HTML_AW_Open_AR_NaseemSummerSale_PROS_23Apr26_DAN007,Awareness,HTML-Vertical Product Slider,Muscat,Oman,3046,20,0.66%,2.98,1021,19.19,0.96,6.3,,,,,,,,91.27%
26-Apr-26,DanubeH_Rest Of Oman_HTML_AW_Open_AR_NaseemSummerSale_PROS_23Apr26_DAN007,Awareness,HTML-Vertical Product Slider,Rest Of Oman,Oman,1202,8,0.67%,2.86,421,7.57,0.95,6.3,,,,,,,,91.70%
26-Apr-26,DanubeH_BH_HTML_AW_Open_EN_PayWeekSale_PROS_23Apr26_DAN007,Awareness,HTML-Vertical Product Slider,Bahrain EN,Bahrain,876,6,0.68%,2.93,299,5.52,0.92,6.3,,,,,,,,91.41%
26-Apr-26,DanubeH_BH_HTML_AW_Open_AR_PayWeekSale_PROS_23Apr26_DAN007,Awareness,HTML-Vertical Product Slider,Bahrain AR,Bahrain,810,5,0.62%,2.93,276,5.10,1.02,6.3,,,,,,,,89.48%
27-Apr-26,DanubeH_Dubai&Sharjah_Static_AW_Open_EN_PayWeekSale_PROS_23Apr26_DAN007,Awareness,Native,Dubai,United Arab Emirates,37677,202,0.54%,2.83,13302,259.97,1.29,6.9,,,,,,,,90.93%
27-Apr-26,DanubeH_Abu Dhabi & Al Ain_Static_AW_Open_AR_PayWeekSale_PROS_23Apr26_DAN007,Awareness,Native,Abu Dhabi,United Arab Emirates,36160,217,0.60%,2.95,12245,249.50,1.15,6.9,,,,,,,,91.14%
27-Apr-26,DanubeH_Rest Of United Arab Emirates_Static_AW_Open_AR_PayWeekSale_PROS_23Apr26_DAN007,Awareness,Native,Rest Of United Arab Emirates,United Arab Emirates,"15,209",73,0.48%,2.89,5254,104.94,1.44,6.9,,,,,,,,90.93%
27-Apr-26,DanubeH_Muscat_Static_AW_Open_AR_NaseemSummerSale_PROS_23Apr26_DAN007,Awareness,Native,Muscat,Oman,27765,165,0.59%,3.00,9243,174.92,1.06,6.3,,,,,,,,90.28%
27-Apr-26,DanubeH_Rest Of Oman_Static_AW_Open_AR_NaseemSummerSale_PROS_23Apr26_DAN007,Awareness,Native,Rest Of Oman,Oman,16164,81,0.50%,2.87,5641,101.83,1.26,6.3,,,,,,,,89.90%
27-Apr-26,DanubeH_BH_Static_AW_Open_EN_PayWeekSale_PROS_23Apr26_DAN007,Awareness,Native,Bahrain EN,Bahrain,17908,100,0.56%,2.89,6189,112.82,1.13,6.3,,,,,,,,91.23%
27-Apr-26,DanubeH_BH_Static_AW_Open_AR_PayWeekSale_PROS_23Apr26_DAN007,Awareness,Native,Bahrain AR,Bahrain,12391,62,0.50%,2.95,4200,78.06,1.26,6.3,,,,,,,,90.30%
27-Apr-26,DanubeH_Dubai&Sharjah_Static_AW_Open_EN_PayWeekSale_PROS_23Apr26_DAN007,Awareness,Display,Dubai,United Arab Emirates,21878,129,0.59%,2.83,7724,150.96,1.17,6.9,,,,,,,,91.23%
27-Apr-26,DanubeH_Abu Dhabi & Al Ain_Static_AW_Open_AR_PayWeekSale_PROS_23Apr26_DAN007,Awareness,Display,Abu Dhabi,United Arab Emirates,20997,139,0.66%,2.95,7110,144.88,1.04,6.9,,,,,,,,89.91%
27-Apr-26,DanubeH_Rest Of United Arab Emirates_Static_AW_Open_AR_PayWeekSale_PROS_23Apr26_DAN007,Awareness,Display,Rest Of United Arab Emirates,United Arab Emirates,"8,831",47,0.53%,2.89,3051,60.93,1.30,6.9,,,,,,,,91.06%
27-Apr-26,DanubeH_Muscat_Static_AW_Open_AR_NaseemSummerSale_PROS_23Apr26_DAN007,Awareness,Display,Muscat,Oman,16122,106,0.66%,3.00,5367,101.57,0.96,6.3,,,,,,,,89.65%
27-Apr-26,DanubeH_Rest Of Oman_Static_AW_Open_AR_NaseemSummerSale_PROS_23Apr26_DAN007,Awareness,Display,Rest Of Oman,Oman,9386,52,0.55%,2.87,3275,59.13,1.14,6.3,,,,,,,,89.32%
27-Apr-26,DanubeH_BH_Static_AW_Open_EN_PayWeekSale_PROS_23Apr26_DAN007,Awareness,Display,Bahrain EN,Bahrain,10399,64,0.62%,2.89,3594,65.51,1.02,6.3,,,,,,,,91.06%
27-Apr-26,DanubeH_BH_Static_AW_Open_AR_PayWeekSale_PROS_23Apr26_DAN007,Awareness,Display,Bahrain AR,Bahrain,7195,39,0.54%,2.95,2439,45.33,1.16,6.3,,,,,,,,89.98%
27-Apr-26,DanubeH_Dubai&Sharjah_HTML_AW_Open_EN_PayWeekSale_PROS_23Apr26_DAN007,Awareness,HTML-Horizontal Product Slider,Dubai,United Arab Emirates,51198,344,0.67%,2.83,18075,353.27,1.03,6.9,,,,,,,,90.67%
27-Apr-26,DanubeH_Abu Dhabi & Al Ain_HTML_AW_Open_AR_PayWeekSale_PROS_23Apr26_DAN007,Awareness,HTML-Horizontal Product Slider,Abu Dhabi,United Arab Emirates,49137,370,0.75%,2.95,16640,339.05,0.92,6.9,,,,,,,,90.61%
27-Apr-26,DanubeH_Rest Of United Arab Emirates_HTML_AW_Open_AR_PayWeekSale_PROS_23Apr26_DAN007,Awareness,HTML-Horizontal Product Slider,Rest Of United Arab Emirates,United Arab Emirates,"20,667",124,0.60%,2.89,7140,142.60,1.15,6.9,,,,,,,,89.16%
27-Apr-26,DanubeH_Muscat_HTML_AW_Open_AR_NaseemSummerSale_PROS_23Apr26_DAN007,Awareness,HTML-Horizontal Product Slider,Muscat,Oman,37729,282,0.75%,3.00,12560,237.69,0.84,6.3,,,,,,,,90.73%
27-Apr-26,DanubeH_Rest Of Oman_HTML_AW_Open_AR_NaseemSummerSale_PROS_23Apr26_DAN007,Awareness,HTML-Horizontal Product Slider,Rest Of Oman,Oman,21964,138,0.63%,2.87,7665,138.37,1.00,6.3,,,,,,,,91.92%
27-Apr-26,DanubeH_BH_HTML_AW_Open_EN_PayWeekSale_PROS_23Apr26_DAN007,Awareness,HTML-Horizontal Product Slider,Bahrain EN,Bahrain,24335,171,0.70%,2.89,8409,153.31,0.90,6.3,,,,,,,,90.35%
27-Apr-26,DanubeH_BH_HTML_AW_Open_AR_PayWeekSale_PROS_23Apr26_DAN007,Awareness,HTML-Horizontal Product Slider,Bahrain AR,Bahrain,16838,105,0.62%,2.95,5708,106.08,1.01,6.3,,,,,,,,91.51%
27-Apr-26,DanubeH_Dubai&Sharjah_HTML_AW_Open_EN_PayWeekSale_PROS_23Apr26_DAN007,Awareness,HTML-Vertical Product Slider,Dubai,United Arab Emirates,38919,238,0.61%,2.83,13740,268.54,1.13,6.9,,,,,,,,90.78%
27-Apr-26,DanubeH_Abu Dhabi & Al Ain_HTML_AW_Open_AR_PayWeekSale_PROS_23Apr26_DAN007,Awareness,HTML-Vertical Product Slider,Abu Dhabi,United Arab Emirates,37353,256,0.69%,2.95,12649,257.74,1.01,6.9,,,,,,,,90.87%
27-Apr-26,DanubeH_Rest Of United Arab Emirates_HTML_AW_Open_AR_PayWeekSale_PROS_23Apr26_DAN007,Awareness,HTML-Vertical Product Slider,Rest Of United Arab Emirates,United Arab Emirates,"15,710",86,0.55%,2.89,5427,108.40,1.26,6.9,,,,,,,,91.89%
27-Apr-26,DanubeH_Muscat_HTML_AW_Open_AR_NaseemSummerSale_PROS_23Apr26_DAN007,Awareness,HTML-Vertical Product Slider,Muscat,Oman,28680,195,0.68%,3.00,9548,180.68,0.93,6.3,,,,,,,,89.65%
27-Apr-26,DanubeH_Rest Of Oman_HTML_AW_Open_AR_NaseemSummerSale_PROS_23Apr26_DAN007,Awareness,HTML-Vertical Product Slider,Rest Of Oman,Oman,16697,95,0.57%,2.87,5827,105.19,1.11,6.3,,,,,,,,90.00%
27-Apr-26,DanubeH_BH_HTML_AW_Open_EN_PayWeekSale_PROS_23Apr26_DAN007,Awareness,HTML-Vertical Product Slider,Bahrain EN,Bahrain,18499,118,0.64%,2.89,6393,116.54,0.99,6.3,,,,,,,,89.07%
27-Apr-26,DanubeH_BH_HTML_AW_Open_AR_PayWeekSale_PROS_23Apr26_DAN007,Awareness,HTML-Vertical Product Slider,Bahrain AR,Bahrain,12800,72,0.56%,2.95,4339,80.64,1.12,6.3,,,,,,,,90.61%
28-Apr-26,DanubeH_Dubai&Sharjah_Static_AW_Open_EN_PayWeekSale_PROS_23Apr26_DAN007,Awareness,Native,Dubai,United Arab Emirates,18701,108,0.58%,3.02,6189,129.04,1.19,6.9,,,,,,,,90.08%
28-Apr-26,DanubeH_Abu Dhabi & Al Ain_Static_AW_Open_AR_PayWeekSale_PROS_23Apr26_DAN007,Awareness,Native,Abu Dhabi,United Arab Emirates,26260,153,0.58%,2.90,9045,181.19,1.18,6.9,,,,,,,,89.44%
28-Apr-26,DanubeH_Rest Of United Arab Emirates_Static_AW_Open_AR_PayWeekSale_PROS_23Apr26_DAN007,Awareness,Native,Rest Of United Arab Emirates,United Arab Emirates,"15,852",73,0.46%,2.97,5332,109.38,1.50,6.9,,,,,,,,90.64%
28-Apr-26,DanubeH_Muscat_Static_AW_Open_AR_NaseemSummerSale_PROS_23Apr26_DAN007,Awareness,Native,Muscat,Oman,21867,129,0.59%,2.93,7453,137.76,1.07,6.3,,,,,,,,90.29%
28-Apr-26,DanubeH_Rest Of Oman_Static_AW_Open_AR_NaseemSummerSale_PROS_23Apr26_DAN007,Awareness,Native,Rest Of Oman,Oman,12388,70,0.57%,2.97,4172,78.04,1.11,6.3,,,,,,,,91.03%
28-Apr-26,DanubeH_BH_Static_AW_Open_EN_PayWeekSale_PROS_23Apr26_DAN007,Awareness,Native,Bahrain EN,Bahrain,14675,77,0.52%,2.85,5144,92.45,1.20,6.3,,,,,,,,89.67%
28-Apr-26,DanubeH_BH_Static_AW_Open_AR_PayWeekSale_PROS_23Apr26_DAN007,Awareness,Native,Bahrain AR,Bahrain,6175,28,0.45%,2.90,2131,38.90,1.39,6.3,,,,,,,,91.41%
28-Apr-26,DanubeH_Dubai&Sharjah_Static_AW_Open_EN_PayWeekSale_PROS_23Apr26_DAN007,Awareness,Display,Dubai,United Arab Emirates,10339,63,0.61%,3.02,3421,71.34,1.13,6.9,,,,,,,,89.68%
28-Apr-26,DanubeH_Abu Dhabi & Al Ain_Static_AW_Open_AR_PayWeekSale_PROS_23Apr26_DAN007,Awareness,Display,Abu Dhabi,United Arab Emirates,14517,90,0.62%,2.90,5001,100.17,1.11,6.9,,,,,,,,91.11%
28-Apr-26,DanubeH_Rest Of United Arab Emirates_Static_AW_Open_AR_PayWeekSale_PROS_23Apr26_DAN007,Awareness,Display,Rest Of United Arab Emirates,United Arab Emirates,"8,763",43,0.49%,2.97,2948,60.46,1.41,6.9,,,,,,,,89.60%
28-Apr-26,DanubeH_Muscat_Static_AW_Open_AR_NaseemSummerSale_PROS_23Apr26_DAN007,Awareness,Display,Muscat,Oman,12089,76,0.63%,2.93,4121,76.16,1.00,6.3,,,,,,,,91.46%
28-Apr-26,DanubeH_Rest Of Oman_Static_AW_Open_AR_NaseemSummerSale_PROS_23Apr26_DAN007,Awareness,Display,Rest Of Oman,Oman,6849,41,0.60%,2.97,2306,43.15,1.05,6.3,,,,,,,,89.19%
28-Apr-26,DanubeH_BH_Static_AW_Open_EN_PayWeekSale_PROS_23Apr26_DAN007,Awareness,Display,Bahrain EN,Bahrain,8113,45,0.55%,2.85,2844,51.11,1.14,6.3,,,,,,,,89.28%
28-Apr-26,DanubeH_BH_Static_AW_Open_AR_PayWeekSale_PROS_23Apr26_DAN007,Awareness,Display,Bahrain AR,Bahrain,3414,17,0.50%,2.90,1178,21.51,1.27,6.3,,,,,,,,91.53%
28-Apr-26,DanubeH_Dubai&Sharjah_HTML_AW_Open_EN_PayWeekSale_PROS_23Apr26_DAN007,Awareness,HTML-Horizontal Product Slider,Dubai,United Arab Emirates,32464,234,0.72%,3.02,10743,224.00,0.96,6.9,,,,,,,,89.01%
28-Apr-26,DanubeH_Abu Dhabi & Al Ain_HTML_AW_Open_AR_PayWeekSale_PROS_23Apr26_DAN007,Awareness,HTML-Horizontal Product Slider,Abu Dhabi,United Arab Emirates,45585,332,0.73%,2.90,15702,314.54,0.95,6.9,,,,,,,,89.87%
28-Apr-26,DanubeH_Rest Of United Arab Emirates_HTML_AW_Open_AR_PayWeekSale_PROS_23Apr26_DAN007,Awareness,HTML-Horizontal Product Slider,Rest Of United Arab Emirates,United Arab Emirates,"27,517",158,0.57%,2.97,9256,189.87,1.20,6.9,,,,,,,,91.98%
28-Apr-26,DanubeH_Muscat_HTML_AW_Open_AR_NaseemSummerSale_PROS_23Apr26_DAN007,Awareness,HTML-Horizontal Product Slider,Muscat,Oman,37960,279,0.73%,2.93,12938,239.15,0.86,6.3,,,,,,,,90.36%
28-Apr-26,DanubeH_Rest Of Oman_HTML_AW_Open_AR_NaseemSummerSale_PROS_23Apr26_DAN007,Awareness,HTML-Horizontal Product Slider,Rest Of Oman,Oman,21505,151,0.70%,2.97,7242,135.48,0.90,6.3,,,,,,,,90.80%
28-Apr-26,DanubeH_BH_HTML_AW_Open_EN_PayWeekSale_PROS_23Apr26_DAN007,Awareness,HTML-Horizontal Product Slider,Bahrain EN,Bahrain,25475,167,0.66%,2.85,8930,160.49,0.96,6.3,,,,,,,,91.77%
28-Apr-26,DanubeH_BH_HTML_AW_Open_AR_PayWeekSale_PROS_23Apr26_DAN007,Awareness,HTML-Horizontal Product Slider,Bahrain AR,Bahrain,10719,61,0.57%,2.90,3700,67.53,1.11,6.3,,,,,,,,90.87%
28-Apr-26,DanubeH_Dubai&Sharjah_HTML_AW_Open_EN_PayWeekSale_PROS_23Apr26_DAN007,Awareness,HTML-Vertical Product Slider,Dubai,United Arab Emirates,24807,166,0.67%,3.02,8209,171.17,1.03,6.9,,,,,,,,90.80%
28-Apr-26,DanubeH_Abu Dhabi & Al Ain_HTML_AW_Open_AR_PayWeekSale_PROS_23Apr26_DAN007,Awareness,HTML-Vertical Product Slider,Abu Dhabi,United Arab Emirates,34832,237,0.68%,2.90,11998,240.34,1.01,6.9,,,,,,,,89.75%
28-Apr-26,DanubeH_Rest Of United Arab Emirates_HTML_AW_Open_AR_PayWeekSale_PROS_23Apr26_DAN007,Awareness,HTML-Vertical Product Slider,Rest Of United Arab Emirates,United Arab Emirates,"21,027",113,0.54%,2.97,7073,145.09,1.28,6.9,,,,,,,,91.28%
28-Apr-26,DanubeH_Muscat_HTML_AW_Open_AR_NaseemSummerSale_PROS_23Apr26_DAN007,Awareness,HTML-Vertical Product Slider,Muscat,Oman,29006,199,0.69%,2.93,9887,182.74,0.92,6.3,,,,,,,,90.84%
28-Apr-26,DanubeH_Rest Of Oman_HTML_AW_Open_AR_NaseemSummerSale_PROS_23Apr26_DAN007,Awareness,HTML-Vertical Product Slider,Rest Of Oman,Oman,16433,108,0.66%,2.97,5534,103.53,0.96,6.3,,,,,,,,91.44%
28-Apr-26,DanubeH_BH_HTML_AW_Open_EN_PayWeekSale_PROS_23Apr26_DAN007,Awareness,HTML-Vertical Product Slider,Bahrain EN,Bahrain,19466,119,0.61%,2.85,6824,122.64,1.03,6.3,,,,,,,,90.93%
28-Apr-26,DanubeH_BH_HTML_AW_Open_AR_PayWeekSale_PROS_23Apr26_DAN007,Awareness,HTML-Vertical Product Slider,Bahrain AR,Bahrain,8190,44,0.54%,2.90,2827,51.60,1.17,6.3,,,,,,,,91.73%
29-Apr-26,DanubeH_Dubai&Sharjah_Static_AW_Open_EN_PayWeekSale_PROS_23Apr26_DAN007,Awareness,Native,Dubai,United Arab Emirates,38362,204,0.53%,2.86,13418,264.70,1.30,6.9,,,,,,,,91.89%
29-Apr-26,DanubeH_Abu Dhabi & Al Ain_Static_AW_Open_AR_PayWeekSale_PROS_23Apr26_DAN007,Awareness,Native,Abu Dhabi,United Arab Emirates,24081,123,0.51%,3.02,7972,166.16,1.35,6.9,,,,,,,,89.56%
29-Apr-26,DanubeH_Rest Of United Arab Emirates_Static_AW_Open_AR_PayWeekSale_PROS_23Apr26_DAN007,Awareness,Native,Rest Of United Arab Emirates,United Arab Emirates,"14,747",76,0.52%,2.78,5299,101.75,1.34,6.9,,,,,,,,89.39%
29-Apr-26,DanubeH_Muscat_Static_AW_Open_AR_NaseemSummerSale_PROS_23Apr26_DAN007,Awareness,Native,Muscat,Oman,18294,87,0.48%,3.03,6041,115.25,1.32,6.3,,,,,,,,89.82%
29-Apr-26,DanubeH_Rest Of Oman_Static_AW_Open_AR_NaseemSummerSale_PROS_23Apr26_DAN007,Awareness,Native,Rest Of Oman,Oman,8679,42,0.48%,2.82,3073,54.68,1.30,6.3,,,,,,,,91.90%
29-Apr-26,DanubeH_BH_Static_AW_Open_EN_PayWeekSale_PROS_23Apr26_DAN007,Awareness,Native,Bahrain EN,Bahrain,14832,71,0.48%,2.96,5011,93.44,1.32,6.3,,,,,,,,89.25%
29-Apr-26,DanubeH_BH_Static_AW_Open_AR_PayWeekSale_PROS_23Apr26_DAN007,Awareness,Native,Bahrain AR,Bahrain,7031,30,0.43%,2.84,2473,44.30,1.48,6.3,,,,,,,,89.94%
29-Apr-26,DanubeH_Dubai&Sharjah_Static_AW_Open_EN_PayWeekSale_PROS_23Apr26_DAN007,Awareness,Display,Dubai,United Arab Emirates,23207,161,0.69%,2.86,8117,160.13,0.99,6.9,,,,,,,,91.46%
29-Apr-26,DanubeH_Abu Dhabi & Al Ain_Static_AW_Open_AR_PayWeekSale_PROS_23Apr26_DAN007,Awareness,Display,Abu Dhabi,United Arab Emirates,14568,97,0.67%,3.02,4823,100.52,1.04,6.9,,,,,,,,91.13%
29-Apr-26,DanubeH_Rest Of United Arab Emirates_Static_AW_Open_AR_PayWeekSale_PROS_23Apr26_DAN007,Awareness,Display,Rest Of United Arab Emirates,United Arab Emirates,"8,921",60,0.67%,2.78,3206,61.55,1.03,6.9,,,,,,,,91.55%
29-Apr-26,DanubeH_Muscat_Static_AW_Open_AR_NaseemSummerSale_PROS_23Apr26_DAN007,Awareness,Display,Muscat,Oman,11067,69,0.62%,3.03,3655,69.72,1.01,6.3,,,,,,,,89.82%
29-Apr-26,DanubeH_Rest Of Oman_Static_AW_Open_AR_NaseemSummerSale_PROS_23Apr26_DAN007,Awareness,Display,Rest Of Oman,Oman,5250,33,0.63%,2.82,1859,33.08,1.00,6.3,,,,,,,,90.47%
29-Apr-26,DanubeH_BH_Static_AW_Open_EN_PayWeekSale_PROS_23Apr26_DAN007,Awareness,Display,Bahrain EN,Bahrain,8972,56,0.62%,2.96,3031,56.52,1.01,6.3,,,,,,,,91.82%
29-Apr-26,DanubeH_BH_Static_AW_Open_AR_PayWeekSale_PROS_23Apr26_DAN007,Awareness,Display,Bahrain AR,Bahrain,4253,24,0.56%,2.84,1496,26.79,1.12,6.3,,,,,,,,89.07%
29-Apr-26,DanubeH_Dubai&Sharjah_HTML_AW_Open_EN_PayWeekSale_PROS_23Apr26_DAN007,Awareness,HTML-Horizontal Product Slider,Dubai,United Arab Emirates,77757,571,0.73%,2.86,27197,536.52,0.94,6.9,,,,,,,,89.19%
29-Apr-26,DanubeH_Abu Dhabi & Al Ain_HTML_AW_Open_AR_PayWeekSale_PROS_23Apr26_DAN007,Awareness,HTML-Horizontal Product Slider,Abu Dhabi,United Arab Emirates,48810,345,0.71%,3.02,16159,336.79,0.98,6.9,,,,,,,,89.69%
29-Apr-26,DanubeH_Rest Of United Arab Emirates_HTML_AW_Open_AR_PayWeekSale_PROS_23Apr26_DAN007,Awareness,HTML-Horizontal Product Slider,Rest Of United Arab Emirates,United Arab Emirates,"29,891",211,0.71%,2.78,10740,206.25,0.98,6.9,,,,,,,,89.56%
29-Apr-26,DanubeH_Muscat_HTML_AW_Open_AR_NaseemSummerSale_PROS_23Apr26_DAN007,Awareness,HTML-Horizontal Product Slider,Muscat,Oman,37080,244,0.66%,3.03,12245,233.60,0.96,6.3,,,,,,,,90.22%
29-Apr-26,DanubeH_Rest Of Oman_HTML_AW_Open_AR_NaseemSummerSale_PROS_23Apr26_DAN007,Awareness,HTML-Horizontal Product Slider,Rest Of Oman,Oman,17592,117,0.67%,2.82,6229,110.83,0.95,6.3,,,,,,,,90.90%
29-Apr-26,DanubeH_BH_HTML_AW_Open_EN_PayWeekSale_PROS_23Apr26_DAN007,Awareness,HTML-Horizontal Product Slider,Bahrain EN,Bahrain,30062,199,0.66%,2.96,10157,189.39,0.95,6.3,,,,,,,,91.88%
29-Apr-26,DanubeH_BH_HTML_AW_Open_AR_PayWeekSale_PROS_23Apr26_DAN007,Awareness,HTML-Horizontal Product Slider,Bahrain AR,Bahrain,14250,84,0.59%,2.84,5012,89.78,1.07,6.3,,,,,,,,89.11%
29-Apr-26,DanubeH_Dubai&Sharjah_HTML_AW_Open_EN_PayWeekSale_PROS_23Apr26_DAN007,Awareness,HTML-Vertical Product Slider,Dubai,United Arab Emirates,70436,430,0.61%,2.86,24637,486.01,1.13,6.9,,,,,,,,90.29%
29-Apr-26,DanubeH_Abu Dhabi & Al Ain_HTML_AW_Open_AR_PayWeekSale_PROS_23Apr26_DAN007,Awareness,HTML-Vertical Product Slider,Abu Dhabi,United Arab Emirates,44214,259,0.59%,3.02,14638,305.08,1.18,6.9,,,,,,,,89.16%
29-Apr-26,DanubeH_Rest Of United Arab Emirates_HTML_AW_Open_AR_PayWeekSale_PROS_23Apr26_DAN007,Awareness,HTML-Vertical Product Slider,Rest Of United Arab Emirates,United Arab Emirates,"27,076",159,0.59%,2.78,9729,186.82,1.17,6.9,,,,,,,,89.69%
29-Apr-26,DanubeH_Muscat_HTML_AW_Open_AR_NaseemSummerSale_PROS_23Apr26_DAN007,Awareness,HTML-Vertical Product Slider,Muscat,Oman,33589,183,0.54%,3.03,11092,211.61,1.16,6.3,,,,,,,,90.10%
29-Apr-26,DanubeH_Rest Of Oman_HTML_AW_Open_AR_NaseemSummerSale_PROS_23Apr26_DAN007,Awareness,HTML-Vertical Product Slider,Rest Of Oman,Oman,15936,88,0.55%,2.82,5642,100.40,1.14,6.3,,,,,,,,90.03%
29-Apr-26,DanubeH_BH_HTML_AW_Open_EN_PayWeekSale_PROS_23Apr26_DAN007,Awareness,HTML-Vertical Product Slider,Bahrain EN,Bahrain,27232,149,0.55%,2.96,9201,171.56,1.15,6.3,,,,,,,,89.64%
29-Apr-26,DanubeH_BH_HTML_AW_Open_AR_PayWeekSale_PROS_23Apr26_DAN007,Awareness,HTML-Vertical Product Slider,Bahrain AR,Bahrain,12909,63,0.49%,2.84,4541,81.33,1.29,6.3,,,,,,,,91.99%
30-Apr-26,DanubeH_Dubai&Sharjah_Static_AW_Open_EN_PayWeekSale_PROS_23Apr26_DAN007,Awareness,Native,Dubai,United Arab Emirates,33153,203,0.61%,2.99,11071,228.76,1.13,6.9,,,,,,,,89.60%
30-Apr-26,DanubeH_Abu Dhabi & Al Ain_Static_AW_Open_AR_PayWeekSale_PROS_23Apr26_DAN007,Awareness,Native,Abu Dhabi,United Arab Emirates,30236,193,0.64%,3.06,9875,208.63,1.08,6.9,,,,,,,,89.38%
30-Apr-26,DanubeH_Rest Of United Arab Emirates_Static_AW_Open_AR_PayWeekSale_PROS_23Apr26_DAN007,Awareness,Native,Rest Of United Arab Emirates,United Arab Emirates,"16,308",91,0.56%,2.69,6066,112.53,1.24,6.9,,,,,,,,91.60%
30-Apr-26,DanubeH_Muscat_Static_AW_Open_AR_NaseemSummerSale_PROS_23Apr26_DAN007,Awareness,Native,Muscat,Oman,20773,117,0.56%,2.71,7666,130.87,1.12,6.3,,,,,,,,89.42%
30-Apr-26,DanubeH_Rest Of Oman_Static_AW_Open_AR_NaseemSummerSale_PROS_23Apr26_DAN007,Awareness,Native,Rest Of Oman,Oman,11227,59,0.53%,2.81,4001,70.73,1.20,6.3,,,,,,,,90.42%
30-Apr-26,DanubeH_BH_Static_AW_Open_EN_PayWeekSale_PROS_23Apr26_DAN007,Awareness,Native,Bahrain EN,Bahrain,14178,84,0.59%,2.97,4780,89.32,1.06,6.3,,,,,,,,90.47%
30-Apr-26,DanubeH_BH_Static_AW_Open_AR_PayWeekSale_PROS_23Apr26_DAN007,Awareness,Native,Bahrain AR,Bahrain,6612,38,0.57%,3.08,2147,41.66,1.10,6.3,,,,,,,,91.38%
30-Apr-26,DanubeH_Dubai&Sharjah_Static_AW_Open_EN_PayWeekSale_PROS_23Apr26_DAN007,Awareness,Display,Dubai,United Arab Emirates,31568,210,0.67%,2.99,10542,217.82,1.04,6.9,,,,,,,,90.11%
30-Apr-26,DanubeH_Abu Dhabi & Al Ain_Static_AW_Open_AR_PayWeekSale_PROS_23Apr26_DAN007,Awareness,Display,Abu Dhabi,United Arab Emirates,28790,200,0.69%,3.06,9403,198.65,0.99,6.9,,,,,,,,91.26%
30-Apr-26,DanubeH_Rest Of United Arab Emirates_Static_AW_Open_AR_PayWeekSale_PROS_23Apr26_DAN007,Awareness,Display,Rest Of United Arab Emirates,United Arab Emirates,"15,528",94,0.61%,2.69,5775,107.14,1.14,6.9,,,,,,,,91.98%
30-Apr-26,DanubeH_Muscat_Static_AW_Open_AR_NaseemSummerSale_PROS_23Apr26_DAN007,Awareness,Display,Muscat,Oman,19780,121,0.61%,2.71,7300,124.61,1.03,6.3,,,,,,,,90.44%
30-Apr-26,DanubeH_Rest Of Oman_Static_AW_Open_AR_NaseemSummerSale_PROS_23Apr26_DAN007,Awareness,Display,Rest Of Oman,Oman,10690,61,0.57%,2.81,3809,67.35,1.10,6.3,,,,,,,,91.11%
30-Apr-26,DanubeH_BH_Static_AW_Open_EN_PayWeekSale_PROS_23Apr26_DAN007,Awareness,Display,Bahrain EN,Bahrain,13500,87,0.64%,2.97,4552,85.05,0.98,6.3,,,,,,,,90.14%
30-Apr-26,DanubeH_BH_Static_AW_Open_AR_PayWeekSale_PROS_23Apr26_DAN007,Awareness,Display,Bahrain AR,Bahrain,6296,39,0.62%,3.08,2044,39.66,1.02,6.3,,,,,,,,89.08%
30-Apr-26,DanubeH_Dubai&Sharjah_HTML_AW_Open_EN_PayWeekSale_PROS_23Apr26_DAN007,Awareness,HTML-Horizontal Product Slider,Dubai,United Arab Emirates,48000,361,0.75%,2.99,16030,331.20,0.92,6.9,,,,,,,,90.44%
30-Apr-26,DanubeH_Abu Dhabi & Al Ain_HTML_AW_Open_AR_PayWeekSale_PROS_23Apr26_DAN007,Awareness,HTML-Horizontal Product Slider,Abu Dhabi,United Arab Emirates,43777,343,0.78%,3.06,14297,302.06,0.88,6.9,,,,,,,,91.81%
30-Apr-26,DanubeH_Rest Of United Arab Emirates_HTML_AW_Open_AR_PayWeekSale_PROS_23Apr26_DAN007,Awareness,HTML-Horizontal Product Slider,Rest Of United Arab Emirates,United Arab Emirates,"23,611",162,0.69%,2.69,8782,162.92,1.01,6.9,,,,,,,,89.08%
30-Apr-26,DanubeH_Muscat_HTML_AW_Open_AR_NaseemSummerSale_PROS_23Apr26_DAN007,Awareness,HTML-Horizontal Product Slider,Muscat,Oman,30076,208,0.69%,2.71,11100,189.48,0.91,6.3,,,,,,,,90.43%
30-Apr-26,DanubeH_Rest Of Oman_HTML_AW_Open_AR_NaseemSummerSale_PROS_23Apr26_DAN007,Awareness,HTML-Horizontal Product Slider,Rest Of Oman,Oman,16255,105,0.65%,2.81,5792,102.41,0.98,6.3,,,,,,,,91.66%
30-Apr-26,DanubeH_BH_HTML_AW_Open_EN_PayWeekSale_PROS_23Apr26_DAN007,Awareness,HTML-Horizontal Product Slider,Bahrain EN,Bahrain,20528,150,0.73%,2.97,6921,129.33,0.86,6.3,,,,,,,,90.46%
30-Apr-26,DanubeH_BH_HTML_AW_Open_AR_PayWeekSale_PROS_23Apr26_DAN007,Awareness,HTML-Horizontal Product Slider,Bahrain AR,Bahrain,9574,67,0.70%,3.08,3108,60.32,0.90,6.3,,,,,,,,91.89%
30-Apr-26,DanubeH_Dubai&Sharjah_HTML_AW_Open_EN_PayWeekSale_PROS_23Apr26_DAN007,Awareness,HTML-Vertical Product Slider,Dubai,United Arab Emirates,31423,213,0.68%,2.99,10494,216.82,1.02,6.9,,,,,,,,91.60%
30-Apr-26,DanubeH_Abu Dhabi & Al Ain_HTML_AW_Open_AR_PayWeekSale_PROS_23Apr26_DAN007,Awareness,HTML-Vertical Product Slider,Abu Dhabi,United Arab Emirates,28658,203,0.71%,3.06,9360,197.74,0.97,6.9,,,,,,,,89.34%
30-Apr-26,DanubeH_Rest Of United Arab Emirates_HTML_AW_Open_AR_PayWeekSale_PROS_23Apr26_DAN007,Awareness,HTML-Vertical Product Slider,Rest Of United Arab Emirates,United Arab Emirates,"15,457",95,0.61%,2.69,5749,106.65,1.12,6.9,,,,,,,,90.53%
30-Apr-26,DanubeH_Muscat_HTML_AW_Open_AR_NaseemSummerSale_PROS_23Apr26_DAN007,Awareness,HTML-Vertical Product Slider,Muscat,Oman,19689,123,0.62%,2.71,7266,124.04,1.01,6.3,,,,,,,,90.75%
30-Apr-26,DanubeH_Rest Of Oman_HTML_AW_Open_AR_NaseemSummerSale_PROS_23Apr26_DAN007,Awareness,HTML-Vertical Product Slider,Rest Of Oman,Oman,10641,62,0.58%,2.81,3792,67.04,1.08,6.3,,,,,,,,89.47%
30-Apr-26,DanubeH_BH_HTML_AW_Open_EN_PayWeekSale_PROS_23Apr26_DAN007,Awareness,HTML-Vertical Product Slider,Bahrain EN,Bahrain,13438,89,0.66%,2.97,4531,84.66,0.95,6.3,,,,,,,,89.33%
30-Apr-26,DanubeH_BH_HTML_AW_Open_AR_PayWeekSale_PROS_23Apr26_DAN007,Awareness,HTML-Vertical Product Slider,Bahrain AR,Bahrain,6267,40,0.64%,3.08,2035,39.48,0.99,6.3,,,,,,,,90.16%
1-May-26,DanubeH_Dubai&Sharjah_Static_AW_Open_EN_PayWeekSale_PROS_23Apr26_DAN007,Awareness,Native,Dubai,United Arab Emirates,42784,224,0.52%,3.01,14218,295.21,1.32,6.9,,,,,,,,91.83%
1-May-26,DanubeH_Abu Dhabi & Al Ain_Static_AW_Open_AR_PayWeekSale_PROS_23Apr26_DAN007,Awareness,Native,Abu Dhabi,United Arab Emirates,41726,231,0.55%,3.02,13817,287.91,1.25,6.9,,,,,,,,91.01%
1-May-26,DanubeH_Rest Of United Arab Emirates_Static_AW_Open_AR_PayWeekSale_PROS_23Apr26_DAN007,Awareness,Native,Rest Of United Arab Emirates,United Arab Emirates,"22,694",127,0.56%,2.76,8235,156.59,1.23,6.9,,,,,,,,91.52%
1-May-26,DanubeH_Muscat_Static_AW_Open_AR_NaseemSummerSale_PROS_23Apr26_DAN007,Awareness,Native,Muscat,Oman,24752,139,0.56%,2.80,8832,155.94,1.12,6.3,,,,,,,,90.78%
1-May-26,DanubeH_Rest Of Oman_Static_AW_Open_AR_NaseemSummerSale_PROS_23Apr26_DAN007,Awareness,Native,Rest Of Oman,Oman,9385,42,0.45%,2.62,3586,59.13,1.41,6.3,,,,,,,,89.26%
1-May-26,DanubeH_BH_Static_AW_Open_EN_PayWeekSale_PROS_23Apr26_DAN007,Awareness,Native,Bahrain EN,Bahrain,17607,89,0.51%,2.81,6256,110.92,1.25,6.3,,,,,,,,90.00%
1-May-26,DanubeH_BH_Static_AW_Open_AR_PayWeekSale_PROS_23Apr26_DAN007,Awareness,Native,Bahrain AR,Bahrain,6821,40,0.59%,3.31,2058,42.97,1.07,6.3,,,,,,,,90.45%
1-May-26,DanubeH_Dubai&Sharjah_Static_AW_Open_EN_PayWeekSale_PROS_23Apr26_DAN007,Awareness,Display,Dubai,United Arab Emirates,40737,233,0.57%,3.01,13538,281.09,1.21,6.9,,,,,,,,90.49%
1-May-26,DanubeH_Abu Dhabi & Al Ain_Static_AW_Open_AR_PayWeekSale_PROS_23Apr26_DAN007,Awareness,Display,Abu Dhabi,United Arab Emirates,39730,240,0.60%,3.02,13156,274.14,1.14,6.9,,,,,,,,91.73%
1-May-26,DanubeH_Rest Of United Arab Emirates_Static_AW_Open_AR_PayWeekSale_PROS_23Apr26_DAN007,Awareness,Display,Rest Of United Arab Emirates,United Arab Emirates,"21,609",132,0.61%,2.76,7841,149.10,1.13,6.9,,,,,,,,89.03%
1-May-26,DanubeH_Muscat_Static_AW_Open_AR_NaseemSummerSale_PROS_23Apr26_DAN007,Awareness,Display,Muscat,Oman,23569,144,0.61%,2.80,8409,148.48,1.03,6.3,,,,,,,,90.19%
1-May-26,DanubeH_Rest Of Oman_Static_AW_Open_AR_NaseemSummerSale_PROS_23Apr26_DAN007,Awareness,Display,Rest Of Oman,Oman,8936,44,0.49%,2.62,3415,56.30,1.28,6.3,,,,,,,,91.21%
1-May-26,DanubeH_BH_Static_AW_Open_EN_PayWeekSale_PROS_23Apr26_DAN007,Awareness,Display,Bahrain EN,Bahrain,16765,92,0.55%,2.81,5957,105.62,1.15,6.3,,,,,,,,89.75%
1-May-26,DanubeH_BH_Static_AW_Open_AR_PayWeekSale_PROS_23Apr26_DAN007,Awareness,Display,Bahrain AR,Bahrain,6494,41,0.63%,3.31,1959,40.91,1.00,6.3,,,,,,,,91.16%
1-May-26,DanubeH_Dubai&Sharjah_HTML_AW_Open_EN_PayWeekSale_PROS_23Apr26_DAN007,Awareness,HTML-Horizontal Product Slider,Dubai,United Arab Emirates,61943,400,0.65%,3.01,20585,427.41,1.07,6.9,,,,,,,,90.11%
1-May-26,DanubeH_Abu Dhabi & Al Ain_HTML_AW_Open_AR_PayWeekSale_PROS_23Apr26_DAN007,Awareness,HTML-Horizontal Product Slider,Abu Dhabi,United Arab Emirates,60412,412,0.68%,3.02,20004,416.84,1.01,6.9,,,,,,,,91.33%
1-May-26,DanubeH_Rest Of United Arab Emirates_HTML_AW_Open_AR_PayWeekSale_PROS_23Apr26_DAN007,Awareness,HTML-Horizontal Product Slider,Rest Of United Arab Emirates,United Arab Emirates,"32,857",227,0.69%,2.76,11923,226.71,1.00,6.9,,,,,,,,90.73%
1-May-26,DanubeH_Muscat_HTML_AW_Open_AR_NaseemSummerSale_PROS_23Apr26_DAN007,Awareness,HTML-Horizontal Product Slider,Muscat,Oman,35837,248,0.69%,2.80,12787,225.77,0.91,6.3,,,,,,,,90.39%
1-May-26,DanubeH_Rest Of Oman_HTML_AW_Open_AR_NaseemSummerSale_PROS_23Apr26_DAN007,Awareness,HTML-Horizontal Product Slider,Rest Of Oman,Oman,13588,75,0.55%,2.62,5192,85.60,1.14,6.3,,,,,,,,91.72%
1-May-26,DanubeH_BH_HTML_AW_Open_EN_PayWeekSale_PROS_23Apr26_DAN007,Awareness,HTML-Horizontal Product Slider,Bahrain EN,Bahrain,25492,159,0.62%,2.81,9058,160.60,1.01,6.3,,,,,,,,91.01%
1-May-26,DanubeH_BH_HTML_AW_Open_AR_PayWeekSale_PROS_23Apr26_DAN007,Awareness,HTML-Horizontal Product Slider,Bahrain AR,Bahrain,9875,71,0.72%,3.31,2979,62.21,0.88,6.3,,,,,,,,90.32%
1-May-26,DanubeH_Dubai&Sharjah_HTML_AW_Open_EN_PayWeekSale_PROS_23Apr26_DAN007,Awareness,HTML-Vertical Product Slider,Dubai,United Arab Emirates,40551,235,0.58%,3.01,13476,279.80,1.19,6.9,,,,,,,,91.05%
1-May-26,DanubeH_Abu Dhabi & Al Ain_HTML_AW_Open_AR_PayWeekSale_PROS_23Apr26_DAN007,Awareness,HTML-Vertical Product Slider,Abu Dhabi,United Arab Emirates,39549,243,0.61%,3.02,13096,272.89,1.12,6.9,,,,,,,,91.43%
1-May-26,DanubeH_Rest Of United Arab Emirates_HTML_AW_Open_AR_PayWeekSale_PROS_23Apr26_DAN007,Awareness,HTML-Vertical Product Slider,Rest Of United Arab Emirates,United Arab Emirates,"21,510",134,0.62%,2.76,7805,148.42,1.11,6.9,,,,,,,,89.64%
1-May-26,DanubeH_Muscat_HTML_AW_Open_AR_NaseemSummerSale_PROS_23Apr26_DAN007,Awareness,HTML-Vertical Product Slider,Muscat,Oman,23461,146,0.62%,2.80,8371,147.80,1.01,6.3,,,,,,,,90.28%
1-May-26,DanubeH_Rest Of Oman_HTML_AW_Open_AR_NaseemSummerSale_PROS_23Apr26_DAN007,Awareness,HTML-Vertical Product Slider,Rest Of Oman,Oman,8896,44,0.49%,2.62,3399,56.04,1.27,6.3,,,,,,,,90.95%
1-May-26,DanubeH_BH_HTML_AW_Open_EN_PayWeekSale_PROS_23Apr26_DAN007,Awareness,HTML-Vertical Product Slider,Bahrain EN,Bahrain,16689,93,0.56%,2.81,5930,105.14,1.13,6.3,,,,,,,,89.70%
1-May-26,DanubeH_BH_HTML_AW_Open_AR_PayWeekSale_PROS_23Apr26_DAN007,Awareness,HTML-Vertical Product Slider,Bahrain AR,Bahrain,6465,42,0.65%,3.32,1950,40.73,0.97,6.3,,,,,,,,90.56%
2-May-26,DanubeH_Dubai&Sharjah_Static_AW_Open_EN_PayWeekSale_PROS_23Apr26_DAN007,Awareness,Native,Dubai,United Arab Emirates,32086,165,0.51%,3.04,10568,221.39,1.34,6.9,,,,,,,,91.32%
2-May-26,DanubeH_Abu Dhabi & Al Ain_Static_AW_Open_AR_PayWeekSale_PROS_23Apr26_DAN007,Awareness,Native,Abu Dhabi,United Arab Emirates,18134,121,0.67%,2.74,6607,125.12,1.03,6.9,,,,,,,,90.95%
2-May-26,DanubeH_Rest Of United Arab Emirates_Static_AW_Open_AR_PayWeekSale_PROS_23Apr26_DAN007,Awareness,Native,Rest Of United Arab Emirates,United Arab Emirates,"13,032",61,0.47%,2.70,4818,89.92,1.47,6.9,,,,,,,,91.04%
2-May-26,DanubeH_Muscat_Static_AW_Open_AR_NaseemSummerSale_PROS_23Apr26_DAN007,Awareness,Native,Muscat,Oman,9958,68,0.68%,3.92,2542,62.74,0.92,6.3,,,,,,,,90.43%
2-May-26,DanubeH_Rest Of Oman_Static_AW_Open_AR_NaseemSummerSale_PROS_23Apr26_DAN007,Awareness,Native,Rest Of Oman,Oman,5403,28,0.52%,3.20,1689,34.04,1.22,6.3,,,,,,,,90.03%
2-May-26,DanubeH_BH_Static_AW_Open_EN_PayWeekSale_PROS_23Apr26_DAN007,Awareness,Native,Bahrain EN,Bahrain,6618,43,0.65%,3.38,1957,41.69,0.97,6.3,,,,,,,,90.43%
2-May-26,DanubeH_BH_Static_AW_Open_AR_PayWeekSale_PROS_23Apr26_DAN007,Awareness,Native,Bahrain AR,Bahrain,4929,30,0.61%,3.07,1606,31.05,1.04,6.3,,,,,,,,89.68%
2-May-26,DanubeH_Dubai&Sharjah_Static_AW_Open_EN_PayWeekSale_PROS_23Apr26_DAN007,Awareness,Display,Dubai,United Arab Emirates,5914,32,0.54%,3.04,1948,40.81,1.28,6.9,,,,,,,,91.04%
2-May-26,DanubeH_Abu Dhabi & Al Ain_Static_AW_Open_AR_PayWeekSale_PROS_23Apr26_DAN007,Awareness,Display,Abu Dhabi,United Arab Emirates,3342,24,0.72%,2.74,1218,23.06,0.96,6.9,,,,,,,,91.68%
2-May-26,DanubeH_Rest Of United Arab Emirates_Static_AW_Open_AR_PayWeekSale_PROS_23Apr26_DAN007,Awareness,Display,Rest Of United Arab Emirates,United Arab Emirates,"2,402",12,0.50%,2.70,888,16.57,1.38,6.9,,,,,,,,90.70%
2-May-26,DanubeH_Muscat_Static_AW_Open_AR_NaseemSummerSale_PROS_23Apr26_DAN007,Awareness,Display,Muscat,Oman,1835,13,0.71%,3.92,468,11.56,0.89,6.3,,,,,,,,90.09%
2-May-26,DanubeH_Rest Of Oman_Static_AW_Open_AR_NaseemSummerSale_PROS_23Apr26_DAN007,Awareness,Display,Rest Of Oman,Oman,996,6,0.60%,3.20,311,6.27,1.05,6.3,,,,,,,,89.68%
2-May-26,DanubeH_BH_Static_AW_Open_EN_PayWeekSale_PROS_23Apr26_DAN007,Awareness,Display,Bahrain EN,Bahrain,1220,8,0.66%,3.38,361,7.69,0.96,6.3,,,,,,,,91.48%
2-May-26,DanubeH_BH_Static_AW_Open_AR_PayWeekSale_PROS_23Apr26_DAN007,Awareness,Display,Bahrain AR,Bahrain,908,6,0.66%,3.07,296,5.72,0.95,6.3,,,,,,,,89.34%
2-May-26,DanubeH_Dubai&Sharjah_HTML_AW_Open_EN_PayWeekSale_PROS_23Apr26_DAN007,Awareness,HTML-Horizontal Product Slider,Dubai,United Arab Emirates,140214,827,0.59%,3.04,46181,967.48,1.17,6.9,,,,,,,,90.05%
2-May-26,DanubeH_Abu Dhabi & Al Ain_HTML_AW_Open_AR_PayWeekSale_PROS_23Apr26_DAN007,Awareness,HTML-Horizontal Product Slider,Abu Dhabi,United Arab Emirates,79246,607,0.77%,2.74,28873,546.80,0.90,6.9,,,,,,,,89.52%
2-May-26,DanubeH_Rest Of United Arab Emirates_HTML_AW_Open_AR_PayWeekSale_PROS_23Apr26_DAN007,Awareness,HTML-Horizontal Product Slider,Rest Of United Arab Emirates,United Arab Emirates,"56,947",307,0.54%,2.70,21056,392.93,1.28,6.9,,,,,,,,91.13%
2-May-26,DanubeH_Muscat_HTML_AW_Open_AR_NaseemSummerSale_PROS_23Apr26_DAN007,Awareness,HTML-Horizontal Product Slider,Muscat,Oman,43514,339,0.78%,3.92,11107,274.14,0.81,6.3,,,,,,,,90.77%
2-May-26,DanubeH_Rest Of Oman_HTML_AW_Open_AR_NaseemSummerSale_PROS_23Apr26_DAN007,Awareness,HTML-Horizontal Product Slider,Rest Of Oman,Oman,23609,141,0.60%,3.20,7383,148.74,1.05,6.3,,,,,,,,89.21%
2-May-26,DanubeH_BH_HTML_AW_Open_EN_PayWeekSale_PROS_23Apr26_DAN007,Awareness,HTML-Horizontal Product Slider,Bahrain EN,Bahrain,28921,213,0.74%,3.38,8551,182.20,0.86,6.3,,,,,,,,90.65%
2-May-26,DanubeH_BH_HTML_AW_Open_AR_PayWeekSale_PROS_23Apr26_DAN007,Awareness,HTML-Horizontal Product Slider,Bahrain AR,Bahrain,21539,148,0.69%,3.07,7019,135.70,0.92,6.3,,,,,,,,91.80%
2-May-26,DanubeH_Dubai&Sharjah_HTML_AW_Open_EN_PayWeekSale_PROS_23Apr26_DAN007,Awareness,HTML-Vertical Product Slider,Dubai,United Arab Emirates,34769,197,0.57%,3.04,11451,239.91,1.22,6.9,,,,,,,,90.44%
2-May-26,DanubeH_Abu Dhabi & Al Ain_HTML_AW_Open_AR_PayWeekSale_PROS_23Apr26_DAN007,Awareness,HTML-Vertical Product Slider,Abu Dhabi,United Arab Emirates,19651,144,0.73%,2.74,7160,135.59,0.94,6.9,,,,,,,,90.64%
2-May-26,DanubeH_Rest Of United Arab Emirates_HTML_AW_Open_AR_PayWeekSale_PROS_23Apr26_DAN007,Awareness,HTML-Vertical Product Slider,Rest Of United Arab Emirates,United Arab Emirates,"14,121",73,0.52%,2.70,5221,97.43,1.33,6.9,,,,,,,,90.78%
2-May-26,DanubeH_Muscat_HTML_AW_Open_AR_NaseemSummerSale_PROS_23Apr26_DAN007,Awareness,HTML-Vertical Product Slider,Muscat,Oman,10790,81,0.75%,3.92,2754,67.98,0.84,6.3,,,,,,,,91.32%
2-May-26,DanubeH_Rest Of Oman_HTML_AW_Open_AR_NaseemSummerSale_PROS_23Apr26_DAN007,Awareness,HTML-Vertical Product Slider,Rest Of Oman,Oman,5854,34,0.58%,3.20,1831,36.88,1.08,6.3,,,,,,,,90.11%
2-May-26,DanubeH_BH_HTML_AW_Open_EN_PayWeekSale_PROS_23Apr26_DAN007,Awareness,HTML-Vertical Product Slider,Bahrain EN,Bahrain,7172,51,0.71%,3.38,2120,45.18,0.89,6.3,,,,,,,,89.77%
2-May-26,DanubeH_BH_HTML_AW_Open_AR_PayWeekSale_PROS_23Apr26_DAN007,Awareness,HTML-Vertical Product Slider,Bahrain AR,Bahrain,5341,35,0.66%,3.07,1741,33.65,0.96,6.3,,,,,,,,89.72%
3-May-26,DanubeH_Dubai&Sharjah_Static_AW_Open_EN_PayWeekSale_PROS_23Apr26_DAN007,Awareness,Native,Dubai,United Arab Emirates,49333,269,0.55%,3.00,16456,340.40,1.27,6.9,,,,,,,,89.12%
3-May-26,DanubeH_Abu Dhabi & Al Ain_Static_AW_Open_AR_PayWeekSale_PROS_23Apr26_DAN007,Awareness,Native,Abu Dhabi,United Arab Emirates,41499,244,0.59%,2.79,14895,286.34,1.17,6.9,,,,,,,,89.76%
3-May-26,DanubeH_Rest Of United Arab Emirates_Static_AW_Open_AR_PayWeekSale_PROS_23Apr26_DAN007,Awareness,Native,Rest Of United Arab Emirates,United Arab Emirates,"20,915",118,0.56%,3.08,6795,144.31,1.22,6.9,,,,,,,,90.12%
3-May-26,DanubeH_Muscat_Static_AW_Open_AR_NaseemSummerSale_PROS_23Apr26_DAN007,Awareness,Native,Muscat,Oman,16333,92,0.56%,3.09,5281,102.90,1.12,6.3,,,,,,,,91.92%
3-May-26,DanubeH_Rest Of Oman_Static_AW_Open_AR_NaseemSummerSale_PROS_23Apr26_DAN007,Awareness,Native,Rest Of Oman,Oman,12757,57,0.45%,2.66,4790,80.37,1.41,6.3,,,,,,,,89.34%
3-May-26,DanubeH_BH_Static_AW_Open_EN_PayWeekSale_PROS_23Apr26_DAN007,Awareness,Native,Bahrain EN,Bahrain,12154,66,0.54%,3.11,3902,76.57,1.16,6.3,,,,,,,,90.77%
3-May-26,DanubeH_BH_Static_AW_Open_AR_PayWeekSale_PROS_23Apr26_DAN007,Awareness,Native,Bahrain AR,Bahrain,8122,42,0.52%,2.64,3073,51.17,1.22,6.3,,,,,,,,91.38%
3-May-26,DanubeH_Dubai&Sharjah_Static_AW_Open_EN_PayWeekSale_PROS_23Apr26_DAN007,Awareness,Display,Dubai,United Arab Emirates,49934,320,0.64%,3.00,16657,344.54,1.08,6.9,,,,,,,,91.64%
3-May-26,DanubeH_Abu Dhabi & Al Ain_Static_AW_Open_AR_PayWeekSale_PROS_23Apr26_DAN007,Awareness,Display,Abu Dhabi,United Arab Emirates,42004,291,0.69%,2.79,15077,289.83,1.00,6.9,,,,,,,,89.12%
3-May-26,DanubeH_Rest Of United Arab Emirates_Static_AW_Open_AR_PayWeekSale_PROS_23Apr26_DAN007,Awareness,Display,Rest Of United Arab Emirates,United Arab Emirates,"21,169",141,0.67%,3.08,6877,146.07,1.04,6.9,,,,,,,,90.94%
3-May-26,DanubeH_Muscat_Static_AW_Open_AR_NaseemSummerSale_PROS_23Apr26_DAN007,Awareness,Display,Muscat,Oman,16532,109,0.66%,3.09,5346,104.15,0.96,6.3,,,,,,,,91.09%
3-May-26,DanubeH_Rest Of Oman_Static_AW_Open_AR_NaseemSummerSale_PROS_23Apr26_DAN007,Awareness,Display,Rest Of Oman,Oman,12913,68,0.53%,2.66,4848,81.35,1.20,6.3,,,,,,,,89.31%
3-May-26,DanubeH_BH_Static_AW_Open_EN_PayWeekSale_PROS_23Apr26_DAN007,Awareness,Display,Bahrain EN,Bahrain,12302,79,0.64%,3.12,3949,77.50,0.98,6.3,,,,,,,,91.03%
3-May-26,DanubeH_BH_Static_AW_Open_AR_PayWeekSale_PROS_23Apr26_DAN007,Awareness,Display,Bahrain AR,Bahrain,8221,50,0.61%,2.64,3110,51.79,1.04,6.3,,,,,,,,90.92%
3-May-26,DanubeH_Dubai&Sharjah_HTML_AW_Open_EN_PayWeekSale_PROS_23Apr26_DAN007,Awareness,HTML-Horizontal Product Slider,Dubai,United Arab Emirates,114294,748,0.65%,3.00,38126,788.63,1.05,6.9,,,,,,,,91.47%
3-May-26,DanubeH_Abu Dhabi & Al Ain_HTML_AW_Open_AR_PayWeekSale_PROS_23Apr26_DAN007,Awareness,HTML-Horizontal Product Slider,Abu Dhabi,United Arab Emirates,96144,680,0.71%,2.79,34509,663.39,0.98,6.9,,,,,,,,91.69%
3-May-26,DanubeH_Rest Of United Arab Emirates_HTML_AW_Open_AR_PayWeekSale_PROS_23Apr26_DAN007,Awareness,HTML-Horizontal Product Slider,Rest Of United Arab Emirates,United Arab Emirates,"48,455",328,0.68%,3.08,15741,334.34,1.02,6.9,,,,,,,,90.82%
3-May-26,DanubeH_Muscat_HTML_AW_Open_AR_NaseemSummerSale_PROS_23Apr26_DAN007,Awareness,HTML-Horizontal Product Slider,Muscat,Oman,37840,256,0.68%,3.09,12236,238.39,0.93,6.3,,,,,,,,90.58%
3-May-26,DanubeH_Rest Of Oman_HTML_AW_Open_AR_NaseemSummerSale_PROS_23Apr26_DAN007,Awareness,HTML-Horizontal Product Slider,Rest Of Oman,Oman,29556,159,0.54%,2.66,11097,186.20,1.17,6.3,,,,,,,,90.49%
3-May-26,DanubeH_BH_HTML_AW_Open_EN_PayWeekSale_PROS_23Apr26_DAN007,Awareness,HTML-Horizontal Product Slider,Bahrain EN,Bahrain,28159,184,0.65%,3.11,9040,177.40,0.96,6.3,,,,,,,,89.67%
3-May-26,DanubeH_BH_HTML_AW_Open_AR_PayWeekSale_PROS_23Apr26_DAN007,Awareness,HTML-Horizontal Product Slider,Bahrain AR,Bahrain,18816,117,0.62%,2.64,7119,118.54,1.01,6.3,,,,,,,,91.10%
3-May-26,DanubeH_Dubai&Sharjah_HTML_AW_Open_EN_PayWeekSale_PROS_23Apr26_DAN007,Awareness,HTML-Vertical Product Slider,Dubai,United Arab Emirates,41762,246,0.59%,3.00,13931,288.16,1.17,6.9,,,,,,,,90.77%
3-May-26,DanubeH_Abu Dhabi & Al Ain_HTML_AW_Open_AR_PayWeekSale_PROS_23Apr26_DAN007,Awareness,HTML-Vertical Product Slider,Abu Dhabi,United Arab Emirates,35130,224,0.64%,2.79,12609,242.40,1.08,6.9,,,,,,,,90.46%
3-May-26,DanubeH_Rest Of United Arab Emirates_HTML_AW_Open_AR_PayWeekSale_PROS_23Apr26_DAN007,Awareness,HTML-Vertical Product Slider,Rest Of United Arab Emirates,United Arab Emirates,"17,705",108,0.61%,3.08,5752,122.16,1.13,6.9,,,,,,,,89.34%
3-May-26,DanubeH_Muscat_HTML_AW_Open_AR_NaseemSummerSale_PROS_23Apr26_DAN007,Awareness,HTML-Vertical Product Slider,Muscat,Oman,13826,84,0.61%,3.09,4471,87.10,1.04,6.3,,,,,,,,90.81%
3-May-26,DanubeH_Rest Of Oman_HTML_AW_Open_AR_NaseemSummerSale_PROS_23Apr26_DAN007,Awareness,HTML-Vertical Product Slider,Rest Of Oman,Oman,10799,52,0.48%,2.66,4055,68.03,1.31,6.3,,,,,,,,90.76%
3-May-26,DanubeH_BH_HTML_AW_Open_EN_PayWeekSale_PROS_23Apr26_DAN007,Awareness,HTML-Vertical Product Slider,Bahrain EN,Bahrain,10289,61,0.59%,3.12,3303,64.82,1.06,6.3,,,,,,,,90.89%
3-May-26,DanubeH_BH_HTML_AW_Open_AR_PayWeekSale_PROS_23Apr26_DAN007,Awareness,HTML-Vertical Product Slider,Bahrain AR,Bahrain,6875,39,0.57%,2.64,2601,43.31,1.11,6.3,,,,,,,,89.24%
4-May-26,DanubeH_Dubai&Sharjah_Static_AW_Open_EN_PayWeekSale_PROS_23Apr26_DAN007,Awareness,Native,Dubai,United Arab Emirates,38138,262,0.69%,3.04,12553,254.76,0.97,6.68,,,,,,,,91.01%
4-May-26,DanubeH_Abu Dhabi & Al Ain_Static_AW_Open_AR_PayWeekSale_PROS_23Apr26_DAN007,Awareness,Native,Abu Dhabi,United Arab Emirates,83288,413,0.50%,3.08,27003,558.03,1.35,6.7,,,,,,,,91.54%
4-May-26,DanubeH_Rest Of United Arab Emirates_Static_AW_Open_AR_PayWeekSale_PROS_23Apr26_DAN007,Awareness,Native,Rest Of United Arab Emirates,United Arab Emirates,"32,400",137,0.42%,2.85,11368,208.01,1.52,6.42,,,,,,,,91.81%
4-May-26,DanubeH_Muscat_Static_AW_Open_AR_NaseemSummerSale_PROS_23Apr26_DAN007,Awareness,Native,Muscat,Oman,27966,132,0.47%,2.78,10070,175.35,1.33,6.27,,,,,,,,90.29%
4-May-26,DanubeH_Rest Of Oman_Static_AW_Open_AR_NaseemSummerSale_PROS_23Apr26_DAN007,Awareness,Native,Rest Of Oman,Oman,7884,44,0.56%,3.43,2296,49.28,1.12,6.25,,,,,,,,91.34%
4-May-26,DanubeH_BH_Static_AW_Open_EN_PayWeekSale_PROS_23Apr26_DAN007,Awareness,Native,Bahrain EN,Bahrain,28746,146,0.51%,3.01,9560,178.51,1.22,6.21,,,,,,,,90.93%
4-May-26,DanubeH_BH_Static_AW_Open_AR_PayWeekSale_PROS_23Apr26_DAN007,Awareness,Native,Bahrain AR,Bahrain,26275,127,0.48%,2.87,9149,157.91,1.24,6.01,,,,,,,,90.53%
4-May-26,DanubeH_Dubai&Sharjah_Static_AW_Open_EN_PayWeekSale_PROS_23Apr26_DAN007,Awareness,Display,Dubai,United Arab Emirates,37304,263,0.71%,3.04,12278,249.19,0.95,6.68,,,,,,,,91.22%
4-May-26,DanubeH_Abu Dhabi & Al Ain_Static_AW_Open_AR_PayWeekSale_PROS_23Apr26_DAN007,Awareness,Display,Abu Dhabi,United Arab Emirates,81468,415,0.51%,3.08,26413,545.84,1.32,6.7,,,,,,,,91.10%
4-May-26,DanubeH_Rest Of United Arab Emirates_Static_AW_Open_AR_PayWeekSale_PROS_23Apr26_DAN007,Awareness,Display,Rest Of United Arab Emirates,United Arab Emirates,"31,692",138,0.44%,2.85,11120,203.46,1.47,6.42,,,,,,,,89.38%
4-May-26,DanubeH_Muscat_Static_AW_Open_AR_NaseemSummerSale_PROS_23Apr26_DAN007,Awareness,Display,Muscat,Oman,27355,133,0.49%,2.78,9850,171.52,1.29,6.27,,,,,,,,89.94%
4-May-26,DanubeH_Rest Of Oman_Static_AW_Open_AR_NaseemSummerSale_PROS_23Apr26_DAN007,Awareness,Display,Rest Of Oman,Oman,7712,44,0.57%,3.43,2246,48.20,1.10,6.25,,,,,,,,90.93%
4-May-26,DanubeH_BH_Static_AW_Open_EN_PayWeekSale_PROS_23Apr26_DAN007,Awareness,Display,Bahrain EN,Bahrain,28118,147,0.52%,3.01,9351,174.61,1.19,6.21,,,,,,,,90.10%
4-May-26,DanubeH_BH_Static_AW_Open_AR_PayWeekSale_PROS_23Apr26_DAN007,Awareness,Display,Bahrain AR,Bahrain,25701,127,0.49%,2.87,8949,154.46,1.22,6.01,,,,,,,,89.82%
4-May-26,DanubeH_Dubai&Sharjah_HTML_AW_Open_EN_PayWeekSale_PROS_23Apr26_DAN007,Awareness,HTML-Horizontal Product Slider,Dubai,United Arab Emirates,73652,662,0.90%,3.04,24242,492.00,0.74,6.68,,,,,,,,89.35%
4-May-26,DanubeH_Abu Dhabi & Al Ain_HTML_AW_Open_AR_PayWeekSale_PROS_23Apr26_DAN007,Awareness,HTML-Horizontal Product Slider,Abu Dhabi,United Arab Emirates,160847,1045,0.65%,3.08,52148,1077.67,1.03,6.7,,,,,,,,91.17%
4-May-26,DanubeH_Rest Of United Arab Emirates_HTML_AW_Open_AR_PayWeekSale_PROS_23Apr26_DAN007,Awareness,HTML-Horizontal Product Slider,Rest Of United Arab Emirates,United Arab Emirates,"62,571",346,0.55%,2.85,21955,401.71,1.16,6.42,,,,,,,,90.36%
4-May-26,DanubeH_Muscat_HTML_AW_Open_AR_NaseemSummerSale_PROS_23Apr26_DAN007,Awareness,HTML-Horizontal Product Slider,Muscat,Oman,54009,334,0.62%,2.78,19448,338.64,1.01,6.27,,,,,,,,91.00%
4-May-26,DanubeH_Rest Of Oman_HTML_AW_Open_AR_NaseemSummerSale_PROS_23Apr26_DAN007,Awareness,HTML-Horizontal Product Slider,Rest Of Oman,Oman,15226,111,0.73%,3.43,4434,95.16,0.86,6.25,,,,,,,,90.87%
4-May-26,DanubeH_BH_HTML_AW_Open_EN_PayWeekSale_PROS_23Apr26_DAN007,Awareness,HTML-Horizontal Product Slider,Bahrain EN,Bahrain,55514,370,0.67%,3.01,18463,344.74,0.93,6.21,,,,,,,,90.82%
4-May-26,DanubeH_BH_HTML_AW_Open_AR_PayWeekSale_PROS_23Apr26_DAN007,Awareness,HTML-Horizontal Product Slider,Bahrain AR,Bahrain,50743,320,0.63%,2.87,17668,304.97,0.95,6.01,,,,,,,,89.51%
4-May-26,DanubeH_Dubai&Sharjah_HTML_AW_Open_EN_PayWeekSale_PROS_23Apr26_DAN007,Awareness,HTML-Vertical Product Slider,Dubai,United Arab Emirates,42211,328,0.78%,3.04,13893,281.97,0.86,6.68,,,,,,,,90.10%
4-May-26,DanubeH_Abu Dhabi & Al Ain_HTML_AW_Open_AR_PayWeekSale_PROS_23Apr26_DAN007,Awareness,HTML-Vertical Product Slider,Abu Dhabi,United Arab Emirates,92182,518,0.56%,3.08,29886,617.62,1.19,6.7,,,,,,,,91.30%
4-May-26,DanubeH_Rest Of United Arab Emirates_HTML_AW_Open_AR_PayWeekSale_PROS_23Apr26_DAN007,Awareness,HTML-Vertical Product Slider,Rest Of United Arab Emirates,United Arab Emirates,"35,860",172,0.48%,2.85,12582,230.22,1.34,6.42,,,,,,,,89.81%
4-May-26,DanubeH_Muscat_HTML_AW_Open_AR_NaseemSummerSale_PROS_23Apr26_DAN007,Awareness,HTML-Vertical Product Slider,Muscat,Oman,30953,166,0.54%,2.78,11146,194.08,1.17,6.27,,,,,,,,91.88%
4-May-26,DanubeH_Rest Of Oman_HTML_AW_Open_AR_NaseemSummerSale_PROS_23Apr26_DAN007,Awareness,HTML-Vertical Product Slider,Rest Of Oman,Oman,8726,55,0.63%,3.43,2541,54.54,0.99,6.25,,,,,,,,91.37%
4-May-26,DanubeH_BH_HTML_AW_Open_EN_PayWeekSale_PROS_23Apr26_DAN007,Awareness,HTML-Vertical Product Slider,Bahrain EN,Bahrain,31816,184,0.58%,3.01,10581,197.58,1.07,6.21,,,,,,,,90.99%
4-May-26,DanubeH_BH_HTML_AW_Open_AR_PayWeekSale_PROS_23Apr26_DAN007,Awareness,HTML-Vertical Product Slider,Bahrain AR,Bahrain,29081,159,0.55%,2.87,10126,174.78,1.10,6.01,,,,,,,,89.42%
5-May-26,DanubeH_Muscat_Static_AW_Open_AR_NaseemSummerSale_PROS_23Apr26_DAN007,Awareness,Native,Muscat,Oman,33734,160,0.47%,3.12,10808,211.51,1.32,6.27,,,,,,,,89.80%
5-May-26,DanubeH_Rest Of Oman_Static_AW_Open_AR_NaseemSummerSale_PROS_23Apr26_DAN007,Awareness,Native,Rest Of Oman,Oman,11864,47,0.40%,3.20,3708,74.15,1.58,6.25,,,,,,,,89.95%
5-May-26,DanubeH_Muscat_Static_AW_Open_AR_NaseemSummerSale_PROS_23Apr26_DAN007,Awareness,Display,Muscat,Oman,15294,92,0.60%,3.12,4900,95.89,1.04,6.27,,,,,,,,90.71%
5-May-26,DanubeH_Rest Of Oman_Static_AW_Open_AR_NaseemSummerSale_PROS_23Apr26_DAN007,Awareness,Display,Rest Of Oman,Oman,5379,27,0.50%,3.20,1681,33.62,1.25,6.25,,,,,,,,91.59%
5-May-26,DanubeH_Muscat_HTML_AW_Open_AR_NaseemSummerSale_PROS_23Apr26_DAN007,Awareness,HTML-Horizontal Product Slider,Muscat,Oman,81761,356,0.44%,3.12,26195,512.64,1.44,6.27,,,,,,,,91.93%
5-May-26,DanubeH_Rest Of Oman_HTML_AW_Open_AR_NaseemSummerSale_PROS_23Apr26_DAN007,Awareness,HTML-Horizontal Product Slider,Rest Of Oman,Oman,28756,104,0.36%,3.20,8987,179.73,1.73,6.25,,,,,,,,89.73%
5-May-26,DanubeH_Muscat_HTML_AW_Open_AR_NaseemSummerSale_PROS_23Apr26_DAN007,Awareness,HTML-Vertical Product Slider,Muscat,Oman,27587,240,0.87%,3.12,8838,172.97,0.72,6.27,,,,,,,,90.37%
5-May-26,DanubeH_Rest Of Oman_HTML_AW_Open_AR_NaseemSummerSale_PROS_23Apr26_DAN007,Awareness,HTML-Vertical Product Slider,Rest Of Oman,Oman,9702,70,0.72%,3.20,3032,60.64,0.87,6.25,,,,,,,,90.43%
6-May-26,DanubeH_Muscat_Static_AW_Open_AR_NaseemSummerSale_PROS_23Apr26_DAN007,Awareness,Native,Muscat,Oman,28426,166,0.58%,2.70,10522,178.52,1.08,6.28,,,,,,,,90.47%
6-May-26,DanubeH_Rest Of Oman_Static_AW_Open_AR_NaseemSummerSale_PROS_23Apr26_DAN007,Awareness,Native,Rest Of Oman,Oman,9457,56,0.59%,3.04,3110,58.73,1.05,6.21,,,,,,,,91.70%
6-May-26,DanubeH_Muscat_Static_AW_Open_AR_NaseemSummerSale_PROS_23Apr26_DAN007,Awareness,Display,Muscat,Oman,25623,164,0.64%,2.70,9484,160.91,0.98,6.28,,,,,,,,90.51%
6-May-26,DanubeH_Rest Of Oman_Static_AW_Open_AR_NaseemSummerSale_PROS_23Apr26_DAN007,Awareness,Display,Rest Of Oman,Oman,8525,55,0.65%,3.04,2803,52.94,0.96,6.21,,,,,,,,89.92%
6-May-26,DanubeH_Muscat_HTML_AW_Open_AR_NaseemSummerSale_PROS_23Apr26_DAN007,Awareness,HTML-Horizontal Product Slider,Muscat,Oman,51912,370,0.71%,2.70,19216,326.01,0.88,6.28,,,,,,,,91.10%
6-May-26,DanubeH_Rest Of Oman_HTML_AW_Open_AR_NaseemSummerSale_PROS_23Apr26_DAN007,Awareness,HTML-Horizontal Product Slider,Rest Of Oman,Oman,17272,124,0.72%,3.04,5680,107.26,0.87,6.21,,,,,,,,91.76%
6-May-26,DanubeH_Muscat_HTML_AW_Open_AR_NaseemSummerSale_PROS_23Apr26_DAN007,Awareness,HTML-Vertical Product Slider,Muscat,Oman,27491,181,0.66%,2.70,10176,172.64,0.95,6.28,,,,,,,,91.55%
6-May-26,DanubeH_Rest Of Oman_HTML_AW_Open_AR_NaseemSummerSale_PROS_23Apr26_DAN007,Awareness,HTML-Vertical Product Slider,Rest Of Oman,Oman,9147,61,0.67%,3.04,3008,56.80,0.93,6.21,,,,,,,,89.38%
7-May-26,DanubeH_Muscat_Static_AW_Open_AR_NaseemSummerSale_PROS_23Apr26_DAN007,Awareness,Native,Muscat,Oman,40108,216,0.54%,3.23,12414,251.48,1.16,6.27,,,,,,,,89.50%
7-May-26,DanubeH_Rest Of Oman_Static_AW_Open_AR_NaseemSummerSale_PROS_23Apr26_DAN007,Awareness,Native,Rest Of Oman,Oman,13345,72,0.54%,3.10,4301,82.87,1.15,6.21,,,,,,,,89.31%
7-May-26,DanubeH_Muscat_Static_AW_Open_AR_NaseemSummerSale_PROS_23Apr26_DAN007,Awareness,Display,Muscat,Oman,61319,363,0.59%,3.23,18979,384.47,1.06,6.27,,,,,,,,90.53%
7-May-26,DanubeH_Rest Of Oman_Static_AW_Open_AR_NaseemSummerSale_PROS_23Apr26_DAN007,Awareness,Display,Rest Of Oman,Oman,20402,122,0.60%,3.10,6575,126.70,1.04,6.21,,,,,,,,91.84%
7-May-26,DanubeH_Muscat_HTML_AW_Open_AR_NaseemSummerSale_PROS_23Apr26_DAN007,Awareness,HTML-Horizontal Product Slider,Muscat,Oman,58710,375,0.64%,3.23,18171,368.11,0.98,6.27,,,,,,,,89.03%
7-May-26,DanubeH_Rest Of Oman_HTML_AW_Open_AR_NaseemSummerSale_PROS_23Apr26_DAN007,Awareness,HTML-Horizontal Product Slider,Rest Of Oman,Oman,19534,125,0.64%,3.10,6295,121.31,0.97,6.21,,,,,,,,91.78%
7-May-26,DanubeH_Muscat_HTML_AW_Open_AR_NaseemSummerSale_PROS_23Apr26_DAN007,Awareness,HTML-Vertical Product Slider,Muscat,Oman,28166,184,0.65%,3.23,8717,176.60,0.96,6.27,,,,,,,,89.59%
7-May-26,DanubeH_Rest Of Oman_HTML_AW_Open_AR_NaseemSummerSale_PROS_23Apr26_DAN007,Awareness,HTML-Vertical Product Slider,Rest Of Oman,Oman,9371,62,0.66%,3.10,3020,58.19,0.94,6.21,,,,,,,,90.24%
17-Apr-26,DanubeH_UAE_Native_AW_Open_EN_Store Open_PROS_16Apr26_DAN006,Awareness,Display,Dubai,United Arab Emirates,8157,39,0.48%,2.94,2774,56.28,1.44,6.9,,,,,,,,91.73%
17-Apr-26,DanubeH_UAE_Display_AW_Open_EN_Store Open_PROS_16Apr26_DAN006,Awareness,Native,Dubai,United Arab Emirates,5342,27,0.51%,2.94,1817,36.86,1.37,6.9,,,,,,,,90.22%
17-Apr-26,DanubeH_UAE_HTML_AW_Open_EN_Store Open_PROS_16Apr26_DAN006,Awareness,HTML-Product Reveal,Dubai,United Arab Emirates,"8,668",45,0.52%,2.94,2948,59.81,1.33,6.9,,,,,,,,89.25%
18-Apr-26,DanubeH_UAE_Native_AW_Open_EN_Store Open_PROS_16Apr26_DAN006,Awareness,Display,Dubai,United Arab Emirates,16827,77,0.46%,2.97,5667,116.11,1.51,6.9,,,,,,,,91.64%
18-Apr-26,DanubeH_UAE_Display_AW_Open_EN_Store Open_PROS_16Apr26_DAN006,Awareness,Native,Dubai,United Arab Emirates,10474,51,0.49%,2.97,3528,72.27,1.42,6.9,,,,,,,,90.57%
18-Apr-26,DanubeH_UAE_HTML_AW_Open_EN_Store Open_PROS_16Apr26_DAN006,Awareness,HTML-Product Reveal,Dubai,United Arab Emirates,"20,516",104,0.51%,2.97,6910,141.56,1.36,6.9,,,,,,,,89.09%
19-Apr-26,DanubeH_UAE_Native_AW_Open_EN_Store Open_PROS_16Apr26_DAN006,Awareness,Display,Dubai,United Arab Emirates,946,13,1.37%,2.98,317,6.53,0.50,6.9,,,,,,,,89.99%
19-Apr-26,DanubeH_UAE_Display_AW_Open_EN_Store Open_PROS_16Apr26_DAN006,Awareness,Native,Dubai,United Arab Emirates,8281,41,0.50%,2.98,2779,57.14,1.39,6.9,,,,,,,,89.39%
19-Apr-26,DanubeH_UAE_HTML_AW_Open_EN_Store Open_PROS_16Apr26_DAN006,Awareness,HTML-Product Reveal,Dubai,United Arab Emirates,"8,097",57,0.70%,2.98,2717,55.87,0.98,6.9,,,,,,,,90.20%
20-Apr-26,DanubeH_UAE_Native_AW_Open_EN_Store Open_PROS_16Apr26_DAN006,Awareness,Display,Dubai,United Arab Emirates,14473,84,0.58%,3.00,4827,99.86,1.19,6.9,,,,,,,,89.94%
20-Apr-26,DanubeH_UAE_Display_AW_Open_EN_Store Open_PROS_16Apr26_DAN006,Awareness,Native,Dubai,United Arab Emirates,13449,72,0.54%,3.00,4486,92.80,1.29,6.9,,,,,,,,89.60%
20-Apr-26,DanubeH_UAE_HTML_AW_Open_EN_Store Open_PROS_16Apr26_DAN006,Awareness,HTML-Product Reveal,Dubai,United Arab Emirates,20808,111,0.53%,3.00,6940,143.58,1.29,6.9,,,,,,,,89.64%
21-Apr-26,DanubeH_UAE_Native_AW_Open_EN_Store Open_PROS_16Apr26_DAN006,Awareness,Display,Dubai,United Arab Emirates,12329,52,0.42%,2.68,"4,599",85.07,1.64,6.9,,,,,,,,89.53%
21-Apr-26,DanubeH_UAE_Display_AW_Open_EN_Store Open_PROS_16Apr26_DAN006,Awareness,Native,Dubai,United Arab Emirates,7311,43,0.59%,2.68,"2,727",50.45,1.17,6.9,,,,,,,,89.04%
21-Apr-26,DanubeH_UAE_HTML_AW_Open_EN_Store Open_PROS_16Apr26_DAN006,Awareness,HTML-Product Reveal,Dubai,United Arab Emirates,17784,86,0.48%,2.68,"6,633",122.71,1.43,6.9,,,,,,,,89.63%
22-Apr-26,DanubeH_UAE_Native_AW_Open_EN_Store Open_PROS_16Apr26_DAN006,Awareness,Display,Dubai,United Arab Emirates,6479,37,0.57%,3.44,1882,44.71,1.21,6.9,,,,,,,,91.94%
22-Apr-26,DanubeH_UAE_Display_AW_Open_EN_Store Open_PROS_16Apr26_DAN006,Awareness,Native,Dubai,United Arab Emirates,5784,35,0.61%,3.44,1680,39.91,1.14,6.9,,,,,,,,90.30%
22-Apr-26,DanubeH_UAE_HTML_AW_Open_EN_Store Open_PROS_16Apr26_DAN006,Awareness,HTML-Product Reveal,Dubai,United Arab Emirates,18803,110,0.59%,3.44,5462,129.74,1.18,6.9,,,,,,,,89.37%
23-Apr-26,DanubeH_UAE_Native_AW_Open_EN_Store Open_PROS_16Apr26_DAN006,Awareness,Display,Dubai,United Arab Emirates,7804,45,0.58%,2.91,"2,683",53.85,1.20,6.9,,,,,,,,90.87%
23-Apr-26,DanubeH_UAE_Display_AW_Open_EN_Store Open_PROS_16Apr26_DAN006,Awareness,Native,Dubai,United Arab Emirates,5723,31,0.54%,2.91,"1,967",39.49,1.27,6.9,,,,,,,,91.18%
23-Apr-26,DanubeH_UAE_HTML_AW_Open_EN_Store Open_PROS_16Apr26_DAN006,Awareness,HTML-Product Reveal,Dubai,United Arab Emirates,19167,121,0.63%,2.91,"6,589",132.25,1.09,6.9,,,,,,,,89.29%
24-Apr-26,DanubeH_UAE_Native_AW_Open_EN_Store Open_PROS_16Apr26_DAN006,Awareness,Display,Dubai,United Arab Emirates,12503,64,0.51%,2.97,"4,210",86.27,1.35,6.9,,,,,,,,90.39%
24-Apr-26,DanubeH_UAE_Display_AW_Open_EN_Store Open_PROS_16Apr26_DAN006,Awareness,Native,Dubai,United Arab Emirates,9671,53,0.55%,2.97,"3,256",66.73,1.26,6.9,,,,,,,,91.86%
24-Apr-26,DanubeH_UAE_HTML_AW_Open_EN_Store Open_PROS_16Apr26_DAN006,Awareness,HTML-Product Reveal,Dubai,United Arab Emirates,22085,122,0.55%,2.97,"7,436",152.39,1.25,6.9,,,,,,,,91.56%
25-Apr-26,DanubeH_UAE_Native_AW_Open_EN_Store Open_PROS_16Apr26_DAN006,Awareness,Display,Dubai,United Arab Emirates,13895,72,0.52%,2.97,4679,95.88,1.33,6.9,,,,,,,,91.02%
25-Apr-26,DanubeH_UAE_Display_AW_Open_EN_Store Open_PROS_16Apr26_DAN006,Awareness,Native,Dubai,United Arab Emirates,4466,29,0.65%,2.97,1504,30.82,1.06,6.9,,,,,,,,89.78%
25-Apr-26,DanubeH_UAE_HTML_AW_Open_EN_Store Open_PROS_16Apr26_DAN006,Awareness,HTML-Product Reveal,Dubai,United Arab Emirates,16463,98,0.60%,2.97,5543,113.59,1.16,6.9,,,,,,,,91.66%
26-Apr-26,DanubeH_UAE_Native_AW_Open_EN_Store Open_PROS_16Apr26_DAN006,Awareness,Display,Dubai,United Arab Emirates,13730,89,0.65%,2.97,4623,94.74,1.06,6.9,,,,,,,,90.54%
26-Apr-26,DanubeH_UAE_Display_AW_Open_EN_Store Open_PROS_16Apr26_DAN006,Awareness,Native,Dubai,United Arab Emirates,4412,35,0.79%,2.97,1486,30.44,0.87,6.9,,,,,,,,91.82%
26-Apr-26,DanubeH_UAE_HTML_AW_Open_EN_Store Open_PROS_16Apr26_DAN006,Awareness,HTML-Product Reveal,Dubai,United Arab Emirates,16267,121,0.74%,2.97,5477,112.24,0.93,6.9,,,,,,,,91.92%
27-Apr-26,DanubeH_UAE_Native_AW_Open_EN_Store Open_PROS_16Apr26_DAN006,Awareness,Display,Dubai,United Arab Emirates,15987,75,0.47%,2.78,5757,110.31,1.47,6.9,,,,,,,,89.49%
27-Apr-26,DanubeH_UAE_Display_AW_Open_EN_Store Open_PROS_16Apr26_DAN006,Awareness,Native,Dubai,United Arab Emirates,4972,20,0.40%,2.78,1791,34.31,1.72,6.9,,,,,,,,89.14%
27-Apr-26,DanubeH_UAE_HTML_AW_Open_EN_Store Open_PROS_16Apr26_DAN006,Awareness,HTML-Product Reveal,Dubai,United Arab Emirates,16872,78,0.46%,2.78,6076,116.42,1.49,6.9,,,,,,,,91.74%
28-Apr-26,DanubeH_UAE_Native_AW_Open_EN_Store Open_PROS_16Apr26_DAN006,Awareness,Display,Dubai,United Arab Emirates,4117,19,0.46%,3.13,"1,317",28.41,1.50,6.9,,,,,,,,90.81%
28-Apr-26,DanubeH_UAE_Display_AW_Open_EN_Store Open_PROS_16Apr26_DAN006,Awareness,Native,Dubai,United Arab Emirates,3431,21,0.61%,3.13,"1,097",23.67,1.13,6.9,,,,,,,,90.53%
28-Apr-26,DanubeH_UAE_HTML_AW_Open_EN_Store Open_PROS_16Apr26_DAN006,Awareness,HTML-Product Reveal,Dubai,United Arab Emirates,17180,96,0.56%,3.13,"5,495",118.54,1.23,6.9,,,,,,,,90.24%
29-Apr-26,DanubeH_UAE_Native_AW_Open_EN_Store Open_PROS_16Apr26_DAN006,Awareness,Display,Dubai,United Arab Emirates,5731,42,0.73%,3.30,"1,735",39.54,0.94,6.9,,,,,,,,89.18%
29-Apr-26,DanubeH_UAE_Display_AW_Open_EN_Store Open_PROS_16Apr26_DAN006,Awareness,Native,Dubai,United Arab Emirates,1065,4,0.38%,3.31,322,7.35,1.84,6.9,,,,,,,,91.49%
29-Apr-26,DanubeH_UAE_HTML_AW_Open_EN_Store Open_PROS_16Apr26_DAN006,Awareness,HTML-Product Reveal,Dubai,United Arab Emirates,21717,155,0.71%,3.30,"6,574",149.85,0.97,6.9,,,,,,,,91.16%
30-Apr-26,DanubeH_UAE_Native_AW_Open_EN_Store Open_PROS_16Apr26_DAN006,Awareness,Display,Dubai,United Arab Emirates,17307,92,0.53%,2.98,5808,119.42,1.30,6.9,,,,,,,,91.78%
30-Apr-26,DanubeH_UAE_Display_AW_Open_EN_Store Open_PROS_16Apr26_DAN006,Awareness,Native,Dubai,United Arab Emirates,10983,60,0.55%,2.98,3686,75.78,1.26,6.9,,,,,,,,91.33%
30-Apr-26,DanubeH_UAE_HTML_AW_Open_EN_Store Open_PROS_16Apr26_DAN006,Awareness,HTML-Product Reveal,Dubai,United Arab Emirates,29210,170,0.58%,2.98,9802,201.55,1.19,6.9,,,,,,,,90.97%
21-May-26,DanubeH_Muscat_Static_AW_Open_AR_GreatEidSale_PROS_20May26_DAN008,Awareness,Native,Muscat,Oman,3204,20,0.62%,2.84,1128,20.19,1.01,6.3,,,,,,,,89.69%
21-May-26,DanubeH_ROO_Static_AW_Open_AR_GreatEidSale_PROS_20May26_DAN008,Awareness,Native,Rest Of Oman,Oman,4685,26,0.55%,2.87,1632,29.52,1.14,6.3,,,,,,,,90.04%
21-May-26,DanubeH_BH_Static_AW_Open_EN_GreatEidSale_PROS_20May26_DAN008,Awareness,Native,Bahrain EN,Bahrain,7880,49,0.62%,2.82,2795,49.64,1.01,6.3,,,,,,,,89.16%
21-May-26,DanubeH_BH_Static_AW_Open_AR_GreatEidSale_PROS_20May26_DAN008,Awareness,Native,Bahrain AR,Bahrain,3551,21,0.59%,2.93,1212,22.37,1.07,6.3,,,,,,,,90.98%
21-May-26,DanubeH_Muscat_Static_AW_Open_AR_GreatEidSale_PROS_20May26_DAN008,Awareness,Display,Muscat,Oman,3129,18,0.58%,2.84,1102,19.71,1.10,6.3,,,,,,,,90.44%
21-May-26,DanubeH_ROO_Static_AW_Open_AR_GreatEidSale_PROS_20May26_DAN008,Awareness,Display,Rest Of Oman,Oman,4574,24,0.52%,2.87,1594,28.82,1.20,6.3,,,,,,,,91.31%
21-May-26,DanubeH_BH_Static_AW_Open_EN_GreatEidSale_PROS_20May26_DAN008,Awareness,Display,Bahrain EN,Bahrain,7694,46,0.60%,2.82,2728,48.47,1.05,6.3,,,,,,,,89.36%
21-May-26,DanubeH_BH_Static_AW_Open_AR_GreatEidSale_PROS_20May26_DAN008,Awareness,Display,Bahrain AR,Bahrain,3467,19,0.55%,2.93,1183,21.84,1.15,6.3,,,,,,,,90.68%
22-May-26,DanubeH_Dubai&Sharjah_Static_AW_Open_EN_EidSuperSale_PROS_22May26_DAN008,Awareness,Native,Dubai,United Arab Emirates,23728,150,0.63%,2.81,8444,170.30,1.14,7.18,,,,,,,,89.99%
22-May-26,DanubeH_Abu Dhabi & Al Ain_Static_AW_Open_AR_EidSuperSale_PROS_22May26_DAN008,Awareness,Native,Abu Dhabi,United Arab Emirates,7022,47,0.67%,2.89,2430,48.45,1.03,6.9,,,,,,,,91.61%
22-May-26,DanubeH_ROU_Static_AW_Open_AR_EidSuperSale_PROS_22May26_DAN008,Awareness,Native,Rest Of United Arab Emirates,United Arab Emirates,"1,403",9,0.64%,2.90,484,10.20,1.13,7.27,,,,,,,,90.93%
22-May-26,DanubeH_Muscat_Static_AW_Open_AR_GreatEidSale_PROS_20May26_DAN008,Awareness,Native,Muscat,Oman,40623,261,0.64%,2.85,14249,255.92,0.98,6.3,,,,,,,,90.84%
22-May-26,DanubeH_ROO_Static_AW_Open_AR_GreatEidSale_PROS_20May26_DAN008,Awareness,Native,Rest Of Oman,Oman,20805,124,0.60%,2.88,7218,131.07,1.06,6.3,,,,,,,,90.66%
22-May-26,DanubeH_BH_Static_AW_Open_EN_GreatEidSale_PROS_20May26_DAN008,Awareness,Native,Bahrain EN,Bahrain,13098,83,0.63%,2.87,4569,82.52,0.99,6.3,,,,,,,,91.03%
22-May-26,DanubeH_BH_Static_AW_Open_AR_GreatEidSale_PROS_20May26_DAN008,Awareness,Native,Bahrain AR,Bahrain,13319,78,0.59%,2.90,4586,83.91,1.08,6.3,,,,,,,,90.93%
22-May-26,DanubeH_Dubai&Sharjah_Static_AW_Open_EN_EidSuperSale_PROS_22May26_DAN008,Awareness,Display,Dubai,United Arab Emirates,22941,130,0.57%,2.81,8164,165.10,1.27,7.2,,,,,,,,89.55%
22-May-26,DanubeH_Abu Dhabi & Al Ain_Static_AW_Open_AR_EidSuperSale_PROS_22May26_DAN008,Awareness,Display,Abu Dhabi,United Arab Emirates,6788,40,0.59%,2.89,2349,49.10,1.23,7.23,,,,,,,,90.01%
22-May-26,DanubeH_ROU_Static_AW_Open_AR_EidSuperSale_PROS_22May26_DAN008,Awareness,Display,Rest Of United Arab Emirates,United Arab Emirates,"1,356",7,0.52%,2.90,467,9.36,1.34,6.9,,,,,,,,90.59%
22-May-26,DanubeH_Muscat_Static_AW_Open_AR_GreatEidSale_PROS_20May26_DAN008,Awareness,Display,Muscat,Oman,39274,227,0.58%,2.85,13777,247.43,1.09,6.3,,,,,,,,91.84%
22-May-26,DanubeH_ROO_Static_AW_Open_AR_GreatEidSale_PROS_20May26_DAN008,Awareness,Display,Rest Of Oman,Oman,20115,107,0.53%,2.88,6979,126.72,1.18,6.3,,,,,,,,89.03%
22-May-26,DanubeH_BH_Static_AW_Open_EN_GreatEidSale_PROS_20May26_DAN008,Awareness,Display,Bahrain EN,Bahrain,12663,72,0.57%,2.87,4417,79.78,1.11,6.3,,,,,,,,89.21%
22-May-26,DanubeH_BH_Static_AW_Open_AR_GreatEidSale_PROS_20May26_DAN008,Awareness,Display,Bahrain AR,Bahrain,12877,68,0.53%,2.90,4433,81.13,1.19,6.3,,,,,,,,91.47%
22-May-26,DanubeH_Dubai&Sharjah__HTML_AW_Open_EN_EidSuperSale_PROS_22May26_DAN008,Awareness,HTML Hero Products,Dubai,United Arab Emirates,998,6,0.60%,2.81,355,6.89,1.15,6.9,,,,,,,,90.20%
22-May-26,DanubeH_BH_HTML_AW_Open_AR_GreatEidSale_PROS_23May26_DAN008,Awareness,HTML Hero Products,Bahrain EN,Bahrain,2332,12,0.51%,2.87,813,14.69,1.22,6.3,,,,,,,,91.54%
23-May-26,DanubeH_Dubai&Sharjah_Static_AW_Open_EN_EidSuperSale_PROS_22May26_DAN008,Awareness,Native,Dubai,United Arab Emirates,34946,203,0.58%,2.81,12436,252.30,1.24,7.22,,,,,,,,90.98%
23-May-26,DanubeH_Abu Dhabi & Al Ain_Static_AW_Open_AR_EidSuperSale_PROS_22May26_DAN008,Awareness,Native,Abu Dhabi,United Arab Emirates,36120,225,0.62%,2.89,12498,260.30,1.16,7.21,,,,,,,,91.58%
23-May-26,DanubeH_ROU_Static_AW_Open_AR_EidSuperSale_PROS_22May26_DAN008,Awareness,Native,Rest Of United Arab Emirates,United Arab Emirates,"10,293",59,0.57%,2.90,3549,73.80,1.25,7.17,,,,,,,,90.45%
23-May-26,DanubeH_Muscat_Static_AW_Open_AR_GreatEidSale_PROS_20May26_DAN008,Awareness,Native,Muscat,Oman,26373,159,0.60%,2.85,9254,168.40,1.06,6.39,,,,,,,,90.75%
23-May-26,DanubeH_ROO_Static_AW_Open_AR_GreatEidSale_PROS_20May26_DAN008,Awareness,Native,Rest Of Oman,Oman,15852,88,0.56%,2.88,5504,101.40,1.15,6.4,,,,,,,,90.87%
23-May-26,DanubeH_BH_Static_AW_Open_EN_GreatEidSale_PROS_20May26_DAN008,Awareness,Native,Bahrain EN,Bahrain,13385,79,0.59%,2.85,4696,86.50,1.09,6.46,,,,,,,,90.43%
23-May-26,DanubeH_BH_Static_AW_Open_AR_GreatEidSale_PROS_20May26_DAN008,Awareness,Native,Bahrain AR,Bahrain,8792,49,0.56%,2.91,3021,55.39,1.13,6.3,,,,,,,,89.71%
23-May-26,DanubeH_Dubai&Sharjah_Static_AW_Open_EN_EidSuperSale_PROS_22May26_DAN008,Awareness,Display,Dubai,United Arab Emirates,46005,267,0.58%,2.81,16372,317.43,1.19,6.9,,,,,,,,90.37%
23-May-26,DanubeH_Abu Dhabi & Al Ain_Static_AW_Open_AR_EidSuperSale_PROS_22May26_DAN008,Awareness,Display,Abu Dhabi,United Arab Emirates,47550,297,0.62%,2.89,16453,331.20,1.12,6.97,,,,,,,,91.89%
23-May-26,DanubeH_ROU_Static_AW_Open_AR_EidSuperSale_PROS_22May26_DAN008,Awareness,Display,Rest Of United Arab Emirates,United Arab Emirates,"13,550",78,0.58%,2.90,4672,93.50,1.20,6.9,,,,,,,,89.25%
23-May-26,DanubeH_Muscat_Static_AW_Open_AR_GreatEidSale_PROS_20May26_DAN008,Awareness,Display,Muscat,Oman,34719,210,0.60%,2.85,12182,218.73,1.04,6.3,,,,,,,,90.81%
23-May-26,DanubeH_ROO_Static_AW_Open_AR_GreatEidSale_PROS_20May26_DAN008,Awareness,Display,Rest Of Oman,Oman,20869,116,0.56%,2.88,7246,131.47,1.13,6.3,,,,,,,,91.20%
23-May-26,DanubeH_BH_Static_AW_Open_EN_GreatEidSale_PROS_20May26_DAN008,Awareness,Display,Bahrain EN,Bahrain,17620,104,0.59%,2.85,6183,111.01,1.07,6.3,,,,,,,,91.47%
23-May-26,DanubeH_BH_Static_AW_Open_AR_GreatEidSale_PROS_20May26_DAN008,Awareness,Display,Bahrain AR,Bahrain,11574,64,0.55%,2.91,3977,72.92,1.14,6.3,,,,,,,,90.39%
23-May-26,DanubeH_Dubai&Sharjah__HTML_AW_Open_EN_EidSuperSale_PROS_22May26_DAN008,Awareness,HTML Hero Products,Dubai,United Arab Emirates,9196,58,0.63%,2.81,3273,63.45,1.09,6.9,,,,,,,,90.20%
23-May-26,DanubeH_Abu Dhabi & Al Ain_HTML_AW_Open_AR_EidSuperSale_PROS_23May26_DAN008,Awareness,HTML Hero Products,Abu Dhabi,United Arab Emirates,9505,65,0.68%,2.89,3289,65.58,1.01,6.9,,,,,,,,89.05%
23-May-26,DanubeH_ROU_HTML_AW_Open_AR_EidSuperSale_PROS_23May26_DAN008,Awareness,HTML Hero Products,Rest Of United Arab Emirates,United Arab Emirates,"2,708",17,0.63%,2.90,934,18.69,1.10,6.9,,,,,,,,89.90%
23-May-26,DanubeH_Muscat_HTML_AW_Open_AR_GreatEidSale_PROS_23May26_DAN008,Awareness,HTML Hero Products,Muscat,Oman,6940,46,0.66%,2.85,2435,43.72,0.95,6.3,,,,,,,,91.63%
23-May-26,DanubeH_ROO_HTML_AW_Open_AR_GreatEidSale_PROS_23May26_DAN008,Awareness,HTML Hero Products,Rest Of Oman,Oman,4171,25,0.60%,2.88,1448,26.28,1.05,6.3,,,,,,,,89.39%
23-May-26,DanubeH_BH_HTML_AW_Open_EN_GreatEidSale_PROS_22May26_DAN008,Awareness,HTML Hero Products,Bahrain EN,Bahrain,3522,23,0.65%,2.85,1236,22.19,0.96,6.3,,,,,,,,90.20%
23-May-26,DanubeH_BH_HTML_AW_Open_AR_GreatEidSale_PROS_23May26_DAN008,Awareness,HTML Hero Products,Bahrain AR,Bahrain,2313,14,0.61%,2.91,795,14.57,1.04,6.3,,,,,,,,90.91%
23-May-26,DanubeH_Dubai&Sharjah__HTML_AW_Open_EN_EidSuperSale_PROS_22May26_DAN008,Awareness,HTML Hero Products,Dubai,United Arab Emirates,14353,99,0.69%,2.81,5108,99.04,1.00,6.9,,,,,,,,89.38%
23-May-26,DanubeH_BH_HTML_AW_Open_AR_GreatEidSale_PROS_23May26_DAN008,Awareness,HTML Carousel Products,Bahrain AR,Bahrain,4473,29,0.65%,2.85,1569,28.18,0.97,6.3,,,,,,,,91.27%
24-May-26,DanubeH_Dubai&Sharjah_Static_AW_Open_EN_EidSuperSale_PROS_22May26_DAN008,Awareness,Native,Dubai,United Arab Emirates,10747,70,0.65%,2.88,3737,74.15,1.06,6.9,,,,,,,,91.55%
24-May-26,DanubeH_Abu Dhabi & Al Ain_Static_AW_Open_AR_EidSuperSale_PROS_22May26_DAN008,Awareness,Native,Abu Dhabi,United Arab Emirates,75840,496,0.65%,2.93,25852,523.30,1.06,6.9,,,,,,,,90.08%
24-May-26,DanubeH_ROU_Static_AW_Open_AR_EidSuperSale_PROS_22May26_DAN008,Awareness,Native,Rest Of United Arab Emirates,United Arab Emirates,"46,512",273,0.59%,2.86,16240,320.93,1.18,6.9,,,,,,,,91.28%
24-May-26,DanubeH_Muscat_Static_AW_Open_AR_GreatEidSale_PROS_20May26_DAN008,Awareness,Native,Muscat,Oman,59639,372,0.62%,2.91,20529,375.73,1.01,6.3,,,,,,,,90.10%
24-May-26,DanubeH_ROO_Static_AW_Open_AR_GreatEidSale_PROS_20May26_DAN008,Awareness,Native,Rest Of Oman,Oman,35890,193,0.54%,2.97,12077,226.11,1.17,6.3,,,,,,,,90.48%
24-May-26,DanubeH_BH_Static_AW_Open_EN_GreatEidSale_PROS_20May26_DAN008,Awareness,Native,Bahrain EN,Bahrain,11109,50,0.45%,2.80,3971,69.99,1.40,6.3,,,,,,,,90.17%
24-May-26,DanubeH_BH_Static_AW_Open_AR_GreatEidSale_PROS_20May26_DAN008,Awareness,Native,Bahrain AR,Bahrain,10308,63,0.61%,3.02,3412,64.94,1.03,6.3,,,,,,,,91.60%
24-May-26,DanubeH_Dubai&Sharjah_Static_AW_Open_EN_EidSuperSale_PROS_22May26_DAN008,Awareness,Display,Dubai,United Arab Emirates,6797,39,0.57%,2.88,2364,46.90,1.20,6.9,,,,,,,,90.24%
24-May-26,DanubeH_Abu Dhabi & Al Ain_Static_AW_Open_AR_EidSuperSale_PROS_22May26_DAN008,Awareness,Display,Abu Dhabi,United Arab Emirates,47966,282,0.59%,2.93,16350,333.10,1.18,6.94,,,,,,,,89.04%
24-May-26,DanubeH_ROU_Static_AW_Open_AR_EidSuperSale_PROS_22May26_DAN008,Awareness,Display,Rest Of United Arab Emirates,United Arab Emirates,"29,417",155,0.53%,2.86,10271,202.98,1.31,6.9,,,,,,,,90.04%
24-May-26,DanubeH_Muscat_Static_AW_Open_AR_GreatEidSale_PROS_20May26_DAN008,Awareness,Display,Muscat,Oman,37719,211,0.56%,2.91,12983,237.63,1.13,6.3,,,,,,,,91.85%
24-May-26,DanubeH_ROO_Static_AW_Open_AR_GreatEidSale_PROS_20May26_DAN008,Awareness,Display,Rest Of Oman,Oman,22699,110,0.48%,2.97,7638,143.00,1.30,6.3,,,,,,,,91.43%
24-May-26,DanubeH_BH_Static_AW_Open_EN_GreatEidSale_PROS_20May26_DAN008,Awareness,Display,Bahrain EN,Bahrain,7026,28,0.40%,2.80,2511,44.26,1.58,6.3,,,,,,,,91.93%
24-May-26,DanubeH_BH_Static_AW_Open_AR_GreatEidSale_PROS_20May26_DAN008,Awareness,Display,Bahrain AR,Bahrain,6520,36,0.55%,3.02,2158,41.08,1.14,6.3,,,,,,,,91.11%
24-May-26,DanubeH_Dubai&Sharjah__HTML_AW_Open_EN_EidSuperSale_PROS_22May26_DAN008,Awareness,HTML Hero Products,Dubai,United Arab Emirates,16218,111,0.68%,2.88,5639,111.90,1.01,6.9,,,,,,,,91.43%
24-May-26,DanubeH_Abu Dhabi & Al Ain_HTML_AW_Open_AR_EidSuperSale_PROS_23May26_DAN008,Awareness,HTML Hero Products,Abu Dhabi,United Arab Emirates,114441,792,0.69%,2.93,39009,789.64,1.00,6.9,,,,,,,,91.11%
24-May-26,DanubeH_ROU_HTML_AW_Open_AR_EidSuperSale_PROS_23May26_DAN008,Awareness,HTML Hero Products,Rest Of United Arab Emirates,United Arab Emirates,"70,185",436,0.62%,2.86,24505,484.28,1.11,6.9,,,,,,,,91.02%
24-May-26,DanubeH_Muscat_HTML_AW_Open_AR_GreatEidSale_PROS_23May26_DAN008,Awareness,HTML Hero Products,Muscat,Oman,89993,594,0.66%,2.91,30977,566.96,0.95,6.3,,,,,,,,89.77%
24-May-26,DanubeH_ROO_HTML_AW_Open_AR_GreatEidSale_PROS_23May26_DAN008,Awareness,HTML Hero Products,Rest Of Oman,Oman,54157,308,0.57%,2.97,18224,341.19,1.11,6.3,,,,,,,,91.29%
24-May-26,DanubeH_BH_HTML_AW_Open_EN_GreatEidSale_PROS_22May26_DAN008,Awareness,HTML Hero Products,Bahrain EN,Bahrain,16763,80,0.48%,2.80,5992,105.61,1.32,6.3,,,,,,,,89.65%
24-May-26,DanubeH_BH_HTML_AW_Open_AR_GreatEidSale_PROS_23May26_DAN008,Awareness,HTML Hero Products,Bahrain AR,Bahrain,15555,100,0.64%,3.02,5148,98.00,0.98,6.3,,,,,,,,89.19%
24-May-26,DanubeH_Dubai&Sharjah__HTML_AW_Open_EN_EidSuperSale_PROS_22May26_DAN008,Awareness,HTML Carousel Products,Dubai,United Arab Emirates,96202,588,0.61%,2.88,33450,663.79,1.13,6.9,,,,,,,,91.08%
24-May-26,DanubeH_BH_HTML_AW_Open_AR_GreatEidSale_PROS_23May26_DAN008,Awareness,HTML Carousel Products,Bahrain AR,Bahrain,15222,156,1.02%,2.80,5441,95.90,0.61,6.3,,,,,,,,89.87%
25-May-26,DanubeH_Dubai&Sharjah_Static_AW_Open_EN_EidSuperSale_PROS_22May26_DAN008,Awareness,Native,Dubai,United Arab Emirates,12211,86,0.70%,2.89,4223,84.26,0.98,6.9,,,,,,,,91.30%
25-May-26,DanubeH_Abu Dhabi & Al Ain_Static_AW_Open_AR_EidSuperSale_PROS_22May26_DAN008,Awareness,Native,Abu Dhabi,United Arab Emirates,51584,346,0.67%,2.97,17342,355.93,1.03,6.9,,,,,,,,90.46%
25-May-26,DanubeH_ROU_Static_AW_Open_AR_EidSuperSale_PROS_22May26_DAN008,Awareness,Native,Rest Of United Arab Emirates,United Arab Emirates,"34,118",199,0.58%,2.95,11574,235.41,1.18,6.9,,,,,,,,91.12%
25-May-26,DanubeH_Muscat_Static_AW_Open_AR_GreatEidSale_PROS_20May26_DAN008,Awareness,Native,Muscat,Oman,61130,375,0.61%,2.83,21625,385.12,1.03,6.3,,,,,,,,91.69%
25-May-26,DanubeH_ROO_Static_AW_Open_AR_GreatEidSale_PROS_20May26_DAN008,Awareness,Native,Rest Of Oman,Oman,21095,128,0.61%,2.85,7394,132.90,1.04,6.3,,,,,,,,91.51%
25-May-26,DanubeH_BH_Static_AW_Open_EN_GreatEidSale_PROS_20May26_DAN008,Awareness,Native,Bahrain EN,Bahrain,4121,8,0.19%,3.03,1362,25.96,3.25,6.3,,,,,,,,89.25%
25-May-26,DanubeH_BH_Static_AW_Open_AR_GreatEidSale_PROS_20May26_DAN008,Awareness,Native,Bahrain AR,Bahrain,4763,30,0.63%,3.08,1548,30.01,1.00,6.3,,,,,,,,89.54%
25-May-26,DanubeH_Dubai&Sharjah_Static_AW_Open_EN_EidSuperSale_PROS_22May26_DAN008,Awareness,Display,Dubai,United Arab Emirates,11259,72,0.64%,2.89,3894,77.69,1.08,6.9,,,,,,,,89.19%
25-May-26,DanubeH_Abu Dhabi & Al Ain_Static_AW_Open_AR_EidSuperSale_PROS_22May26_DAN008,Awareness,Display,Abu Dhabi,United Arab Emirates,47562,289,0.61%,2.97,15990,328.18,1.14,6.9,,,,,,,,89.73%
25-May-26,DanubeH_ROU_Static_AW_Open_AR_EidSuperSale_PROS_22May26_DAN008,Awareness,Display,Rest Of United Arab Emirates,United Arab Emirates,"31,458",166,0.53%,2.95,10672,217.06,1.31,6.9,,,,,,,,89.69%
25-May-26,DanubeH_Muscat_Static_AW_Open_AR_GreatEidSale_PROS_20May26_DAN008,Awareness,Display,Muscat,Oman,56363,313,0.56%,2.83,19938,355.09,1.13,6.3,,,,,,,,90.45%
25-May-26,DanubeH_ROO_Static_AW_Open_AR_GreatEidSale_PROS_20May26_DAN008,Awareness,Display,Rest Of Oman,Oman,19450,107,0.55%,2.85,6817,122.54,1.15,6.3,,,,,,,,89.46%
25-May-26,DanubeH_BH_Static_AW_Open_EN_GreatEidSale_PROS_20May26_DAN008,Awareness,Display,Bahrain EN,Bahrain,3799,7,0.18%,3.02,1256,23.93,3.42,6.3,,,,,,,,91.97%
25-May-26,DanubeH_BH_Static_AW_Open_AR_GreatEidSale_PROS_20May26_DAN008,Awareness,Display,Bahrain AR,Bahrain,4392,25,0.57%,3.08,1427,27.67,1.11,6.3,,,,,,,,91.99%
25-May-26,DanubeH_Dubai&Sharjah__HTML_AW_Open_EN_EidSuperSale_PROS_22May26_DAN008,Awareness,HTML Hero Products,Dubai,United Arab Emirates,16915,117,0.69%,2.89,5850,116.71,1.00,6.9,,,,,,,,91.30%
25-May-26,DanubeH_Abu Dhabi & Al Ain_HTML_AW_Open_AR_EidSuperSale_PROS_23May26_DAN008,Awareness,HTML Hero Products,Abu Dhabi,United Arab Emirates,71457,472,0.66%,2.97,24023,493.05,1.04,6.9,,,,,,,,90.58%
25-May-26,DanubeH_ROU_HTML_AW_Open_AR_EidSuperSale_PROS_23May26_DAN008,Awareness,HTML Hero Products,Rest Of United Arab Emirates,United Arab Emirates,"47,263",272,0.58%,2.95,16033,326.11,1.20,6.9,,,,,,,,91.39%
25-May-26,DanubeH_Muscat_HTML_AW_Open_AR_GreatEidSale_PROS_23May26_DAN008,Awareness,HTML Hero Products,Muscat,Oman,84680,511,0.60%,2.83,29956,533.48,1.04,6.3,,,,,,,,89.61%
25-May-26,DanubeH_ROO_HTML_AW_Open_AR_GreatEidSale_PROS_23May26_DAN008,Awareness,HTML Hero Products,Rest Of Oman,Oman,29222,175,0.60%,2.85,10242,184.10,1.05,6.3,,,,,,,,90.44%
25-May-26,DanubeH_BH_HTML_AW_Open_EN_GreatEidSale_PROS_22May26_DAN008,Awareness,HTML Hero Products,Bahrain EN,Bahrain,5708,12,0.21%,3.02,1887,35.96,3.00,6.3,,,,,,,,90.46%
25-May-26,DanubeH_BH_HTML_AW_Open_AR_GreatEidSale_PROS_23May26_DAN008,Awareness,HTML Hero Products,Bahrain AR,Bahrain,6598,41,0.62%,3.08,2144,41.57,1.01,6.3,,,,,,,,89.82%
25-May-26,DanubeH_Dubai&Sharjah__HTML_AW_Open_EN_EidSuperSale_PROS_22May26_DAN008,Awareness,HTML Carousel Products,Dubai,United Arab Emirates,142487,887,0.62%,2.89,49279,983.16,1.11,6.9,,,,,,,,91.00%
25-May-26,DanubeH_Abu Dhabi & Al Ain_HTML_AW_Open_AR_EidSuperSale_PROS_23May26_DAN008,Awareness,HTML Carousel Products,Abu Dhabi,United Arab Emirates,33418,273,0.82%,2.97,11235,230.58,0.84,6.9,,,,,,,,89.15%
25-May-26,DanubeH_BH_HTML_AW_Open_EN_GreatEidSale_PROS_22May26_DAN008,Awareness,HTML Carousel Products,Bahrain EN,Bahrain,22892,179,0.78%,3.03,7567,144.22,0.81,6.3,,,,,,,,89.99%
25-May-26,DanubeH_BH_HTML_AW_Open_AR_GreatEidSale_PROS_23May26_DAN008,Awareness,HTML Carousel Products,Bahrain AR,Bahrain,12598,80,0.64%,3.08,4094,79.37,0.99,6.3,,,,,,,,90.31%
26-May-26,DanubeH_Dubai&Sharjah_Static_AW_Open_EN_EidSuperSale_PROS_22May26_DAN008,Awareness,Native,Dubai,United Arab Emirates,22654,149,0.66%,2.95,7671,156.31,1.05,6.9,,,,,,,,89.63%
26-May-26,DanubeH_Abu Dhabi & Al Ain_Static_AW_Open_AR_EidSuperSale_PROS_22May26_DAN008,Awareness,Native,Abu Dhabi,United Arab Emirates,25564,178,0.70%,2.85,8976,176.39,0.99,6.9,,,,,,,,91.25%
26-May-26,DanubeH_ROU_Static_AW_Open_AR_EidSuperSale_PROS_22May26_DAN008,Awareness,Native,Rest Of United Arab Emirates,United Arab Emirates,"22,749",123,0.54%,3.00,7589,156.97,1.28,6.9,,,,,,,,90.20%
26-May-26,DanubeH_Muscat_Static_AW_Open_AR_GreatEidSale_PROS_20May26_DAN008,Awareness,Native,Muscat,Oman,26973,174,0.65%,3.00,8993,169.93,0.98,6.3,,,,,,,,89.25%
26-May-26,DanubeH_ROO_Static_AW_Open_AR_GreatEidSale_PROS_20May26_DAN008,Awareness,Native,Rest Of Oman,Oman,13848,82,0.59%,3.05,4545,87.24,1.06,6.3,,,,,,,,89.76%
26-May-26,DanubeH_BH_Static_AW_Open_EN_GreatEidSale_PROS_20May26_DAN008,Awareness,Native,Bahrain EN,Bahrain,7636,49,0.64%,2.97,2572,48.11,0.98,6.3,,,,,,,,89.91%
26-May-26,DanubeH_BH_Static_AW_Open_AR_GreatEidSale_PROS_20May26_DAN008,Awareness,Native,Bahrain AR,Bahrain,6919,38,0.55%,2.90,2383,43.59,1.15,6.3,,,,,,,,89.45%
26-May-26,DanubeH_Dubai&Sharjah_Static_AW_Open_EN_EidSuperSale_PROS_22May26_DAN008,Awareness,Display,Dubai,United Arab Emirates,23047,165,0.72%,2.95,7804,159.02,0.96,6.9,,,,,,,,91.82%
26-May-26,DanubeH_Abu Dhabi & Al Ain_Static_AW_Open_AR_EidSuperSale_PROS_22May26_DAN008,Awareness,Display,Abu Dhabi,United Arab Emirates,26007,198,0.76%,2.85,9131,179.45,0.91,6.9,,,,,,,,89.21%
26-May-26,DanubeH_ROU_Static_AW_Open_AR_EidSuperSale_PROS_22May26_DAN008,Awareness,Display,Rest Of United Arab Emirates,United Arab Emirates,"23,143",136,0.59%,3.00,7720,159.69,1.17,6.9,,,,,,,,91.24%
26-May-26,DanubeH_Muscat_Static_AW_Open_AR_GreatEidSale_PROS_20May26_DAN008,Awareness,Display,Muscat,Oman,27441,193,0.70%,3.00,9149,172.88,0.90,6.3,,,,,,,,89.14%
26-May-26,DanubeH_ROO_Static_AW_Open_AR_GreatEidSale_PROS_20May26_DAN008,Awareness,Display,Rest Of Oman,Oman,14088,92,0.65%,3.05,4623,88.75,0.96,6.3,,,,,,,,89.82%
26-May-26,DanubeH_BH_Static_AW_Open_EN_GreatEidSale_PROS_20May26_DAN008,Awareness,Display,Bahrain EN,Bahrain,7768,54,0.70%,2.97,2616,48.94,0.91,6.3,,,,,,,,90.33%
26-May-26,DanubeH_BH_Static_AW_Open_AR_GreatEidSale_PROS_20May26_DAN008,Awareness,Display,Bahrain AR,Bahrain,7039,42,0.60%,2.90,2424,44.35,1.06,6.3,,,,,,,,90.01%
26-May-26,DanubeH_Dubai&Sharjah__HTML_AW_Open_EN_EidSuperSale_PROS_22May26_DAN008,Awareness,HTML Hero Products,Dubai,United Arab Emirates,35652,254,0.71%,2.95,12073,246.00,0.97,6.9,,,,,,,,90.63%
26-May-26,DanubeH_Abu Dhabi & Al Ain_HTML_AW_Open_AR_EidSuperSale_PROS_23May26_DAN008,Awareness,HTML Hero Products,Abu Dhabi,United Arab Emirates,40232,305,0.76%,2.85,14125,277.60,0.91,6.9,,,,,,,,91.33%
26-May-26,DanubeH_ROU_HTML_AW_Open_AR_EidSuperSale_PROS_23May26_DAN008,Awareness,HTML Hero Products,Rest Of United Arab Emirates,United Arab Emirates,"35,802",210,0.59%,3.00,11942,247.03,1.18,6.9,,,,,,,,91.97%
26-May-26,DanubeH_Muscat_HTML_AW_Open_AR_GreatEidSale_PROS_23May26_DAN008,Awareness,HTML Hero Products,Muscat,Oman,42450,298,0.70%,3.00,14153,267.44,0.90,6.3,,,,,,,,89.21%
26-May-26,DanubeH_ROO_HTML_AW_Open_AR_GreatEidSale_PROS_23May26_DAN008,Awareness,HTML Hero Products,Rest Of Oman,Oman,21793,141,0.65%,3.05,7152,137.30,0.97,6.3,,,,,,,,90.92%
26-May-26,DanubeH_BH_HTML_AW_Open_EN_GreatEidSale_PROS_22May26_DAN008,Awareness,HTML Hero Products,Bahrain EN,Bahrain,12017,84,0.70%,2.97,4047,75.71,0.90,6.3,,,,,,,,89.24%
26-May-26,DanubeH_BH_HTML_AW_Open_AR_GreatEidSale_PROS_23May26_DAN008,Awareness,HTML Hero Products,Bahrain AR,Bahrain,10888,64,0.59%,2.90,3750,68.59,1.07,6.3,,,,,,,,90.02%
26-May-26,DanubeH_Dubai&Sharjah__HTML_AW_Open_EN_EidSuperSale_PROS_22May26_DAN008,Awareness,HTML Carousel Products,Dubai,United Arab Emirates,3458,25,0.72%,2.95,1171,23.86,0.95,6.9,,,,,,,,90.54%
26-May-26,DanubeH_Abu Dhabi & Al Ain_HTML_AW_Open_AR_EidSuperSale_PROS_23May26_DAN008,Awareness,HTML Carousel Products,Abu Dhabi,United Arab Emirates,3902,30,0.77%,2.85,1370,26.92,0.90,6.9,,,,,,,,89.26%
26-May-26,DanubeH_ROU_HTML_AW_Open_AR_EidSuperSale_PROS_23May26_DAN008,Awareness,HTML Carousel Products,Rest Of United Arab Emirates,United Arab Emirates,"3,472",21,0.60%,3.00,1158,23.96,1.14,6.9,,,,,,,,90.09%
26-May-26,DanubeH_Muscat_HTML_AW_Open_AR_GreatEidSale_PROS_23May26_DAN008,Awareness,HTML Carousel Products,Muscat,Oman,4117,29,0.70%,3.00,1373,25.94,0.89,6.3,,,,,,,,89.86%
26-May-26,DanubeH_ROO_HTML_AW_Open_AR_GreatEidSale_PROS_23May26_DAN008,Awareness,HTML Carousel Products,Rest Of Oman,Oman,2114,14,0.66%,3.05,694,13.32,0.95,6.3,,,,,,,,89.72%
26-May-26,DanubeH_BH_HTML_AW_Open_EN_GreatEidSale_PROS_22May26_DAN008,Awareness,HTML Carousel Products,Bahrain EN,Bahrain,1166,8,0.69%,2.97,393,7.35,0.92,6.3,,,,,,,,91.89%
26-May-26,DanubeH_BH_HTML_AW_Open_AR_GreatEidSale_PROS_23May26_DAN008,Awareness,HTML Carousel Products,Bahrain AR,Bahrain,1056,6,0.57%,2.90,364,6.65,1.11,6.3,,,,,,,,90.98%
26-May-26,DanubeH_Dubai&Sharjah__HTML_AW_Open_EN_EidSuperSale_PROS_22May26_DAN008,Awareness,HTML Product Wheel,Dubai,United Arab Emirates,46538,281,0.60%,2.95,15759,321.11,1.14,6.9,,,,,,,,89.61%
26-May-26,DanubeH_Abu Dhabi & Al Ain_HTML_AW_Open_AR_EidSuperSale_PROS_23May26_DAN008,Awareness,HTML Product Wheel,Abu Dhabi,United Arab Emirates,52515,337,0.64%,2.85,18438,362.35,1.08,6.9,,,,,,,,92.00%
26-May-26,DanubeH_ROU_HTML_AW_Open_AR_EidSuperSale_PROS_23May26_DAN008,Awareness,HTML Product Wheel,Rest Of United Arab Emirates,United Arab Emirates,"46,732",232,0.50%,3.00,15589,322.45,1.39,6.9,,,,,,,,89.85%
26-May-26,DanubeH_Muscat_HTML_AW_Open_AR_GreatEidSale_PROS_23May26_DAN008,Awareness,HTML Product Wheel,Muscat,Oman,55410,329,0.59%,3.00,18474,349.08,1.06,6.3,,,,,,,,90.68%
26-May-26,DanubeH_ROO_HTML_AW_Open_AR_GreatEidSale_PROS_23May26_DAN008,Awareness,HTML Product Wheel,Rest Of Oman,Oman,28447,156,0.55%,3.05,9336,179.22,1.15,6.3,,,,,,,,89.73%
26-May-26,DanubeH_BH_HTML_AW_Open_EN_GreatEidSale_PROS_22May26_DAN008,Awareness,HTML Product Wheel,Bahrain EN,Bahrain,15686,92,0.59%,2.97,5283,98.82,1.07,6.3,,,,,,,,89.95%
26-May-26,DanubeH_BH_HTML_AW_Open_AR_GreatEidSale_PROS_23May26_DAN008,Awareness,HTML Product Wheel,Bahrain AR,Bahrain,14213,71,0.50%,2.90,4895,89.54,1.26,6.3,,,,,,,,89.28%
27-May-26,DanubeH_Dubai&Sharjah_Static_AW_Open_EN_EidSuperSale_PROS_22May26_DAN008,Awareness,Native,Dubai,United Arab Emirates,22898,124,0.54%,2.93,7828,158.00,1.27,6.9,,,,,,,,91.62%
27-May-26,DanubeH_Abu Dhabi & Al Ain_Static_AW_Open_AR_EidSuperSale_PROS_22May26_DAN008,Awareness,Native,Abu Dhabi,United Arab Emirates,30164,186,0.62%,3.00,10044,208.13,1.12,6.9,,,,,,,,90.26%
27-May-26,DanubeH_ROU_Static_AW_Open_AR_EidSuperSale_PROS_22May26_DAN008,Awareness,Native,Rest Of United Arab Emirates,United Arab Emirates,"27,081",150,0.55%,2.87,9437,186.86,1.25,6.9,,,,,,,,91.25%
27-May-26,DanubeH_Muscat_Static_AW_Open_AR_GreatEidSale_PROS_20May26_DAN008,Awareness,Native,Muscat,Oman,21032,110,0.52%,2.73,7693,132.50,1.20,6.3,,,,,,,,91.83%
27-May-26,DanubeH_ROO_Static_AW_Open_AR_GreatEidSale_PROS_20May26_DAN008,Awareness,Native,Rest Of Oman,Oman,11595,56,0.48%,3.10,3742,73.05,1.30,6.3,,,,,,,,91.10%
27-May-26,DanubeH_BH_Static_AW_Open_EN_GreatEidSale_PROS_20May26_DAN008,Awareness,Native,Bahrain EN,Bahrain,4419,28,0.63%,2.89,1529,27.84,0.99,6.3,,,,,,,,89.29%
27-May-26,DanubeH_BH_Static_AW_Open_AR_GreatEidSale_PROS_20May26_DAN008,Awareness,Native,Bahrain AR,Bahrain,6736,39,0.58%,3.04,2213,42.44,1.09,6.3,,,,,,,,90.26%
27-May-26,DanubeH_Dubai&Sharjah_Static_AW_Open_EN_EidSuperSale_PROS_22May26_DAN008,Awareness,Display,Dubai,United Arab Emirates,28106,177,0.63%,2.93,9608,193.93,1.10,6.9,,,,,,,,90.94%
27-May-26,DanubeH_Abu Dhabi & Al Ain_Static_AW_Open_AR_EidSuperSale_PROS_22May26_DAN008,Awareness,Display,Abu Dhabi,United Arab Emirates,37025,267,0.72%,3.00,12328,255.47,0.96,6.9,,,,,,,,89.51%
27-May-26,DanubeH_ROU_Static_AW_Open_AR_EidSuperSale_PROS_22May26_DAN008,Awareness,Display,Rest Of United Arab Emirates,United Arab Emirates,"33,240",215,0.65%,2.87,11584,229.36,1.07,6.9,,,,,,,,90.05%
27-May-26,DanubeH_Muscat_Static_AW_Open_AR_GreatEidSale_PROS_20May26_DAN008,Awareness,Display,Muscat,Oman,25816,157,0.61%,2.73,9442,162.64,1.04,6.3,,,,,,,,91.65%
27-May-26,DanubeH_ROO_Static_AW_Open_AR_GreatEidSale_PROS_20May26_DAN008,Awareness,Display,Rest Of Oman,Oman,14232,80,0.56%,3.10,4593,89.66,1.12,6.3,,,,,,,,91.87%
27-May-26,DanubeH_BH_Static_AW_Open_EN_GreatEidSale_PROS_20May26_DAN008,Awareness,Display,Bahrain EN,Bahrain,5424,40,0.74%,2.89,1877,34.17,0.85,6.3,,,,,,,,90.83%
27-May-26,DanubeH_BH_Static_AW_Open_AR_GreatEidSale_PROS_20May26_DAN008,Awareness,Display,Bahrain AR,Bahrain,8268,55,0.67%,3.04,2717,52.09,0.95,6.3,,,,,,,,90.38%
27-May-26,DanubeH_Dubai&Sharjah__HTML_AW_Open_EN_EidSuperSale_PROS_22May26_DAN008,Awareness,HTML Hero Products,Dubai,United Arab Emirates,63739,382,0.60%,2.93,21789,439.80,1.15,6.9,,,,,,,,90.30%
27-May-26,DanubeH_Abu Dhabi & Al Ain_HTML_AW_Open_AR_EidSuperSale_PROS_23May26_DAN008,Awareness,HTML Hero Products,Abu Dhabi,United Arab Emirates,83964,576,0.69%,3.00,27957,579.35,1.01,6.9,,,,,,,,89.49%
27-May-26,DanubeH_ROU_HTML_AW_Open_AR_EidSuperSale_PROS_23May26_DAN008,Awareness,HTML Hero Products,Rest Of United Arab Emirates,United Arab Emirates,"75,381",464,0.62%,2.87,26270,520.13,1.12,6.9,,,,,,,,91.07%
27-May-26,DanubeH_Muscat_HTML_AW_Open_AR_GreatEidSale_PROS_23May26_DAN008,Awareness,HTML Hero Products,Muscat,Oman,58545,339,0.58%,2.73,21413,368.83,1.09,6.3,,,,,,,,91.79%
27-May-26,DanubeH_ROO_HTML_AW_Open_AR_GreatEidSale_PROS_23May26_DAN008,Awareness,HTML Hero Products,Rest Of Oman,Oman,32275,172,0.53%,3.10,10416,203.33,1.18,6.3,,,,,,,,90.10%
27-May-26,DanubeH_BH_HTML_AW_Open_EN_GreatEidSale_PROS_22May26_DAN008,Awareness,HTML Hero Products,Bahrain EN,Bahrain,12300,86,0.70%,2.89,4256,77.49,0.90,6.3,,,,,,,,91.09%
27-May-26,DanubeH_BH_HTML_AW_Open_AR_GreatEidSale_PROS_23May26_DAN008,Awareness,HTML Hero Products,Bahrain AR,Bahrain,18751,119,0.63%,3.04,6161,118.13,0.99,6.3,,,,,,,,90.10%
27-May-26,DanubeH_Dubai&Sharjah__HTML_AW_Open_EN_EidSuperSale_PROS_22May26_DAN008,Awareness,HTML Carousel Products,Dubai,United Arab Emirates,20518,126,0.61%,2.93,7014,141.57,1.12,6.9,,,,,,,,90.98%
27-May-26,DanubeH_Abu Dhabi & Al Ain_HTML_AW_Open_AR_EidSuperSale_PROS_23May26_DAN008,Awareness,HTML Carousel Products,Abu Dhabi,United Arab Emirates,27028,190,0.70%,3.00,8999,186.49,0.98,6.9,,,,,,,,90.36%
27-May-26,DanubeH_ROU_HTML_AW_Open_AR_EidSuperSale_PROS_23May26_DAN008,Awareness,HTML Carousel Products,Rest Of United Arab Emirates,United Arab Emirates,"24,265",153,0.63%,2.87,8456,167.43,1.09,6.9,,,,,,,,90.20%
27-May-26,DanubeH_Muscat_HTML_AW_Open_AR_GreatEidSale_PROS_23May26_DAN008,Awareness,HTML Carousel Products,Muscat,Oman,18846,112,0.59%,2.73,6893,118.73,1.06,6.3,,,,,,,,91.82%
27-May-26,DanubeH_ROO_HTML_AW_Open_AR_GreatEidSale_PROS_23May26_DAN008,Awareness,HTML Carousel Products,Rest Of Oman,Oman,10389,57,0.55%,3.10,3353,65.45,1.15,6.3,,,,,,,,89.63%
27-May-26,DanubeH_BH_HTML_AW_Open_EN_GreatEidSale_PROS_22May26_DAN008,Awareness,HTML Carousel Products,Bahrain EN,Bahrain,3959,28,0.71%,2.89,1370,24.94,0.89,6.3,,,,,,,,89.53%
27-May-26,DanubeH_BH_HTML_AW_Open_AR_GreatEidSale_PROS_23May26_DAN008,Awareness,HTML Carousel Products,Bahrain AR,Bahrain,6036,39,0.65%,3.04,1983,38.03,0.98,6.3,,,,,,,,90.63%
27-May-26,DanubeH_Dubai&Sharjah__HTML_AW_Open_EN_EidSuperSale_PROS_22May26_DAN008,Awareness,HTML Product Wheel,Dubai,United Arab Emirates,36617,197,0.54%,2.93,12517,252.66,1.28,6.9,,,,,,,,91.41%
27-May-26,DanubeH_Abu Dhabi & Al Ain_HTML_AW_Open_AR_EidSuperSale_PROS_23May26_DAN008,Awareness,HTML Product Wheel,Abu Dhabi,United Arab Emirates,48236,297,0.62%,3.00,16061,332.83,1.12,6.9,,,,,,,,91.40%
27-May-26,DanubeH_ROU_HTML_AW_Open_AR_EidSuperSale_PROS_23May26_DAN008,Awareness,HTML Product Wheel,Rest Of United Arab Emirates,United Arab Emirates,"43,305",239,0.55%,2.87,15091,298.80,1.25,6.9,,,,,,,,91.37%
27-May-26,DanubeH_Muscat_HTML_AW_Open_AR_GreatEidSale_PROS_23May26_DAN008,Awareness,HTML Product Wheel,Muscat,Oman,33633,175,0.52%,2.73,12301,211.89,1.21,6.3,,,,,,,,91.10%
27-May-26,DanubeH_ROO_HTML_AW_Open_AR_GreatEidSale_PROS_23May26_DAN008,Awareness,HTML Product Wheel,Rest Of Oman,Oman,18541,89,0.48%,3.10,5984,116.81,1.31,6.3,,,,,,,,90.94%
27-May-26,DanubeH_BH_HTML_AW_Open_EN_GreatEidSale_PROS_22May26_DAN008,Awareness,HTML Product Wheel,Bahrain EN,Bahrain,7066,45,0.64%,2.89,2445,44.52,0.99,6.3,,,,,,,,89.53%
27-May-26,DanubeH_BH_HTML_AW_Open_AR_GreatEidSale_PROS_23May26_DAN008,Awareness,HTML Product Wheel,Bahrain AR,Bahrain,10772,62,0.58%,3.04,3539,67.86,1.09,6.3,,,,,,,,90.19%
28-May-26,DanubeH_Dubai&Sharjah_Static_AW_Open_EN_EidSuperSale_PROS_22May26_DAN008,Awareness,Native,Dubai,United Arab Emirates,37001,201,0.54%,2.83,13073,255.31,1.27,6.9,,,,,,,,89.38%
28-May-26,DanubeH_Abu Dhabi & Al Ain_Static_AW_Open_AR_EidSuperSale_PROS_22May26_DAN008,Awareness,Native,Abu Dhabi,United Arab Emirates,35254,206,0.58%,2.84,12430,243.25,1.18,6.9,,,,,,,,91.86%
28-May-26,DanubeH_ROU_Static_AW_Open_AR_EidSuperSale_PROS_22May26_DAN008,Awareness,Native,Rest Of United Arab Emirates,United Arab Emirates,"7,666",47,0.61%,3.10,2474,52.90,1.13,6.9,,,,,,,,90.60%
28-May-26,DanubeH_Muscat_Static_AW_Open_AR_GreatEidSale_PROS_20May26_DAN008,Awareness,Native,Muscat,Oman,21494,121,0.56%,3.01,7134,135.41,1.12,6.3,,,,,,,,90.67%
28-May-26,DanubeH_ROO_Static_AW_Open_AR_GreatEidSale_PROS_20May26_DAN008,Awareness,Native,Rest Of Oman,Oman,8726,40,0.46%,3.09,2822,54.97,1.37,6.3,,,,,,,,91.09%
28-May-26,DanubeH_BH_Static_AW_Open_EN_GreatEidSale_PROS_20May26_DAN008,Awareness,Native,Bahrain EN,Bahrain,4223,22,0.52%,2.59,1633,26.60,1.21,6.3,,,,,,,,91.08%
28-May-26,DanubeH_BH_Static_AW_Open_AR_GreatEidSale_PROS_20May26_DAN008,Awareness,Native,Bahrain AR,Bahrain,3939,19,0.48%,2.75,1432,24.82,1.31,6.3,,,,,,,,90.63%
28-May-26,DanubeH_Dubai&Sharjah_Static_AW_Open_EN_EidSuperSale_PROS_22May26_DAN008,Awareness,Display,Dubai,United Arab Emirates,54759,324,0.59%,2.83,19347,377.84,1.17,6.9,,,,,,,,91.64%
28-May-26,DanubeH_Abu Dhabi & Al Ain_Static_AW_Open_AR_EidSuperSale_PROS_22May26_DAN008,Awareness,Display,Abu Dhabi,United Arab Emirates,52172,332,0.64%,2.84,18395,359.99,1.08,6.9,,,,,,,,90.19%
28-May-26,DanubeH_ROU_Static_AW_Open_AR_EidSuperSale_PROS_22May26_DAN008,Awareness,Display,Rest Of United Arab Emirates,United Arab Emirates,"11,345",76,0.67%,3.10,3661,78.28,1.03,6.9,,,,,,,,91.89%
28-May-26,DanubeH_Muscat_Static_AW_Open_AR_GreatEidSale_PROS_20May26_DAN008,Awareness,Display,Muscat,Oman,31809,195,0.61%,3.01,10558,200.40,1.03,6.3,,,,,,,,91.48%
28-May-26,DanubeH_ROO_Static_AW_Open_AR_GreatEidSale_PROS_20May26_DAN008,Awareness,Display,Rest Of Oman,Oman,12914,65,0.50%,3.09,4176,81.36,1.25,6.3,,,,,,,,89.51%
28-May-26,DanubeH_BH_Static_AW_Open_EN_GreatEidSale_PROS_20May26_DAN008,Awareness,Display,Bahrain EN,Bahrain,6250,35,0.56%,2.59,2417,39.38,1.13,6.3,,,,,,,,91.89%
28-May-26,DanubeH_BH_Static_AW_Open_AR_GreatEidSale_PROS_20May26_DAN008,Awareness,Display,Bahrain AR,Bahrain,5830,31,0.53%,2.75,2119,36.73,1.18,6.3,,,,,,,,89.57%
28-May-26,DanubeH_Dubai&Sharjah__HTML_AW_Open_EN_EidSuperSale_PROS_22May26_DAN008,Awareness,HTML Hero Products,Dubai,United Arab Emirates,107810,697,0.65%,2.83,38090,743.89,1.07,6.9,,,,,,,,90.20%
28-May-26,DanubeH_Abu Dhabi & Al Ain_HTML_AW_Open_AR_EidSuperSale_PROS_23May26_DAN008,Awareness,HTML Hero Products,Abu Dhabi,United Arab Emirates,102718,714,0.70%,2.84,36217,708.75,0.99,6.9,,,,,,,,90.39%
28-May-26,DanubeH_ROU_HTML_AW_Open_AR_EidSuperSale_PROS_23May26_DAN008,Awareness,HTML Hero Products,Rest Of United Arab Emirates,United Arab Emirates,"22,336",164,0.73%,3.10,7209,154.12,0.94,6.9,,,,,,,,90.74%
28-May-26,DanubeH_Muscat_HTML_AW_Open_AR_GreatEidSale_PROS_23May26_DAN008,Awareness,HTML Hero Products,Muscat,Oman,62627,419,0.67%,3.01,20787,394.55,0.94,6.3,,,,,,,,89.59%
28-May-26,DanubeH_ROO_HTML_AW_Open_AR_GreatEidSale_PROS_23May26_DAN008,Awareness,HTML Hero Products,Rest Of Oman,Oman,25426,140,0.55%,3.09,8222,160.18,1.14,6.3,,,,,,,,89.80%
28-May-26,DanubeH_BH_HTML_AW_Open_EN_GreatEidSale_PROS_22May26_DAN008,Awareness,HTML Hero Products,Bahrain EN,Bahrain,12306,75,0.61%,2.59,4759,77.53,1.03,6.3,,,,,,,,89.81%
28-May-26,DanubeH_BH_HTML_AW_Open_AR_GreatEidSale_PROS_23May26_DAN008,Awareness,HTML Hero Products,Bahrain AR,Bahrain,11478,67,0.58%,2.75,4172,72.31,1.08,6.3,,,,,,,,90.32%
28-May-26,DanubeH_Dubai&Sharjah__HTML_AW_Open_EN_EidSuperSale_PROS_22May26_DAN008,Awareness,HTML Carousel Products,Dubai,United Arab Emirates,44096,221,0.50%,2.83,15579,304.26,1.38,6.9,,,,,,,,89.33%
28-May-26,DanubeH_Abu Dhabi & Al Ain_HTML_AW_Open_AR_EidSuperSale_PROS_23May26_DAN008,Awareness,HTML Carousel Products,Abu Dhabi,United Arab Emirates,42013,226,0.54%,2.84,14813,289.89,1.28,6.9,,,,,,,,91.46%
28-May-26,DanubeH_ROU_HTML_AW_Open_AR_EidSuperSale_PROS_23May26_DAN008,Awareness,HTML Carousel Products,Rest Of United Arab Emirates,United Arab Emirates,"9,136",52,0.57%,3.10,2948,63.04,1.21,6.9,,,,,,,,91.45%
28-May-26,DanubeH_Muscat_HTML_AW_Open_AR_GreatEidSale_PROS_23May26_DAN008,Awareness,HTML Carousel Products,Muscat,Oman,25615,133,0.52%,3.01,8502,161.37,1.21,6.3,,,,,,,,90.78%
28-May-26,DanubeH_ROO_HTML_AW_Open_AR_GreatEidSale_PROS_23May26_DAN008,Awareness,HTML Carousel Products,Rest Of Oman,Oman,10400,44,0.42%,3.09,3363,65.52,1.49,6.3,,,,,,,,90.61%
28-May-26,DanubeH_BH_HTML_AW_Open_EN_GreatEidSale_PROS_22May26_DAN008,Awareness,HTML Carousel Products,Bahrain EN,Bahrain,5033,24,0.48%,2.59,1947,31.71,1.32,6.3,,,,,,,,90.80%
28-May-26,DanubeH_BH_HTML_AW_Open_AR_GreatEidSale_PROS_23May26_DAN008,Awareness,HTML Carousel Products,Bahrain AR,Bahrain,4695,21,0.45%,2.75,1707,29.58,1.41,6.3,,,,,,,,91.77%
28-May-26,DanubeH_Dubai&Sharjah__HTML_AW_Open_EN_EidSuperSale_PROS_22May26_DAN008,Awareness,HTML Product Wheel,Dubai,United Arab Emirates,136469,799,0.59%,2.83,48215,941.64,1.18,6.9,,,,,,,,91.20%
28-May-26,DanubeH_Abu Dhabi & Al Ain_HTML_AW_Open_AR_EidSuperSale_PROS_23May26_DAN008,Awareness,HTML Product Wheel,Abu Dhabi,United Arab Emirates,130023,819,0.63%,2.84,45845,897.16,1.10,6.9,,,,,,,,89.10%
28-May-26,DanubeH_ROU_HTML_AW_Open_AR_EidSuperSale_PROS_23May26_DAN008,Awareness,HTML Product Wheel,Rest Of United Arab Emirates,United Arab Emirates,"28,273",188,0.66%,3.10,9125,195.08,1.04,6.9,,,,,,,,91.63%
28-May-26,DanubeH_Muscat_HTML_AW_Open_AR_GreatEidSale_PROS_23May26_DAN008,Awareness,HTML Product Wheel,Muscat,Oman,79275,480,0.61%,3.01,26312,507.98,1.06,6.41,,,,,,,,90.44%
28-May-26,DanubeH_ROO_HTML_AW_Open_AR_GreatEidSale_PROS_23May26_DAN008,Awareness,HTML Product Wheel,Rest Of Oman,Oman,32185,160,0.50%,3.09,10408,202.77,1.27,6.3,,,,,,,,90.61%
28-May-26,DanubeH_BH_HTML_AW_Open_EN_GreatEidSale_PROS_22May26_DAN008,Awareness,HTML Product Wheel,Bahrain EN,Bahrain,15577,86,0.55%,2.59,6024,98.14,1.14,6.3,,,,,,,,89.16%
28-May-26,DanubeH_BH_HTML_AW_Open_AR_GreatEidSale_PROS_23May26_DAN008,Awareness,HTML Product Wheel,Bahrain AR,Bahrain,14529,76,0.52%,2.75,5282,91.53,1.20,6.3,,,,,,,,90.86%
29-May-26,DanubeH_Dubai&Sharjah_Static_AW_Open_EN_EidSuperSale_PROS_22May26_DAN008,Awareness,Native,Dubai,United Arab Emirates,67125,402,0.60%,2.83,23719,463.16,1.15,6.9,,,,,,,,89.29%
29-May-26,DanubeH_Abu Dhabi & Al Ain_Static_AW_Open_AR_EidSuperSale_PROS_22May26_DAN008,Awareness,Native,Abu Dhabi,United Arab Emirates,55565,359,0.65%,3.09,17982,383.40,1.07,6.9,,,,,,,,90.75%
29-May-26,DanubeH_ROU_Static_AW_Open_AR_EidSuperSale_PROS_22May26_DAN008,Awareness,Native,Rest Of United Arab Emirates,United Arab Emirates,36847,195,0.53%,3.03,12161,254.24,1.30,6.9,,,,,,,,91.81%
29-May-26,DanubeH_Muscat_Static_AW_Open_AR_GreatEidSale_PROS_20May26_DAN008,Awareness,Native,Muscat,Oman,33833,177,0.52%,2.97,11392,213.15,1.20,6.3,,,,,,,,91.12%
29-May-26,DanubeH_ROO_Static_AW_Open_AR_GreatEidSale_PROS_20May26_DAN008,Awareness,Native,Rest Of Oman,Oman,23379,139,0.59%,2.78,8410,147.29,1.06,6.3,,,,,,,,90.89%
29-May-26,DanubeH_BH_Static_AW_Open_EN_GreatEidSale_PROS_20May26_DAN008,Awareness,Native,Bahrain EN,Bahrain,10854,65,0.60%,3.12,3479,68.38,1.05,6.3,,,,,,,,89.93%
29-May-26,DanubeH_BH_Static_AW_Open_AR_GreatEidSale_PROS_20May26_DAN008,Awareness,Native,Bahrain AR,Bahrain,7840,51,0.65%,3.18,2465,49.39,0.97,6.3,,,,,,,,90.98%
29-May-26,DanubeH_Dubai&Sharjah_Static_AW_Open_EN_EidSuperSale_PROS_22May26_DAN008,Awareness,Display,Dubai,United Arab Emirates,68488,408,0.60%,2.83,24201,472.57,1.16,6.9,,,,,,,,90.84%
29-May-26,DanubeH_Abu Dhabi & Al Ain_Static_AW_Open_AR_EidSuperSale_PROS_22May26_DAN008,Awareness,Display,Abu Dhabi,United Arab Emirates,56693,365,0.64%,3.09,18347,391.18,1.07,6.9,,,,,,,,91.24%
29-May-26,DanubeH_ROU_Static_AW_Open_AR_EidSuperSale_PROS_22May26_DAN008,Awareness,Display,Rest Of United Arab Emirates,United Arab Emirates,37595,198,0.53%,3.03,12408,259.41,1.31,6.9,,,,,,,,89.36%
29-May-26,DanubeH_Muscat_Static_AW_Open_AR_GreatEidSale_PROS_20May26_DAN008,Awareness,Display,Muscat,Oman,34520,180,0.52%,2.97,11623,217.48,1.21,6.3,,,,,,,,89.18%
29-May-26,DanubeH_ROO_Static_AW_Open_AR_GreatEidSale_PROS_20May26_DAN008,Awareness,Display,Rest Of Oman,Oman,23854,141,0.59%,2.78,8581,150.28,1.07,6.3,,,,,,,,90.36%
29-May-26,DanubeH_BH_Static_AW_Open_EN_GreatEidSale_PROS_20May26_DAN008,Awareness,Display,Bahrain EN,Bahrain,11074,66,0.60%,3.12,3549,69.77,1.06,6.3,,,,,,,,90.83%
29-May-26,DanubeH_BH_Static_AW_Open_AR_GreatEidSale_PROS_20May26_DAN008,Awareness,Display,Bahrain AR,Bahrain,8001,52,0.65%,3.18,2516,50.41,0.97,6.3,,,,,,,,90.37%
29-May-26,DanubeH_Dubai&Sharjah__HTML_AW_Open_EN_EidSuperSale_PROS_22May26_DAN008,Awareness,HTML Hero Products,Dubai,United Arab Emirates,78092,503,0.64%,2.83,27594,538.83,1.07,6.9,,,,,,,,89.98%
29-May-26,DanubeH_Abu Dhabi & Al Ain_HTML_AW_Open_AR_EidSuperSale_PROS_23May26_DAN008,Awareness,HTML Hero Products,Abu Dhabi,United Arab Emirates,64643,450,0.70%,3.09,20920,446.04,0.99,6.9,,,,,,,,91.63%
29-May-26,DanubeH_ROU_HTML_AW_Open_AR_EidSuperSale_PROS_23May26_DAN008,Awareness,HTML Hero Products,Rest Of United Arab Emirates,United Arab Emirates,42867,244,0.57%,3.03,14148,295.78,1.21,6.9,,,,,,,,89.16%
29-May-26,DanubeH_Muscat_HTML_AW_Open_AR_GreatEidSale_PROS_23May26_DAN008,Awareness,HTML Hero Products,Muscat,Oman,39361,222,0.56%,2.97,13253,247.97,1.12,6.3,,,,,,,,91.15%
29-May-26,DanubeH_ROO_HTML_AW_Open_AR_GreatEidSale_PROS_23May26_DAN008,Awareness,HTML Hero Products,Rest Of Oman,Oman,27199,174,0.64%,2.78,9784,171.35,0.98,6.3,,,,,,,,89.88%
29-May-26,DanubeH_BH_HTML_AW_Open_EN_GreatEidSale_PROS_22May26_DAN008,Awareness,HTML Hero Products,Bahrain EN,Bahrain,12627,81,0.64%,3.12,4047,79.55,0.98,6.3,,,,,,,,89.99%
29-May-26,DanubeH_BH_HTML_AW_Open_AR_GreatEidSale_PROS_23May26_DAN008,Awareness,HTML Hero Products,Bahrain AR,Bahrain,9122,63,0.69%,3.18,2869,57.47,0.91,6.3,,,,,,,,89.99%
29-May-26,DanubeH_Dubai&Sharjah__HTML_AW_Open_EN_EidSuperSale_PROS_22May26_DAN008,Awareness,HTML Carousel Products,Dubai,United Arab Emirates,92583,576,0.62%,2.83,32715,638.82,1.11,6.9,,,,,,,,91.39%
29-May-26,DanubeH_Abu Dhabi & Al Ain_HTML_AW_Open_AR_EidSuperSale_PROS_23May26_DAN008,Awareness,HTML Carousel Products,Abu Dhabi,United Arab Emirates,76639,515,0.67%,3.09,24802,528.81,1.03,6.9,,,,,,,,89.03%
29-May-26,DanubeH_ROU_HTML_AW_Open_AR_EidSuperSale_PROS_23May26_DAN008,Awareness,HTML Carousel Products,Rest Of United Arab Emirates,United Arab Emirates,50822,280,0.55%,3.03,16773,350.67,1.25,6.9,,,,,,,,89.40%
29-May-26,DanubeH_Muscat_HTML_AW_Open_AR_GreatEidSale_PROS_23May26_DAN008,Awareness,HTML Carousel Products,Muscat,Oman,46665,254,0.54%,2.97,15712,293.99,1.16,6.3,,,,,,,,90.84%
29-May-26,DanubeH_ROO_HTML_AW_Open_AR_GreatEidSale_PROS_23May26_DAN008,Awareness,HTML Carousel Products,Rest Of Oman,Oman,32247,199,0.62%,2.78,11600,203.16,1.02,6.3,,,,,,,,90.60%
29-May-26,DanubeH_BH_HTML_AW_Open_EN_GreatEidSale_PROS_22May26_DAN008,Awareness,HTML Carousel Products,Bahrain EN,Bahrain,14971,93,0.62%,3.12,4798,94.32,1.01,6.3,,,,,,,,90.92%
29-May-26,DanubeH_BH_HTML_AW_Open_AR_GreatEidSale_PROS_23May26_DAN008,Awareness,HTML Carousel Products,Bahrain AR,Bahrain,10813,73,0.68%,3.18,3400,68.12,0.93,6.3,,,,,,,,89.33%
29-May-26,DanubeH_Dubai&Sharjah__HTML_AW_Open_EN_EidSuperSale_PROS_22May26_DAN008,Awareness,HTML Product Wheel,Dubai,United Arab Emirates,18300,92,0.50%,2.83,6466,126.27,1.37,6.9,,,,,,,,91.99%
29-May-26,DanubeH_Abu Dhabi & Al Ain_HTML_AW_Open_AR_EidSuperSale_PROS_23May26_DAN008,Awareness,HTML Product Wheel,Abu Dhabi,United Arab Emirates,15148,83,0.55%,3.09,4902,104.52,1.26,6.9,,,,,,,,90.37%
29-May-26,DanubeH_ROU_HTML_AW_Open_AR_EidSuperSale_PROS_23May26_DAN008,Awareness,HTML Product Wheel,Rest Of United Arab Emirates,United Arab Emirates,10045,45,0.45%,3.03,3315,69.31,1.54,6.9,,,,,,,,90.18%
29-May-26,DanubeH_Muscat_HTML_AW_Open_AR_GreatEidSale_PROS_23May26_DAN008,Awareness,HTML Product Wheel,Muscat,Oman,9224,41,0.44%,2.97,3106,58.11,1.42,6.3,,,,,,,,91.36%
29-May-26,DanubeH_ROO_HTML_AW_Open_AR_GreatEidSale_PROS_23May26_DAN008,Awareness,HTML Product Wheel,Rest Of Oman,Oman,6374,32,0.50%,2.78,2293,40.16,1.26,6.3,,,,,,,,90.84%
29-May-26,DanubeH_BH_HTML_AW_Open_EN_GreatEidSale_PROS_22May26_DAN008,Awareness,HTML Product Wheel,Bahrain EN,Bahrain,2959,15,0.51%,3.12,948,18.64,1.24,6.3,,,,,,,,89.20%
29-May-26,DanubeH_BH_HTML_AW_Open_AR_GreatEidSale_PROS_23May26_DAN008,Awareness,HTML Product Wheel,Bahrain AR,Bahrain,2137,11,0.51%,3.18,672,13.46,1.22,6.3,,,,,,,,90.98%
30-May-26,DanubeH_Dubai&Sharjah_Static_AW_Open_EN_EidSuperSale_PROS_22May26_DAN008,Awareness,Native,Dubai,United Arab Emirates,7781,45,0.58%,2.83,2749,53.69,1.19,6.9,,,,,,,,91.23%
30-May-26,DanubeH_Abu Dhabi & Al Ain_Static_AW_Open_AR_EidSuperSale_PROS_22May26_DAN008,Awareness,Native,Abu Dhabi,United Arab Emirates,7587,47,0.62%,3.09,2455,52.35,1.11,6.9,,,,,,,,91.53%
30-May-26,DanubeH_ROU_Static_AW_Open_AR_EidSuperSale_PROS_22May26_DAN008,Awareness,Native,Rest Of United Arab Emirates,United Arab Emirates,1697,9,0.53%,3.03,560,11.71,1.30,6.9,,,,,,,,90.06%
30-May-26,DanubeH_Muscat_Static_AW_Open_AR_GreatEidSale_PROS_20May26_DAN008,Awareness,Native,Muscat,Oman,9089,51,0.56%,2.97,3060,57.26,1.12,6.3,,,,,,,,89.05%
30-May-26,DanubeH_ROO_Static_AW_Open_AR_GreatEidSale_PROS_20May26_DAN008,Awareness,Native,Rest Of Oman,Oman,8649,46,0.53%,2.78,3111,54.49,1.18,6.3,,,,,,,,90.09%
30-May-26,DanubeH_BH_Static_AW_Open_EN_GreatEidSale_PROS_20May26_DAN008,Awareness,Native,Bahrain EN,Bahrain,2648,15,0.57%,3.12,849,16.68,1.11,6.3,,,,,,,,90.04%
30-May-26,DanubeH_BH_Static_AW_Open_AR_GreatEidSale_PROS_20May26_DAN008,Awareness,Native,Bahrain AR,Bahrain,2187,12,0.55%,3.18,688,13.78,1.15,6.3,,,,,,,,90.00%
30-May-26,DanubeH_Dubai&Sharjah_Static_AW_Open_EN_EidSuperSale_PROS_22May26_DAN008,Awareness,Display,Dubai,United Arab Emirates,8080,55,0.68%,2.83,2855,55.75,1.01,6.9,,,,,,,,91.86%
30-May-26,DanubeH_Abu Dhabi & Al Ain_Static_AW_Open_AR_EidSuperSale_PROS_22May26_DAN008,Awareness,Display,Abu Dhabi,United Arab Emirates,7878,58,0.74%,3.09,2550,54.36,0.94,6.9,,,,,,,,91.96%
30-May-26,DanubeH_ROU_Static_AW_Open_AR_EidSuperSale_PROS_22May26_DAN008,Awareness,Display,Rest Of United Arab Emirates,United Arab Emirates,1762,11,0.62%,3.03,582,12.16,1.11,6.9,,,,,,,,91.31%
30-May-26,DanubeH_Muscat_Static_AW_Open_AR_GreatEidSale_PROS_20May26_DAN008,Awareness,Display,Muscat,Oman,9438,64,0.68%,2.97,3178,59.46,0.93,6.3,,,,,,,,89.75%
30-May-26,DanubeH_ROO_Static_AW_Open_AR_GreatEidSale_PROS_20May26_DAN008,Awareness,Display,Rest Of Oman,Oman,8981,56,0.62%,2.78,3231,56.58,1.01,6.3,,,,,,,,90.53%
30-May-26,DanubeH_BH_Static_AW_Open_EN_GreatEidSale_PROS_20May26_DAN008,Awareness,Display,Bahrain EN,Bahrain,2749,19,0.69%,3.12,881,17.32,0.91,6.3,,,,,,,,90.81%
30-May-26,DanubeH_BH_Static_AW_Open_AR_GreatEidSale_PROS_20May26_DAN008,Awareness,Display,Bahrain AR,Bahrain,2272,16,0.70%,3.18,714,14.31,0.89,6.3,,,,,,,,90.61%
30-May-26,DanubeH_Dubai&Sharjah__HTML_AW_Open_EN_EidSuperSale_PROS_22May26_DAN008,Awareness,HTML Hero Products,Dubai,United Arab Emirates,25538,167,0.65%,2.83,9024,176.21,1.06,6.9,,,,,,,,90.28%
30-May-26,DanubeH_Abu Dhabi & Al Ain_HTML_AW_Open_AR_EidSuperSale_PROS_23May26_DAN008,Awareness,HTML Hero Products,Abu Dhabi,United Arab Emirates,24900,176,0.71%,3.09,8058,171.81,0.98,6.9,,,,,,,,89.35%
30-May-26,DanubeH_ROU_HTML_AW_Open_AR_EidSuperSale_PROS_23May26_DAN008,Awareness,HTML Hero Products,Rest Of United Arab Emirates,United Arab Emirates,5568,35,0.63%,3.03,1838,38.42,1.10,6.9,,,,,,,,89.45%
30-May-26,DanubeH_Muscat_HTML_AW_Open_AR_GreatEidSale_PROS_23May26_DAN008,Awareness,HTML Hero Products,Muscat,Oman,29831,192,0.64%,2.97,10044,187.94,0.98,6.3,,,,,,,,89.28%
30-May-26,DanubeH_ROO_HTML_AW_Open_AR_GreatEidSale_PROS_23May26_DAN008,Awareness,HTML Hero Products,Rest Of Oman,Oman,28387,170,0.60%,2.78,10211,178.84,1.05,6.3,,,,,,,,91.68%
30-May-26,DanubeH_BH_HTML_AW_Open_EN_GreatEidSale_PROS_22May26_DAN008,Awareness,HTML Hero Products,Bahrain EN,Bahrain,8690,57,0.66%,3.12,2785,54.75,0.96,6.3,,,,,,,,91.67%
30-May-26,DanubeH_BH_HTML_AW_Open_AR_GreatEidSale_PROS_23May26_DAN008,Awareness,HTML Hero Products,Bahrain AR,Bahrain,7181,44,0.61%,3.18,2258,45.24,1.03,6.3,,,,,,,,91.98%
30-May-26,DanubeH_Dubai&Sharjah__HTML_AW_Open_EN_EidSuperSale_PROS_22May26_DAN008,Awareness,HTML Carousel Products,Dubai,United Arab Emirates,62058,384,0.62%,2.83,21929,428.20,1.12,6.9,,,,,,,,90.06%
30-May-26,DanubeH_Abu Dhabi & Al Ain_HTML_AW_Open_AR_EidSuperSale_PROS_23May26_DAN008,Awareness,HTML Carousel Products,Abu Dhabi,United Arab Emirates,60509,404,0.67%,3.09,19582,417.51,1.03,6.9,,,,,,,,90.99%
30-May-26,DanubeH_ROU_HTML_AW_Open_AR_EidSuperSale_PROS_23May26_DAN008,Awareness,HTML Carousel Products,Rest Of United Arab Emirates,United Arab Emirates,13531,79,0.58%,3.03,4466,93.36,1.18,6.9,,,,,,,,91.18%
30-May-26,DanubeH_Muscat_HTML_AW_Open_AR_GreatEidSale_PROS_23May26_DAN008,Awareness,HTML Carousel Products,Muscat,Oman,72491,441,0.61%,2.97,24408,456.69,1.04,6.3,,,,,,,,90.27%
30-May-26,DanubeH_ROO_HTML_AW_Open_AR_GreatEidSale_PROS_23May26_DAN008,Awareness,HTML Carousel Products,Rest Of Oman,Oman,68982,391,0.57%,2.78,24814,434.59,1.11,6.3,,,,,,,,91.45%
30-May-26,DanubeH_BH_HTML_AW_Open_EN_GreatEidSale_PROS_22May26_DAN008,Awareness,HTML Carousel Products,Bahrain EN,Bahrain,21118,131,0.62%,3.12,6769,133.04,1.02,6.3,,,,,,,,91.79%
30-May-26,DanubeH_BH_HTML_AW_Open_AR_GreatEidSale_PROS_23May26_DAN008,Awareness,HTML Carousel Products,Bahrain AR,Bahrain,17451,104,0.60%,3.18,5488,109.94,1.06,6.3,,,,,,,,89.62%
30-May-26,DanubeH_Dubai&Sharjah__HTML_AW_Open_EN_EidSuperSale_PROS_22May26_DAN008,Awareness,HTML Product Wheel,Dubai,United Arab Emirates,34250,190,0.55%,2.83,12102,236.33,1.24,6.9,,,,,,,,91.30%
30-May-26,DanubeH_Abu Dhabi & Al Ain_HTML_AW_Open_AR_EidSuperSale_PROS_23May26_DAN008,Awareness,HTML Product Wheel,Abu Dhabi,United Arab Emirates,33395,201,0.60%,3.09,10807,230.43,1.15,6.9,,,,,,,,89.31%
30-May-26,DanubeH_ROU_HTML_AW_Open_AR_EidSuperSale_PROS_23May26_DAN008,Awareness,HTML Product Wheel,Rest Of United Arab Emirates,United Arab Emirates,7468,39,0.52%,3.03,2465,51.53,1.32,6.9,,,,,,,,90.51%
30-May-26,DanubeH_Muscat_HTML_AW_Open_AR_GreatEidSale_PROS_23May26_DAN008,Awareness,HTML Product Wheel,Muscat,Oman,40008,218,0.54%,2.97,13471,252.05,1.16,6.3,,,,,,,,89.75%
30-May-26,DanubeH_ROO_HTML_AW_Open_AR_GreatEidSale_PROS_23May26_DAN008,Awareness,HTML Product Wheel,Rest Of Oman,Oman,38072,194,0.51%,2.78,13695,239.85,1.24,6.3,,,,,,,,90.07%
30-May-26,DanubeH_BH_HTML_AW_Open_EN_GreatEidSale_PROS_22May26_DAN008,Awareness,HTML Product Wheel,Bahrain EN,Bahrain,11655,65,0.56%,3.12,3736,73.43,1.13,6.3,,,,,,,,89.26%
30-May-26,DanubeH_BH_HTML_AW_Open_AR_GreatEidSale_PROS_23May26_DAN008,Awareness,HTML Product Wheel,Bahrain AR,Bahrain,9632,52,0.54%,3.18,3029,60.68,1.17,6.3,,,,,,,,90.61%
31-May-26,DanubeH_Dubai&Sharjah_Static_AW_Open_EN_EidSuperSale_PROS_22May26_DAN008,Awareness,Native,Dubai,United Arab Emirates,32411,230,0.71%,2.83,11453,223.64,0.97,6.9,,,,,,,,91.96%
31-May-26,DanubeH_Abu Dhabi & Al Ain_Static_AW_Open_AR_EidSuperSale_PROS_22May26_DAN008,Awareness,Native,Abu Dhabi,United Arab Emirates,31601,243,0.77%,3.09,10227,218.05,0.90,6.9,,,,,,,,90.84%
31-May-26,DanubeH_ROU_Static_AW_Open_AR_EidSuperSale_PROS_22May26_DAN008,Awareness,Native,Rest Of United Arab Emirates,United Arab Emirates,7067,48,0.68%,3.03,2332,48.76,1.02,6.9,,,,,,,,91.88%
31-May-26,DanubeH_Muscat_Static_AW_Open_AR_GreatEidSale_PROS_20May26_DAN008,Awareness,Native,Muscat,Oman,37859,265,0.70%,2.97,12747,238.51,0.90,6.3,,,,,,,,91.86%
31-May-26,DanubeH_ROO_Static_AW_Open_AR_GreatEidSale_PROS_20May26_DAN008,Awareness,Native,Rest Of Oman,Oman,36026,235,0.65%,2.78,12959,226.96,0.97,6.3,,,,,,,,91.90%
31-May-26,DanubeH_BH_Static_AW_Open_EN_GreatEidSale_PROS_20May26_DAN008,Awareness,Native,Bahrain EN,Bahrain,11029,78,0.71%,3.12,3535,69.48,0.89,6.3,,,,,,,,90.37%
31-May-26,DanubeH_BH_Static_AW_Open_AR_GreatEidSale_PROS_20May26_DAN008,Awareness,Native,Bahrain AR,Bahrain,9114,63,0.69%,3.18,2866,57.42,0.91,6.3,,,,,,,,91.44%
31-May-26,DanubeH_Dubai&Sharjah_Static_AW_Open_EN_EidSuperSale_PROS_22May26_DAN008,Awareness,Display,Dubai,United Arab Emirates,33086,199,0.60%,2.83,11691,228.29,1.15,6.9,,,,,,,,89.05%
31-May-26,DanubeH_Abu Dhabi & Al Ain_Static_AW_Open_AR_EidSuperSale_PROS_22May26_DAN008,Awareness,Display,Abu Dhabi,United Arab Emirates,32260,210,0.65%,3.09,10440,222.59,1.06,6.9,,,,,,,,89.73%
31-May-26,DanubeH_ROU_Static_AW_Open_AR_EidSuperSale_PROS_22May26_DAN008,Awareness,Display,Rest Of United Arab Emirates,United Arab Emirates,7214,41,0.57%,3.03,2381,49.78,1.21,6.9,,,,,,,,90.99%
31-May-26,DanubeH_Muscat_Static_AW_Open_AR_GreatEidSale_PROS_20May26_DAN008,Awareness,Display,Muscat,Oman,38648,228,0.59%,2.97,13013,243.48,1.07,6.3,,,,,,,,89.68%
31-May-26,DanubeH_ROO_Static_AW_Open_AR_GreatEidSale_PROS_20May26_DAN008,Awareness,Display,Rest Of Oman,Oman,36777,203,0.55%,2.78,13229,231.70,1.14,6.3,,,,,,,,89.59%
31-May-26,DanubeH_BH_Static_AW_Open_EN_GreatEidSale_PROS_20May26_DAN008,Awareness,Display,Bahrain EN,Bahrain,11259,68,0.60%,3.12,3609,70.93,1.04,6.3,,,,,,,,89.89%
31-May-26,DanubeH_BH_Static_AW_Open_AR_GreatEidSale_PROS_20May26_DAN008,Awareness,Display,Bahrain AR,Bahrain,9303,54,0.58%,3.18,2925,58.61,1.09,6.3,,,,,,,,91.91%
31-May-26,DanubeH_Dubai&Sharjah__HTML_AW_Open_EN_EidSuperSale_PROS_22May26_DAN008,Awareness,HTML Hero Products,Dubai,United Arab Emirates,46759,301,0.64%,2.83,16523,322.64,1.07,6.9,,,,,,,,90.59%
31-May-26,DanubeH_Abu Dhabi & Al Ain_HTML_AW_Open_AR_EidSuperSale_PROS_23May26_DAN008,Awareness,HTML Hero Products,Abu Dhabi,United Arab Emirates,45592,317,0.70%,3.09,14755,314.58,0.99,6.9,,,,,,,,91.29%
31-May-26,DanubeH_ROU_HTML_AW_Open_AR_EidSuperSale_PROS_23May26_DAN008,Awareness,HTML Hero Products,Rest Of United Arab Emirates,United Arab Emirates,10195,62,0.61%,3.03,3365,70.35,1.13,6.9,,,,,,,,89.03%
31-May-26,DanubeH_Muscat_HTML_AW_Open_AR_GreatEidSale_PROS_23May26_DAN008,Awareness,HTML Hero Products,Muscat,Oman,54620,346,0.63%,2.97,18391,344.11,0.99,6.3,,,,,,,,90.40%
31-May-26,DanubeH_ROO_HTML_AW_Open_AR_GreatEidSale_PROS_23May26_DAN008,Awareness,HTML Hero Products,Rest Of Oman,Oman,51976,307,0.59%,2.78,18696,327.45,1.07,6.3,,,,,,,,91.87%
31-May-26,DanubeH_BH_HTML_AW_Open_EN_GreatEidSale_PROS_22May26_DAN008,Awareness,HTML Hero Products,Bahrain EN,Bahrain,15912,102,0.64%,3.12,5100,100.25,0.98,6.3,,,,,,,,90.77%
31-May-26,DanubeH_BH_HTML_AW_Open_AR_GreatEidSale_PROS_23May26_DAN008,Awareness,HTML Hero Products,Bahrain AR,Bahrain,13148,83,0.63%,3.18,4135,82.83,1.00,6.3,,,,,,,,89.36%
31-May-26,DanubeH_Dubai&Sharjah__HTML_AW_Open_EN_EidSuperSale_PROS_22May26_DAN008,Awareness,HTML Carousel Products,Dubai,United Arab Emirates,29710,185,0.62%,2.83,10498,205.00,1.11,6.9,,,,,,,,89.99%
31-May-26,DanubeH_Abu Dhabi & Al Ain_HTML_AW_Open_AR_EidSuperSale_PROS_23May26_DAN008,Awareness,HTML Carousel Products,Abu Dhabi,United Arab Emirates,28968,195,0.67%,3.09,9375,199.88,1.03,6.9,,,,,,,,89.15%
31-May-26,DanubeH_ROU_HTML_AW_Open_AR_EidSuperSale_PROS_23May26_DAN008,Awareness,HTML Carousel Products,Rest Of United Arab Emirates,United Arab Emirates,6478,38,0.59%,3.03,2138,44.70,1.18,6.9,,,,,,,,90.00%
31-May-26,DanubeH_Muscat_HTML_AW_Open_AR_GreatEidSale_PROS_23May26_DAN008,Awareness,HTML Carousel Products,Muscat,Oman,34704,213,0.61%,2.97,11685,218.64,1.03,6.3,,,,,,,,91.00%
31-May-26,DanubeH_ROO_HTML_AW_Open_AR_GreatEidSale_PROS_23May26_DAN008,Awareness,HTML Carousel Products,Rest Of Oman,Oman,33024,189,0.57%,2.78,11879,208.05,1.10,6.3,,,,,,,,89.06%
31-May-26,DanubeH_BH_HTML_AW_Open_EN_GreatEidSale_PROS_22May26_DAN008,Awareness,HTML Carousel Products,Bahrain EN,Bahrain,10110,63,0.62%,3.12,3240,63.69,1.01,6.3,,,,,,,,91.99%
31-May-26,DanubeH_BH_HTML_AW_Open_AR_GreatEidSale_PROS_23May26_DAN008,Awareness,HTML Carousel Products,Bahrain AR,Bahrain,8354,51,0.61%,3.18,2627,52.63,1.03,6.3,,,,,,,,89.94%
31-May-26,DanubeH_Dubai&Sharjah__HTML_AW_Open_EN_EidSuperSale_PROS_22May26_DAN008,Awareness,HTML Product Wheel,Dubai,United Arab Emirates,26840,119,0.44%,2.83,9484,185.20,1.56,6.9,,,,,,,,91.90%
31-May-26,DanubeH_Abu Dhabi & Al Ain_HTML_AW_Open_AR_EidSuperSale_PROS_23May26_DAN008,Awareness,HTML Product Wheel,Abu Dhabi,United Arab Emirates,26170,125,0.48%,3.09,8469,180.57,1.44,6.9,,,,,,,,91.50%
31-May-26,DanubeH_ROU_HTML_AW_Open_AR_EidSuperSale_PROS_23May26_DAN008,Awareness,HTML Product Wheel,Rest Of United Arab Emirates,United Arab Emirates,5852,25,0.43%,3.03,1931,41.58,1.66,7.11,,,,,,,,90.39%
31-May-26,DanubeH_Muscat_HTML_AW_Open_AR_GreatEidSale_PROS_23May26_DAN008,Awareness,HTML Product Wheel,Muscat,Oman,31352,136,0.43%,2.97,10556,197.52,1.45,6.3,,,,,,,,90.81%
31-May-26,DanubeH_ROO_HTML_AW_Open_AR_GreatEidSale_PROS_23May26_DAN008,Awareness,HTML Product Wheel,Rest Of Oman,Oman,29834,121,0.41%,2.78,10732,187.95,1.55,6.3,,,,,,,,90.60%
31-May-26,DanubeH_BH_HTML_AW_Open_EN_GreatEidSale_PROS_22May26_DAN008,Awareness,HTML Product Wheel,Bahrain EN,Bahrain,9134,40,0.44%,3.12,2928,57.54,1.44,6.3,,,,,,,,89.30%
31-May-26,DanubeH_BH_HTML_AW_Open_AR_GreatEidSale_PROS_23May26_DAN008,Awareness,HTML Product Wheel,Bahrain AR,Bahrain,7548,33,0.44%,3.18,2374,47.55,1.44,6.3,,,,,,,,91.17%
1-Jun-26,DanubeH_Dubai&Sharjah_Static_AW_Open_EN_EidSuperSale_PROS_22May26_DAN008,Awareness,Native,Dubai,United Arab Emirates,7428,121,1.63%,5.02,1480,51.25,0.42,6.9,,,,,,,,89.85%
1-Jun-26,DanubeH_Abu Dhabi & Al Ain_Static_AW_Open_AR_EidSuperSale_PROS_22May26_DAN008,Awareness,Native,Abu Dhabi,United Arab Emirates,17704,157,0.89%,2.27,7799,122.16,0.78,6.9,,,,,,,,89.60%
1-Jun-26,DanubeH_ROU_Static_AW_Open_AR_EidSuperSale_PROS_22May26_DAN008,Awareness,Native,Rest Of United Arab Emirates,United Arab Emirates,11433,82,0.72%,3.82,2993,78.89,0.96,6.9,,,,,,,,90.46%
1-Jun-26,DanubeH_Muscat_Static_AW_Open_AR_GreatEidSale_PROS_20May26_DAN008,Awareness,Native,Muscat,Oman,36555,233,0.64%,3.52,10385,230.30,0.99,6.3,,,,,,,,90.51%
1-Jun-26,DanubeH_ROO_Static_AW_Open_AR_GreatEidSale_PROS_20May26_DAN008,Awareness,Native,Rest Of Oman,Oman,7720,38,0.49%,3.65,2115,48.64,1.28,6.3,,,,,,,,89.47%
1-Jun-26,DanubeH_BH_Static_AW_Open_EN_GreatEidSale_PROS_20May26_DAN008,Awareness,Native,Bahrain EN,Bahrain,3382,28,0.83%,2.36,1433,21.30,0.76,6.3,,,,,,,,90.35%
1-Jun-26,DanubeH_BH_Static_AW_Open_AR_GreatEidSale_PROS_20May26_DAN008,Awareness,Native,Bahrain AR,Bahrain,16424,74,0.45%,3.23,5085,103.47,1.40,6.3,,,,,,,,90.23%
1-Jun-26,DanubeH_Dubai&Sharjah_Static_AW_Open_EN_EidSuperSale_PROS_22May26_DAN008,Awareness,Display,Dubai,United Arab Emirates,5689,87,1.53%,5.02,1133,39.25,0.45,6.9,,,,,,,,89.18%
1-Jun-26,DanubeH_Abu Dhabi & Al Ain_Static_AW_Open_AR_EidSuperSale_PROS_22May26_DAN008,Awareness,Display,Abu Dhabi,United Arab Emirates,13560,113,0.83%,2.27,5974,93.56,0.83,6.9,,,,,,,,89.53%
1-Jun-26,DanubeH_ROU_Static_AW_Open_AR_EidSuperSale_PROS_22May26_DAN008,Awareness,Display,Rest Of United Arab Emirates,United Arab Emirates,8757,59,0.67%,3.82,2292,60.42,1.02,6.9,,,,,,,,90.52%
1-Jun-26,DanubeH_Muscat_Static_AW_Open_AR_GreatEidSale_PROS_20May26_DAN008,Awareness,Display,Muscat,Oman,27998,168,0.60%,3.52,7954,176.39,1.05,6.3,,,,,,,,89.56%
1-Jun-26,DanubeH_ROO_Static_AW_Open_AR_GreatEidSale_PROS_20May26_DAN008,Awareness,Display,Rest Of Oman,Oman,5913,27,0.46%,3.65,1620,37.25,1.38,6.3,,,,,,,,90.21%
1-Jun-26,DanubeH_BH_Static_AW_Open_EN_GreatEidSale_PROS_20May26_DAN008,Awareness,Display,Bahrain EN,Bahrain,2590,20,0.77%,2.36,1097,16.32,0.82,6.3,,,,,,,,90.24%
1-Jun-26,DanubeH_BH_Static_AW_Open_AR_GreatEidSale_PROS_20May26_DAN008,Awareness,Display,Bahrain AR,Bahrain,12580,53,0.42%,3.23,3895,81.25,1.53,6.46,,,,,,,,90.12%
1-Jun-26,DanubeH_Dubai&Sharjah__HTML_AW_Open_EN_EidSuperSale_PROS_22May26_DAN008,Awareness,HTML Hero Products,Dubai,United Arab Emirates,6185,156,2.52%,5.02,1232,42.68,0.27,6.9,,,,,,,,90.05%
1-Jun-26,DanubeH_Abu Dhabi & Al Ain_HTML_AW_Open_AR_EidSuperSale_PROS_23May26_DAN008,Awareness,HTML Hero Products,Abu Dhabi,United Arab Emirates,14743,203,1.38%,2.27,6495,101.73,0.50,6.9,,,,,,,,90.60%
1-Jun-26,DanubeH_ROU_HTML_AW_Open_AR_EidSuperSale_PROS_23May26_DAN008,Awareness,HTML Hero Products,Rest Of United Arab Emirates,United Arab Emirates,9521,105,1.10%,3.82,2492,65.69,0.63,6.9,,,,,,,,90.76%
1-Jun-26,DanubeH_Muscat_HTML_AW_Open_AR_GreatEidSale_PROS_23May26_DAN008,Awareness,HTML Hero Products,Muscat,Oman,30441,301,0.99%,3.52,8648,191.78,0.64,6.3,,,,,,,,90.16%
1-Jun-26,DanubeH_ROO_HTML_AW_Open_AR_GreatEidSale_PROS_23May26_DAN008,Awareness,HTML Hero Products,Rest Of Oman,Oman,6428,49,0.76%,3.65,1761,40.50,0.83,6.3,,,,,,,,90.62%
1-Jun-26,DanubeH_BH_HTML_AW_Open_EN_GreatEidSale_PROS_22May26_DAN008,Awareness,HTML Hero Products,Bahrain EN,Bahrain,2816,36,1.28%,2.36,1193,17.74,0.49,6.3,,,,,,,,91.05%
1-Jun-26,DanubeH_BH_HTML_AW_Open_AR_GreatEidSale_PROS_23May26_DAN008,Awareness,HTML Hero Products,Bahrain AR,Bahrain,13679,97,0.71%,3.23,4235,96.18,0.99,7.03,,,,,,,,89.58%
1-Jun-26,DanubeH_Dubai&Sharjah__HTML_AW_Open_EN_EidSuperSale_PROS_22May26_DAN008,Awareness,HTML Carousel Products,Dubai,United Arab Emirates,6963,121,1.74%,5.02,1387,48.04,0.40,6.9,,,,,,,,89.59%
1-Jun-26,DanubeH_Abu Dhabi & Al Ain_HTML_AW_Open_AR_EidSuperSale_PROS_23May26_DAN008,Awareness,HTML Carousel Products,Abu Dhabi,United Arab Emirates,16597,158,0.95%,2.27,7311,114.52,0.72,6.9,,,,,,,,90.10%
1-Jun-26,DanubeH_ROU_HTML_AW_Open_AR_EidSuperSale_PROS_23May26_DAN008,Awareness,HTML Carousel Products,Rest Of United Arab Emirates,United Arab Emirates,10719,82,0.76%,3.82,2806,73.96,0.90,6.9,,,,,,,,90.36%
1-Jun-26,DanubeH_Muscat_HTML_AW_Open_AR_GreatEidSale_PROS_23May26_DAN008,Awareness,HTML Carousel Products,Muscat,Oman,34269,234,0.68%,3.52,9736,215.89,0.92,6.3,,,,,,,,91.13%
1-Jun-26,DanubeH_ROO_HTML_AW_Open_AR_GreatEidSale_PROS_23May26_DAN008,Awareness,HTML Carousel Products,Rest Of Oman,Oman,7237,38,0.53%,3.65,1983,45.59,1.20,6.3,,,,,,,,90.28%
1-Jun-26,DanubeH_BH_HTML_AW_Open_EN_GreatEidSale_PROS_22May26_DAN008,Awareness,HTML Carousel Products,Bahrain EN,Bahrain,3170,28,0.88%,2.36,1343,19.97,0.71,6.3,,,,,,,,89.27%
1-Jun-26,DanubeH_BH_HTML_AW_Open_AR_GreatEidSale_PROS_23May26_DAN008,Awareness,HTML Carousel Products,Bahrain AR,Bahrain,15398,76,0.49%,3.23,4767,97.01,1.28,6.3,,,,,,,,90.61%
1-Jun-26,DanubeH_Dubai&Sharjah__HTML_AW_Open_EN_EidSuperSale_PROS_22May26_DAN008,Awareness,HTML Product Wheel,Dubai,United Arab Emirates,2760,51,1.85%,5.02,550,19.04,0.37,6.9,,,,,,,,90.96%
1-Jun-26,DanubeH_Abu Dhabi & Al Ain_HTML_AW_Open_AR_EidSuperSale_PROS_23May26_DAN008,Awareness,HTML Product Wheel,Abu Dhabi,United Arab Emirates,6579,66,1.00%,2.27,2898,45.40,0.69,6.9,,,,,,,,89.83%
1-Jun-26,DanubeH_ROU_HTML_AW_Open_AR_EidSuperSale_PROS_23May26_DAN008,Awareness,HTML Product Wheel,Rest Of United Arab Emirates,United Arab Emirates,4249,34,0.80%,3.82,1112,29.32,0.86,6.9,,,,,,,,89.64%
1-Jun-26,DanubeH_Muscat_HTML_AW_Open_AR_GreatEidSale_PROS_23May26_DAN008,Awareness,HTML Product Wheel,Muscat,Oman,13585,98,0.72%,3.52,3859,85.59,0.87,6.3,,,,,,,,90.51%
1-Jun-26,DanubeH_ROO_HTML_AW_Open_AR_GreatEidSale_PROS_23May26_DAN008,Awareness,HTML Product Wheel,Rest Of Oman,Oman,2869,16,0.56%,3.65,786,18.07,1.13,6.3,,,,,,,,89.32%
1-Jun-26,DanubeH_BH_HTML_AW_Open_EN_GreatEidSale_PROS_22May26_DAN008,Awareness,HTML Product Wheel,Bahrain EN,Bahrain,1257,12,0.95%,2.36,533,7.92,0.66,6.3,,,,,,,,90.64%
1-Jun-26,DanubeH_BH_HTML_AW_Open_AR_GreatEidSale_PROS_23May26_DAN008,Awareness,HTML Product Wheel,Bahrain AR,Bahrain,6104,31,0.51%,3.23,1890,38.46,1.24,6.3,,,,,,,,91.23%
27-May-26,DanubeH_Dubai&Sharjah_SA_RTG_Open_EN_EidSuperSale_PF_27May26_DAN008,Shopping Ads,Product Feed 300x250,Dubai,United Arab Emirates,751,5,0.67%,,,4.93,0.99,6.56,,,,4.93,1,69,14.00,91.28%
27-May-26,DanubeH_Dubai&Sharjah_SA_RTG_Open_EN_EidSuperSale_PF_27May26_DAN008,Shopping Ads,Product Feed 320x50,Dubai,United Arab Emirates,936,25,2.67%,,,5.18,1.04,5.53,,,,5.18,1,233,44.98,91.51%
27-May-26,DanubeH_Dubai&Sharjah_SA_RTG_Open_EN_EidSuperSale_PF_27May26_DAN008,Shopping Ads,Product Feed 728x90,Dubai,United Arab Emirates,144,0,0.00%,,,0.62,0.12,4.31,,,,0.00,0,0,0.00,90.34%
27-May-26,DanubeH_Dubai&Sharjah_SA_RTG_Open_EN_EidSuperSale_PF_27May26_DAN008,Shopping Ads,Product Feed 970x250,Dubai,United Arab Emirates,116,0,0.00%,,,0.86,0.17,7.41,,,,0.00,0,0,0.00,90.82%
27-May-26,DanubeH_Dubai&Sharjah_SA_RTG_Open_EN_EidSuperSale_PF_27May26_DAN008,Shopping Ads,Product Feed 160x600,Dubai,United Arab Emirates,75,0,0.00%,,,2.16,0.43,28.8,,,,0.00,0,0,0.00,89.88%
27-May-26,DanubeH_Dubai&Sharjah_SA_RTG_Open_EN_EidSuperSale_PF_27May26_DAN008,Shopping Ads,Product Feed 300x600,Dubai,United Arab Emirates,243,0,0.00%,,,3.92,0.78,16.13,,,,1.96,2,99,25.26,90.16%
28-May-26,DanubeH_Dubai&Sharjah_SA_RTG_Open_EN_EidSuperSale_PF_27May26_DAN008,Shopping Ads,Product Feed 300x250,Dubai,United Arab Emirates,4812,15,0.31%,,,76.14,15.23,15.82,,,,38.07,2,1093,14.36,90.45%
28-May-26,DanubeH_Dubai&Sharjah_SA_RTG_Open_EN_EidSuperSale_PF_27May26_DAN008,Shopping Ads,Product Feed 320x50,Dubai,United Arab Emirates,4064,40,0.98%,,,56.62,11.32,13.93,,,,56.62,1,525,9.27,90.72%
28-May-26,DanubeH_Dubai&Sharjah_SA_RTG_Open_EN_EidSuperSale_PF_27May26_DAN008,Shopping Ads,Product Feed 728x90,Dubai,United Arab Emirates,663,5,0.75%,,,4.88,0.98,7.36,,,,2.44,2,1345,275.61,90.16%
28-May-26,DanubeH_Dubai&Sharjah_SA_RTG_Open_EN_EidSuperSale_PF_27May26_DAN008,Shopping Ads,Product Feed 970x250,Dubai,United Arab Emirates,839,0,0.00%,,,18.72,3.74,22.31,,,,18.72,1,542,28.95,89.77%
28-May-26,DanubeH_Dubai&Sharjah_SA_RTG_Open_EN_EidSuperSale_PF_27May26_DAN008,Shopping Ads,Product Feed 160x600,Dubai,United Arab Emirates,338,0,0.00%,,,9.80,1.96,28.99,,,,0.00,0,0,0.00,90.33%
28-May-26,DanubeH_Dubai&Sharjah_SA_RTG_Open_EN_EidSuperSale_PF_27May26_DAN008,Shopping Ads,Product Feed 300x600,Dubai,United Arab Emirates,1914,35,1.83%,,,78.84,15.77,41.19,,,,0.00,0,0,0.00,89.17%
29-May-26,DanubeH_Dubai&Sharjah_SA_RTG_Open_EN_EidSuperSale_PF_27May26_DAN008,Shopping Ads,Product Feed 300x250,Dubai,United Arab Emirates,11599,96,0.83%,,,97.88,19.58,8.44,,,,0.00,0,0,0.00,91.04%
29-May-26,DanubeH_Dubai&Sharjah_SA_RTG_Open_EN_EidSuperSale_PF_27May26_DAN008,Shopping Ads,Product Feed 320x50,Dubai,United Arab Emirates,17078,156,0.91%,,,70.86,14.17,4.15,,,,23.62,3,1800,25.40,91.66%
29-May-26,DanubeH_Dubai&Sharjah_SA_RTG_Open_EN_EidSuperSale_PF_27May26_DAN008,Shopping Ads,Product Feed 728x90,Dubai,United Arab Emirates,3834,0,0.00%,,,7.94,1.59,2.07,,,,3.97,2,1577,198.61,89.76%
29-May-26,DanubeH_Dubai&Sharjah_SA_RTG_Open_EN_EidSuperSale_PF_27May26_DAN008,Shopping Ads,Product Feed 970x250,Dubai,United Arab Emirates,2497,5,0.20%,,,32.03,6.41,12.83,,,,16.02,2,86,2.68,90.33%
29-May-26,DanubeH_Dubai&Sharjah_SA_RTG_Open_EN_EidSuperSale_PF_27May26_DAN008,Shopping Ads,Product Feed 160x600,Dubai,United Arab Emirates,1425,65,4.56%,,,10.43,2.09,7.32,,,,0.00,0,0,0.00,90.33%
29-May-26,DanubeH_Dubai&Sharjah_SA_RTG_Open_EN_EidSuperSale_PF_27May26_DAN008,Shopping Ads,Product Feed 300x600,Dubai,United Arab Emirates,4278,35,0.82%,,,94.32,18.86,22.05,,,,94.32,1,549,5.82,89.73%
29-May-26,DanubeH_Dubai&Sharjah_SA_RTG_Open_EN_EidSuperSale_PF_27May26_DAN008,Shopping Ads,Product Feed 336x280,Dubai,United Arab Emirates,2039,0,0.00%,,,1.14,0.23,0.56,,,,0.00,0,0,0.00,89.15%
30-May-26,DanubeH_Dubai&Sharjah_SA_RTG_Open_EN_EidSuperSale_PF_27May26_DAN008,Shopping Ads,Product Feed 300x250,Dubai,United Arab Emirates,13672,121,0.89%,,,121.16,24.23,8.86,,,,121.16,1,260,2.15,91.65%
30-May-26,DanubeH_Dubai&Sharjah_SA_RTG_Open_EN_EidSuperSale_PF_27May26_DAN008,Shopping Ads,Product Feed 320x50,Dubai,United Arab Emirates,16267,101,0.62%,,,79.38,15.88,4.88,,,,0.00,0,0,0.00,91.65%
30-May-26,DanubeH_Dubai&Sharjah_SA_RTG_Open_EN_EidSuperSale_PF_27May26_DAN008,Shopping Ads,Product Feed 728x90,Dubai,United Arab Emirates,2700,10,0.37%,,,9.24,1.85,3.42,,,,0.00,0,0,0.00,91.01%
30-May-26,DanubeH_Dubai&Sharjah_SA_RTG_Open_EN_EidSuperSale_PF_27May26_DAN008,Shopping Ads,Product Feed 970x250,Dubai,United Arab Emirates,2333,15,0.64%,,,30.04,6.01,12.88,,,,30.04,1,549,18.28,89.98%
30-May-26,DanubeH_Dubai&Sharjah_SA_RTG_Open_EN_EidSuperSale_PF_27May26_DAN008,Shopping Ads,Product Feed 160x600,Dubai,United Arab Emirates,2155,15,0.70%,,,28.97,5.79,13.44,,,,0.00,0,0,0.00,89.01%
30-May-26,DanubeH_Dubai&Sharjah_SA_RTG_Open_EN_EidSuperSale_PF_27May26_DAN008,Shopping Ads,Product Feed 300x600,Dubai,United Arab Emirates,4408,55,1.25%,,,61.98,12.40,14.06,,,,61.98,1,718,11.58,90.61%
30-May-26,DanubeH_Dubai&Sharjah_SA_RTG_Open_EN_EidSuperSale_PF_27May26_DAN008,Shopping Ads,Product Feed 336x280,Dubai,United Arab Emirates,2583,0,0.00%,,,1.56,0.31,0.6,,,,0.00,0,0,0.00,89.08%
31-May-26,DanubeH_Dubai&Sharjah_SA_RTG_Open_EN_EidSuperSale_PF_27May26_DAN008,Shopping Ads,Product Feed 300x250,Dubai,United Arab Emirates,13076,81,0.62%,,,125.54,25.11,9.6,,,,125.54,1,714,5.69,90.16%
31-May-26,DanubeH_Dubai&Sharjah_SA_RTG_Open_EN_EidSuperSale_PF_27May26_DAN008,Shopping Ads,Product Feed 320x50,Dubai,United Arab Emirates,13627,55,0.40%,,,54.14,10.83,3.97,,,,27.07,2,579,10.69,91.13%
31-May-26,DanubeH_Dubai&Sharjah_SA_RTG_Open_EN_EidSuperSale_PF_27May26_DAN008,Shopping Ads,Product Feed 728x90,Dubai,United Arab Emirates,2590,0,0.00%,,,7.29,1.46,2.81,,,,0.00,0,0,0.00,91.27%
31-May-26,DanubeH_Dubai&Sharjah_SA_RTG_Open_EN_EidSuperSale_PF_27May26_DAN008,Shopping Ads,Product Feed 970x250,Dubai,United Arab Emirates,1353,20,1.48%,,,18.67,3.73,13.8,,,,0.00,0,0,0.00,90.39%
31-May-26,DanubeH_Dubai&Sharjah_SA_RTG_Open_EN_EidSuperSale_PF_27May26_DAN008,Shopping Ads,Product Feed 160x600,Dubai,United Arab Emirates,1486,5,0.34%,,,12.69,2.54,8.54,,,,0.00,0,0,0.00,91.19%
31-May-26,DanubeH_Dubai&Sharjah_SA_RTG_Open_EN_EidSuperSale_PF_27May26_DAN008,Shopping Ads,Product Feed 300x600,Dubai,United Arab Emirates,3445,35,1.02%,,,48.15,9.63,13.98,,,,24.08,2,597,12.40,89.09%
31-May-26,DanubeH_Dubai&Sharjah_SA_RTG_Open_EN_EidSuperSale_PF_27May26_DAN008,Shopping Ads,Product Feed 336x280,Dubai,United Arab Emirates,2862,10,0.35%,,,1.71,0.34,0.6,,,,0.00,0,0,0.00,89.45%
1-Jun-26,DanubeH_Dubai&Sharjah_SA_RTG_Open_EN_EidSuperSale_PF_27May26_DAN008,Shopping Ads,Product Feed 300x250,Dubai,United Arab Emirates,4524,5,0.11%,,,3.80,0.76,0.84,,,,1.90,2,409,107.63,91.09%
1-Jun-26,DanubeH_Dubai&Sharjah_SA_RTG_Open_EN_EidSuperSale_PF_27May26_DAN008,Shopping Ads,Product Feed 320x50,Dubai,United Arab Emirates,9403,40,0.43%,,,12.85,2.57,1.37,,,,6.43,2,640,49.81,89.39%
1-Jun-26,DanubeH_Dubai&Sharjah_SA_RTG_Open_EN_EidSuperSale_PF_27May26_DAN008,Shopping Ads,Product Feed 728x90,Dubai,United Arab Emirates,2255,0,0.00%,,,1.82,0.36,0.81,,,,1.82,1,184,101.10,91.79%
1-Jun-26,DanubeH_Dubai&Sharjah_SA_RTG_Open_EN_EidSuperSale_PF_27May26_DAN008,Shopping Ads,Product Feed 970x250,Dubai,United Arab Emirates,937,0,0.00%,,,1.11,0.22,1.18,,,,0.00,0,0,0.00,91.05%
1-Jun-26,DanubeH_Dubai&Sharjah_SA_RTG_Open_EN_EidSuperSale_PF_27May26_DAN008,Shopping Ads,Product Feed 160x600,Dubai,United Arab Emirates,2283,0,0.00%,,,1.37,0.27,0.6,,,,0.00,0,0,0.00,89.95%
1-Jun-26,DanubeH_Dubai&Sharjah_SA_RTG_Open_EN_EidSuperSale_PF_27May26_DAN008,Shopping Ads,Product Feed 300x600,Dubai,United Arab Emirates,2260,10,0.44%,,,1.92,0.38,0.85,,,,1.92,1,848,441.67,90.14%
1-Jun-26,DanubeH_Dubai&Sharjah_SA_RTG_Open_EN_EidSuperSale_PF_27May26_DAN008,Shopping Ads,Product Feed 336x280,Dubai,United Arab Emirates,2836,25,0.88%,,,1.67,0.33,0.59,,,,0.00,0,0,0.00,89.68%